medicament_id,numero_lot,quantite_en_stock,date_fabrication,date_expiration,emplacement,dernier_reapprovisionnement
1,2401-J741,200,2024-01-09,2027-04-09,A6,2024-04-03
1,2405-V109,24,2024-05-09,2027-05-09,Rayon5,2025-06-18
1,2409-L068,27,2024-09-09,2027-07-09,B13,2025-11-27
2,2501-J593,13,2025-01-09,2027-06-09,B14,2026-03-30
2,2510-K769,154,2025-10-09,2028-01-09,B3,2026-06-11
3,2410-W485,101,2024-10-09,2028-01-09,A11,2026-04-24
3,2502-E822,40,2025-02-09,2028-03-09,Rayon4,2025-06-15
3,2507-C046,191,2025-07-09,2028-05-09,D2,2026-03-20
4,2309-F998,189,2023-09-09,2026-03-09,A8,2025-11-27
4,2409-G193,155,2024-09-09,2027-11-09,D7,2026-02-11
5,2406-J640,186,2024-06-09,2027-12-09,A2,2026-04-23
5,2412-C990,92,2024-12-09,2028-06-09,C2,2026-02-20
6,2312-T615,144,2023-12-09,2026-05-09,Rayon6,2024-07-31
6,2409-T592,92,2024-09-09,2027-06-09,A14,2025-04-18
7,2405-M772,147,2024-05-09,2027-05-09,D5,2024-08-20
7,2502-X533,129,2025-02-09,2028-06-09,Rayon1,2026-06-13
7,2602-T999,33,2026-02-09,2029-06-09,D13,2026-06-24
8,2406-X879,50,2024-06-09,2027-02-09,D10,2025-05-13
8,2502-C745,15,2025-02-09,2028-04-09,B19,2026-03-20
9,2409-L750,33,2024-09-09,2027-03-09,C2,2025-04-09
9,2502-T956,186,2025-02-09,2027-09-09,C6,2025-08-14
9,2512-T536,167,2025-12-09,2029-04-09,C6,2026-06-13
10,2403-X787,184,2024-03-09,2026-07-09,A12,2026-04-01
10,2410-R654,94,2024-10-09,2027-02-09,B7,2024-10-15
10,2506-N232,14,2025-06-09,2028-11-09,B13,2025-08-14
11,2401-K185,194,2024-01-09,2027-04-09,Rayon4,2025-09-13
11,2410-L171,64,2024-10-09,2027-08-09,D20,2025-01-06
12,2406-G349,41,2024-06-09,2026-07-09,Rayon6,2025-11-24
12,2501-M558,23,2025-01-09,2028-03-09,B3,2026-01-03
12,2507-N307,144,2025-07-09,2028-07-09,D9,2026-06-11
13,2406-K442,197,2024-06-09,2026-09-09,A11,2024-07-11
13,2504-B129,21,2025-04-09,2028-06-09,A7,2025-04-16
13,2511-L091,156,2025-11-09,2029-05-09,C5,2026-04-17
14,2406-T597,10,2024-06-09,2026-10-09,C14,2026-01-14
14,2412-C218,45,2024-12-09,2027-08-09,A2,2025-12-24
14,2511-D216,27,2025-11-09,2029-02-09,D15,2025-12-31
15,2312-T562,123,2023-12-09,2026-11-09,Rayon7,2025-04-22
15,2411-T901,95,2024-11-09,2027-12-09,Rayon2,2026-03-25
15,2507-C387,182,2025-07-09,2028-02-09,A15,2025-07-29
16,2404-B930,172,2024-04-09,2027-03-09,D14,2024-05-15
16,2408-X047,99,2024-08-09,2027-09-09,C5,2026-04-24
16,2502-F831,25,2025-02-09,2028-01-09,C16,2025-04-03
17,2401-G337,38,2024-01-09,2026-09-09,B17,2025-07-15
17,2409-W210,126,2024-09-09,2027-07-09,D16,2024-10-30
17,2503-D257,93,2025-03-09,2028-01-09,B12,2026-04-10
18,2405-B810,168,2024-05-09,2026-09-09,A8,2026-04-08
18,2505-X927,155,2025-05-09,2027-10-09,B9,2025-06-13
18,2603-G591,33,2026-03-09,2028-08-09,A4,2026-04-21
19,2404-C918,17,2024-04-09,2027-08-09,B17,2024-12-18
19,2502-C613,110,2025-02-09,2027-10-09,Rayon7,2025-04-29
20,2312-V777,104,2023-12-09,2026-04-09,C6,2025-01-20
20,2408-T809,185,2024-08-09,2026-09-09,B6,2025-08-16
21,2407-D295,69,2024-07-09,2027-09-09,B20,2025-11-06
21,2411-N862,63,2024-11-09,2028-02-09,Rayon6,2025-12-08
22,2406-F559,145,2024-06-09,2027-06-09,Rayon6,2026-02-07
22,2502-H544,21,2025-02-09,2027-10-09,A12,2025-05-19
22,2509-A519,176,2025-09-09,2027-11-09,Rayon5,2026-05-13
23,2403-D715,93,2024-03-09,2027-02-09,A7,2024-08-21
23,2409-M909,113,2024-09-09,2027-07-09,A12,2025-01-05
24,2410-H226,197,2024-10-09,2026-10-09,B1,2025-12-28
24,2506-B829,26,2025-06-09,2028-09-09,A7,2025-12-31
24,2605-J522,173,2026-05-09,2028-10-09,A1,2026-06-26
25,2407-P147,64,2024-07-09,2027-05-09,C17,2026-04-02
25,2507-G729,9,2025-07-09,2028-02-09,B19,2026-04-25
26,2409-Z307,101,2024-09-09,2028-01-09,Rayon1,2025-01-25
26,2507-G202,29,2025-07-09,2028-07-09,A9,2025-09-08
27,2405-V050,51,2024-05-09,2026-11-09,A3,2026-06-10
27,2504-Y392,30,2025-04-09,2027-12-09,B13,2025-12-25
28,2409-Y741,22,2024-09-09,2028-02-09,Rayon8,2025-12-14
28,2508-Y058,86,2025-08-09,2028-08-09,C20,2025-10-15
29,2407-R605,157,2024-07-09,2027-09-09,D7,2026-01-30
29,2503-K580,49,2025-03-09,2027-11-09,B3,2026-05-26
29,2512-Z735,131,2025-12-09,2029-04-09,A14,2025-12-23
30,2311-R228,147,2023-11-09,2025-12-09,C2,2026-02-09
30,2403-J185,139,2024-03-09,2027-02-09,C19,2024-12-08
31,2409-P274,14,2024-09-09,2027-07-09,B15,2026-01-28
31,2507-C270,63,2025-07-09,2027-09-09,C10,2026-04-29
32,2401-F001,141,2024-01-09,2026-10-09,D12,2024-05-07
32,2411-T178,170,2024-11-09,2027-09-09,A9,2025-11-07
32,2504-P436,106,2025-04-09,2028-04-09,D12,2025-06-28
33,2312-Y664,125,2023-12-09,2026-10-09,C13,2024-06-29
33,2407-V655,166,2024-07-09,2027-02-09,A3,2024-07-28
34,2312-D347,28,2023-12-09,2027-05-09,B8,2025-03-28
34,2407-J899,183,2024-07-09,2027-11-09,B14,2025-02-11
35,2412-M071,54,2024-12-09,2028-05-09,D7,2025-09-16
35,2508-D686,41,2025-08-09,2028-11-09,B16,2026-04-26
36,2402-B947,146,2024-02-09,2026-05-09,D9,2024-06-13
36,2409-X947,177,2024-09-09,2027-01-09,D2,2026-03-03
36,2509-N329,138,2025-09-09,2028-05-09,D10,2025-12-13
37,2312-V151,71,2023-12-09,2027-02-09,Rayon5,2025-10-27
37,2410-C830,127,2024-10-09,2028-01-09,A4,2025-03-25
38,2403-F829,96,2024-03-09,2026-09-09,C10,2026-03-27
38,2501-N657,149,2025-01-09,2027-05-09,Rayon6,2025-07-29
38,2507-K389,62,2025-07-09,2027-08-09,C8,2025-07-21
39,2405-E961,36,2024-05-09,2027-10-09,C10,2025-08-24
39,2410-J936,134,2024-10-09,2028-02-09,D19,2025-12-22
40,2406-K825,33,2024-06-09,2027-07-09,B13,2026-01-22
40,2505-F361,162,2025-05-09,2027-10-09,D11,2025-10-04
41,2412-B116,110,2024-12-09,2028-03-09,C3,2025-06-29
41,2504-E649,117,2025-04-09,2028-06-09,A16,2026-04-07
41,2604-X038,11,2026-04-09,2029-03-09,Rayon9,2026-04-14
42,2410-N752,65,2024-10-09,2027-09-09,D10,2025-03-26
42,2509-Y075,30,2025-09-09,2028-05-09,C11,2026-02-14
42,2605-N341,112,2026-05-09,2029-10-09,A4,2026-05-21
43,2407-J573,152,2024-07-09,2027-07-09,Rayon8,2024-09-19
43,2503-Y149,162,2025-03-09,2027-10-09,A13,2025-07-17
43,2512-F801,16,2025-12-09,2028-11-09,A12,2026-05-10
44,2404-L829,81,2024-04-09,2026-11-09,B3,2024-07-13
44,2501-T545,176,2025-01-09,2027-04-09,C8,2025-07-20
45,2401-Z255,145,2024-01-09,2026-05-09,A3,2026-06-30
45,2405-M243,159,2024-05-09,2027-06-09,Rayon6,2025-06-09
45,2502-F909,145,2025-02-09,2027-08-09,C8,2025-05-28
46,2405-X173,151,2024-05-09,2027-11-09,D13,2024-07-01
46,2412-M732,58,2024-12-09,2028-05-09,C6,2025-09-03
47,2403-J228,30,2024-03-09,2027-08-09,Rayon1,2025-03-31
47,2412-K094,73,2024-12-09,2028-02-09,A10,2025-01-09
47,2507-J149,53,2025-07-09,2028-12-09,A20,2026-06-11
48,2402-W702,82,2024-02-09,2026-06-09,D13,2025-10-20
48,2407-K458,8,2024-07-09,2027-01-09,D13,2025-12-09
48,2411-H992,135,2024-11-09,2027-05-09,Rayon8,2026-06-13
49,2412-H669,62,2024-12-09,2027-05-09,B20,2025-01-13
49,2507-Y191,82,2025-07-09,2028-04-09,Rayon2,2026-06-20
50,2410-F276,92,2024-10-09,2028-04-09,C14,2025-08-18
50,2510-Z115,151,2025-10-09,2029-04-09,C4,2026-05-29
50,2605-R436,86,2026-05-09,2029-11-09,B3,2026-06-05
51,2312-R209,39,2023-12-09,2026-04-09,C6,2025-07-16
51,2404-R460,115,2024-04-09,2026-11-09,Rayon8,2024-04-17
52,2405-X939,181,2024-05-09,2027-10-09,A6,2024-05-22
52,2409-H987,78,2024-09-09,2028-03-09,C10,2025-06-21
52,2504-C723,64,2025-04-09,2028-05-09,B19,2025-11-27
53,2408-T370,137,2024-08-09,2027-11-09,B9,2026-02-03
53,2508-T263,174,2025-08-09,2028-04-09,B7,2026-07-02
53,2606-N159,175,2026-06-09,2028-09-09,D18,2026-06-29
54,2408-G800,78,2024-08-09,2026-08-09,A19,2025-06-11
54,2504-G920,108,2025-04-09,2027-09-09,D18,2026-03-28
55,2312-A273,125,2023-12-09,2027-01-09,A2,2024-12-25
55,2404-F376,73,2024-04-09,2027-07-09,D9,2026-06-22
56,2412-L466,110,2024-12-09,2026-12-09,Rayon4,2026-04-25
56,2506-G716,49,2025-06-09,2028-12-09,A16,2026-03-26
57,2401-T854,14,2024-01-09,2026-01-09,Rayon8,2024-06-23
57,2409-H342,141,2024-09-09,2028-01-09,Rayon9,2026-01-30
58,2411-G819,41,2024-11-09,2027-04-09,B11,2025-02-01
58,2510-F989,101,2025-10-09,2028-11-09,C3,2025-12-21
59,2407-X312,51,2024-07-09,2027-06-09,B19,2025-10-10
59,2504-P552,114,2025-04-09,2028-03-09,Rayon4,2026-07-06
60,2311-J806,169,2023-11-09,2027-05-09,B20,2024-07-27
60,2408-P013,109,2024-08-09,2027-11-09,Rayon4,2026-04-09
60,2505-G191,94,2025-05-09,2028-02-09,B1,2026-02-17
61,2406-K340,198,2024-06-09,2027-11-09,C16,2025-05-06
61,2505-W893,56,2025-05-09,2028-07-09,Rayon1,2025-12-14
62,2402-N850,71,2024-02-09,2027-05-09,B15,2024-09-13
62,2410-F058,145,2024-10-09,2027-11-09,A5,2025-08-11
63,2402-B164,80,2024-02-09,2027-05-09,A6,2026-03-24
63,2407-C475,98,2024-07-09,2027-10-09,D4,2025-11-01
64,2412-J061,39,2024-12-09,2028-03-09,D2,2026-05-08
64,2512-F039,122,2025-12-09,2028-08-09,D1,2026-01-08
65,2501-F497,23,2025-01-09,2028-06-09,A19,2025-03-03
65,2601-H465,17,2026-01-09,2028-11-09,B15,2026-03-08
65,2606-V038,190,2026-06-09,2029-03-09,D15,2026-06-20
66,2501-N672,76,2025-01-09,2027-03-09,A11,2026-01-21
66,2507-Z527,83,2025-07-09,2027-11-09,A3,2025-10-21
66,2511-P979,93,2025-11-09,2028-02-09,D7,2026-05-29
67,2501-D787,97,2025-01-09,2027-08-09,A12,2025-11-18
67,2511-A435,187,2025-11-09,2028-12-09,B10,2026-05-22
68,2410-M452,58,2024-10-09,2027-01-09,C19,2026-03-25
68,2506-F821,17,2025-06-09,2028-06-09,C16,2025-10-14
68,2606-P061,129,2026-06-09,2029-06-09,B4,2026-07-03
69,2311-G478,135,2023-11-09,2026-08-09,C14,2025-02-26
69,2411-X680,35,2024-11-09,2027-07-09,B14,2025-09-10
70,2408-N531,185,2024-08-09,2027-09-09,A20,2025-08-22
70,2502-N067,8,2025-02-09,2028-01-09,Rayon7,2026-04-05
71,2401-A551,175,2024-01-09,2026-09-09,B12,2024-07-04
71,2410-K137,87,2024-10-09,2026-10-09,C12,2025-08-21
72,2412-A750,71,2024-12-09,2027-10-09,D4,2025-03-12
72,2508-F006,6,2025-08-09,2028-11-09,Rayon3,2025-12-14
72,2602-Y524,24,2026-02-09,2029-03-09,A2,2026-05-17
73,2311-C532,192,2023-11-09,2027-02-09,C14,2024-05-15
73,2406-N685,9,2024-06-09,2027-07-09,C5,2025-11-17
73,2505-Z197,195,2025-05-09,2028-11-09,B18,2025-08-12
74,2403-R637,22,2024-03-09,2027-09-09,A13,2025-10-04
74,2409-J034,33,2024-09-09,2027-11-09,Rayon8,2025-11-21
74,2508-B585,78,2025-08-09,2028-05-09,C17,2025-08-10
75,2405-H984,66,2024-05-09,2026-07-09,A7,2024-05-13
75,2410-D574,161,2024-10-09,2026-12-09,B5,2025-01-01
76,2403-E919,58,2024-03-09,2027-04-09,D18,2025-02-25
76,2503-N126,72,2025-03-09,2027-06-09,C13,2026-02-07
77,2409-R589,70,2024-09-09,2027-03-09,B20,2026-01-17
77,2502-Z662,4,2025-02-09,2027-05-09,C19,2026-01-19
77,2508-B442,182,2025-08-09,2028-09-09,C9,2026-04-20
78,2408-L287,169,2024-08-09,2027-02-09,A10,2025-05-26
78,2503-L826,64,2025-03-09,2028-05-09,Rayon8,2026-01-11
79,2412-C775,68,2024-12-09,2028-06-09,A4,2025-12-08
79,2506-E869,128,2025-06-09,2028-07-09,A2,2025-12-19
80,2406-Z756,69,2024-06-09,2027-08-09,D4,2025-05-03
80,2501-T874,188,2025-01-09,2028-03-09,D14,2025-03-25
80,2510-Z106,176,2025-10-09,2028-09-09,C13,2025-12-17
81,2412-Z620,54,2024-12-09,2027-06-09,A17,2025-03-10
81,2511-E672,19,2025-11-09,2028-10-09,Rayon8,2026-01-28
82,2312-C206,81,2023-12-09,2026-03-09,B6,2026-03-06
82,2404-A075,6,2024-04-09,2026-10-09,Rayon9,2024-04-17
82,2502-G520,158,2025-02-09,2028-06-09,A16,2025-10-16
83,2312-F432,125,2023-12-09,2026-04-09,Rayon6,2025-05-14
83,2410-Y351,45,2024-10-09,2027-04-09,D7,2025-02-13
84,2409-F770,140,2024-09-09,2027-01-09,A17,2026-06-22
84,2501-N131,114,2025-01-09,2027-02-09,A18,2025-08-04
85,2402-K466,106,2024-02-09,2026-12-09,Rayon9,2024-10-10
85,2407-Y107,20,2024-07-09,2027-10-09,C1,2025-10-24
86,2410-H526,148,2024-10-09,2027-02-09,A9,2025-10-02
86,2505-P754,92,2025-05-09,2028-01-09,A10,2026-04-03
87,2407-N797,196,2024-07-09,2027-02-09,D13,2024-08-04
87,2504-M168,186,2025-04-09,2027-05-09,B18,2025-10-14
88,2402-Z807,190,2024-02-09,2027-06-09,B11,2025-09-21
88,2502-V060,125,2025-02-09,2027-12-09,C5,2026-01-10
88,2510-F011,75,2025-10-09,2029-04-09,C17,2025-12-06
89,2409-A860,25,2024-09-09,2028-02-09,A2,2025-11-28
89,2502-K208,34,2025-02-09,2028-07-09,C20,2025-12-31
90,2311-C756,82,2023-11-09,2026-08-09,A16,2025-01-21
90,2404-V967,137,2024-04-09,2027-08-09,B2,2024-09-09
91,2310-C652,177,2023-10-09,2026-05-09,A12,2026-04-19
91,2407-D612,36,2024-07-09,2027-09-09,B15,2025-07-23
91,2503-G774,116,2025-03-09,2027-12-09,D14,2025-08-22
92,2309-H753,61,2023-09-09,2027-02-09,D4,2024-08-01
92,2406-E469,154,2024-06-09,2027-04-09,Rayon1,2025-02-17
92,2411-C570,60,2024-11-09,2027-08-09,C19,2025-12-24
93,2405-V047,41,2024-05-09,2026-08-09,B18,2025-12-27
93,2501-W953,146,2025-01-09,2028-06-09,D10,2025-03-03
94,2407-A048,97,2024-07-09,2027-10-09,Rayon4,2025-05-24
94,2506-Z024,9,2025-06-09,2028-12-09,A3,2026-03-27
95,2310-G537,17,2023-10-09,2025-10-09,A14,2024-07-10
95,2410-G280,136,2024-10-09,2026-12-09,D18,2026-01-15
96,2312-L926,160,2023-12-09,2027-05-09,B8,2025-11-02
96,2412-T521,71,2024-12-09,2027-11-09,C15,2025-05-30
97,2309-E501,67,2023-09-09,2026-05-09,C7,2024-10-23
97,2404-P011,153,2024-04-09,2027-05-09,C12,2025-06-05
98,2411-E780,132,2024-11-09,2027-08-09,Rayon1,2026-06-08
98,2508-H451,14,2025-08-09,2028-01-09,D10,2026-03-31
98,2512-K390,51,2025-12-09,2029-05-09,D17,2026-01-05
99,2408-L721,61,2024-08-09,2026-08-09,B9,2025-05-29
99,2504-P603,165,2025-04-09,2028-04-09,C5,2025-12-22
100,2407-C961,112,2024-07-09,2027-02-09,Rayon7,2026-07-01
100,2411-P274,57,2024-11-09,2028-04-09,A3,2025-06-11
101,2407-N173,197,2024-07-09,2027-09-09,Rayon4,2025-03-06
101,2501-D034,146,2025-01-09,2028-01-09,D5,2026-01-06
101,2512-R674,136,2025-12-09,2028-04-09,B17,2026-05-08
102,2405-Z784,179,2024-05-09,2026-07-09,D13,2025-07-01
102,2409-P964,172,2024-09-09,2026-09-09,B14,2025-12-17
103,2401-R631,99,2024-01-09,2026-10-09,A20,2024-01-23
103,2410-E182,173,2024-10-09,2027-06-09,B12,2026-01-19
103,2510-X158,13,2025-10-09,2028-08-09,A13,2026-01-23
104,2412-W215,13,2024-12-09,2027-11-09,D10,2026-04-05
104,2506-A669,112,2025-06-09,2028-03-09,B17,2025-12-31
105,2402-D192,55,2024-02-09,2026-08-09,Rayon7,2026-05-31
105,2406-J145,96,2024-06-09,2027-05-09,C9,2025-10-27
106,2405-R169,185,2024-05-09,2026-05-09,D15,2026-05-21
106,2411-K248,101,2024-11-09,2027-03-09,D8,2025-07-15
106,2505-G143,93,2025-05-09,2028-04-09,C12,2026-07-06
107,2410-E864,160,2024-10-09,2028-04-09,D13,2024-11-05
107,2508-J657,125,2025-08-09,2028-07-09,A7,2026-06-27
107,2604-C762,62,2026-04-09,2029-05-09,A15,2026-06-20
108,2412-M582,138,2024-12-09,2027-05-09,C14,2025-07-08
108,2506-F022,137,2025-06-09,2027-12-09,Rayon9,2026-01-28
108,2606-D096,154,2026-06-09,2029-06-09,Rayon3,2026-07-06
109,2309-G572,172,2023-09-09,2026-09-09,B14,2024-09-17
109,2403-W348,130,2024-03-09,2027-04-09,C4,2024-03-20
109,2407-V595,95,2024-07-09,2027-07-09,A17,2025-11-16
110,2311-Z439,48,2023-11-09,2026-01-09,D7,2023-12-06
110,2408-A571,49,2024-08-09,2027-12-09,B3,2024-10-25
111,2403-T836,5,2024-03-09,2027-08-09,A4,2025-10-14
111,2501-X118,86,2025-01-09,2027-12-09,D20,2025-09-24
112,2312-D961,47,2023-12-09,2027-06-09,C18,2024-11-23
112,2412-L136,43,2024-12-09,2027-12-09,Rayon4,2025-06-26
113,2311-B011,184,2023-11-09,2026-07-09,C15,2024-12-09
113,2410-X141,120,2024-10-09,2028-04-09,C13,2026-05-18
113,2504-D009,136,2025-04-09,2028-10-09,C7,2026-03-29
114,2311-G803,119,2023-11-09,2027-04-09,B1,2026-05-27
114,2409-W857,15,2024-09-09,2027-11-09,A10,2024-09-17
115,2411-B294,119,2024-11-09,2027-05-09,B7,2025-12-23
115,2505-M506,128,2025-05-09,2027-06-09,C9,2026-04-27
115,2509-B464,120,2025-09-09,2028-11-09,Rayon1,2025-12-15
116,2410-F594,161,2024-10-09,2026-10-09,B15,2025-06-02
116,2506-W560,170,2025-06-09,2027-08-09,C4,2026-03-24
116,2605-F089,12,2026-05-09,2028-11-09,D18,2026-05-24
117,2405-Z330,157,2024-05-09,2026-09-09,B1,2025-02-21
117,2503-H319,156,2025-03-09,2027-05-09,A19,2025-11-09
117,2510-H219,105,2025-10-09,2029-04-09,A7,2026-06-28
118,2404-R074,14,2024-04-09,2026-08-09,A12,2026-06-24
118,2408-P664,68,2024-08-09,2027-01-09,B16,2025-06-02
119,2408-L956,139,2024-08-09,2026-08-09,Rayon3,2026-04-03
119,2506-Y317,152,2025-06-09,2028-03-09,Rayon6,2025-09-01
120,2406-Z682,137,2024-06-09,2026-08-09,B17,2025-03-24
120,2506-D802,84,2025-06-09,2028-07-09,A9,2025-11-12
121,2311-E880,136,2023-11-09,2025-12-09,A14,2024-05-14
121,2405-A223,77,2024-05-09,2027-08-09,D15,2024-09-18
122,2406-J604,21,2024-06-09,2026-08-09,C10,2026-02-13
122,2504-V654,5,2025-04-09,2028-10-09,A5,2025-06-14
123,2311-A673,151,2023-11-09,2026-09-09,D20,2025-11-26
123,2411-T719,59,2024-11-09,2028-04-09,Rayon2,2025-10-09
123,2511-F570,193,2025-11-09,2028-07-09,Rayon3,2025-12-03
124,2407-B167,89,2024-07-09,2027-09-09,Rayon7,2025-03-03
124,2503-D873,145,2025-03-09,2027-12-09,B10,2025-09-27
125,2408-J908,45,2024-08-09,2026-11-09,Rayon3,2025-01-09
125,2504-L072,77,2025-04-09,2028-03-09,C6,2025-12-10
126,2406-G141,152,2024-06-09,2027-03-09,B8,2024-10-01
126,2410-X787,120,2024-10-09,2027-07-09,Rayon9,2026-03-16
126,2506-J895,114,2025-06-09,2028-01-09,B6,2025-10-26
127,2309-A815,140,2023-09-09,2025-10-09,A17,2024-12-24
127,2405-G344,139,2024-05-09,2027-07-09,D13,2025-12-06
128,2311-W105,26,2023-11-09,2027-02-09,Rayon3,2025-06-06
128,2405-A327,104,2024-05-09,2027-05-09,C3,2026-06-08
128,2502-C099,106,2025-02-09,2027-07-09,B9,2026-01-26
129,2408-D693,67,2024-08-09,2027-08-09,A1,2025-11-27
129,2507-C544,68,2025-07-09,2027-12-09,A13,2026-02-25
129,2601-J786,105,2026-01-09,2028-09-09,D17,2026-07-02
130,2402-W315,112,2024-02-09,2026-10-09,C1,2025-01-03
130,2408-J491,150,2024-08-09,2027-06-09,A10,2026-01-02
130,2508-B707,105,2025-08-09,2028-12-09,A13,2025-12-22
131,2405-Y790,149,2024-05-09,2027-05-09,A4,2024-10-10
131,2504-F003,141,2025-04-09,2027-12-09,B11,2025-06-10
131,2511-J172,167,2025-11-09,2028-12-09,B9,2026-04-07
132,2409-W034,149,2024-09-09,2027-05-09,A4,2025-03-12
132,2501-K921,129,2025-01-09,2028-01-09,C4,2025-12-18
133,2410-Y158,84,2024-10-09,2027-11-09,Rayon3,2026-04-11
133,2504-V092,178,2025-04-09,2028-05-09,A7,2026-05-10
133,2508-W798,95,2025-08-09,2028-09-09,A12,2025-12-24
134,2312-E695,14,2023-12-09,2026-06-09,Rayon6,2024-02-23
134,2407-J709,160,2024-07-09,2027-02-09,A6,2024-12-08
135,2407-F747,150,2024-07-09,2027-04-09,A11,2024-09-01
135,2411-H700,177,2024-11-09,2027-08-09,B8,2026-06-17
136,2402-B769,39,2024-02-09,2026-04-09,A12,2025-06-23
136,2410-H721,131,2024-10-09,2027-03-09,B5,2025-11-17
136,2505-P486,27,2025-05-09,2027-08-09,A2,2025-05-24
137,2403-T248,173,2024-03-09,2026-08-09,B18,2026-06-06
137,2408-J167,57,2024-08-09,2026-10-09,D7,2025-06-01
138,2404-P897,41,2024-04-09,2027-10-09,B7,2026-04-08
138,2504-R176,97,2025-04-09,2028-09-09,Rayon4,2026-03-14
138,2511-F737,160,2025-11-09,2029-03-09,B4,2026-03-20
139,2311-L264,106,2023-11-09,2026-02-09,D20,2026-03-14
139,2407-Y141,121,2024-07-09,2027-10-09,A18,2024-11-20
139,2503-M622,89,2025-03-09,2028-07-09,C10,2025-06-17
140,2409-L482,86,2024-09-09,2027-08-09,C9,2025-02-24
140,2501-A084,50,2025-01-09,2028-06-09,Rayon7,2026-02-04
141,2405-W864,59,2024-05-09,2027-07-09,Rayon9,2025-01-04
141,2503-E934,130,2025-03-09,2028-02-09,B7,2025-03-23
142,2401-J320,188,2024-01-09,2027-07-09,Rayon9,2024-03-04
142,2410-F519,58,2024-10-09,2027-10-09,B9,2025-08-18
142,2507-A242,50,2025-07-09,2028-09-09,C16,2026-06-12
143,2403-F159,70,2024-03-09,2026-10-09,Rayon6,2026-01-15
143,2409-D446,16,2024-09-09,2027-08-09,B17,2025-04-29
144,2407-A322,40,2024-07-09,2027-03-09,D6,2025-04-10
144,2412-V038,41,2024-12-09,2028-04-09,D17,2026-05-11
145,2402-G899,166,2024-02-09,2026-07-09,C7,2025-06-18
145,2410-Z699,18,2024-10-09,2027-04-09,C5,2025-08-24
146,2411-K153,25,2024-11-09,2028-01-09,Rayon6,2025-11-30
146,2508-J325,30,2025-08-09,2028-03-09,A5,2026-04-22
147,2409-V012,153,2024-09-09,2027-08-09,Rayon6,2026-05-17
147,2507-Y254,119,2025-07-09,2028-02-09,A12,2026-06-04
148,2402-A758,57,2024-02-09,2026-04-09,C10,2025-11-01
148,2409-Y654,172,2024-09-09,2026-12-09,B13,2025-11-07
148,2507-N917,182,2025-07-09,2029-01-09,Rayon5,2026-04-28
149,2408-A339,134,2024-08-09,2027-05-09,Rayon6,2025-06-14
149,2507-P242,17,2025-07-09,2027-11-09,B16,2026-03-01
150,2311-N031,133,2023-11-09,2027-05-09,A5,2025-07-04
150,2410-L534,39,2024-10-09,2027-06-09,C12,2026-06-19
151,2404-X555,154,2024-04-09,2026-10-09,C1,2025-01-10
151,2504-T918,14,2025-04-09,2028-05-09,D5,2025-06-18
151,2509-M478,138,2025-09-09,2029-01-09,B6,2026-04-01
152,2311-N686,200,2023-11-09,2027-01-09,A3,2024-10-11
152,2407-E944,20,2024-07-09,2027-12-09,Rayon4,2026-01-21
153,2401-T524,167,2024-01-09,2026-07-09,D20,2026-04-29
153,2409-M085,185,2024-09-09,2027-08-09,A8,2025-04-15
153,2506-X061,126,2025-06-09,2027-10-09,B17,2026-02-10
154,2402-F297,47,2024-02-09,2027-03-09,C9,2024-08-23
154,2411-M815,143,2024-11-09,2027-12-09,C1,2025-09-18
155,2408-E803,63,2024-08-09,2027-09-09,D11,2024-12-27
155,2502-P060,124,2025-02-09,2027-10-09,C12,2026-06-30
156,2311-L198,11,2023-11-09,2025-11-09,A7,2024-10-29
156,2407-W483,110,2024-07-09,2026-12-09,A18,2025-01-30
156,2503-R610,12,2025-03-09,2027-04-09,D7,2026-02-28
157,2310-Z148,48,2023-10-09,2026-11-09,B19,2026-04-12
157,2404-D493,137,2024-04-09,2027-04-09,A15,2026-01-07
158,2310-J675,136,2023-10-09,2026-06-09,A13,2026-04-12
158,2402-R383,8,2024-02-09,2026-09-09,C9,2024-05-25
158,2407-A255,28,2024-07-09,2027-03-09,B20,2025-01-22
159,2411-K512,10,2024-11-09,2027-05-09,Rayon2,2025-08-07
159,2503-B883,150,2025-03-09,2027-06-09,B5,2026-02-15
159,2510-D259,108,2025-10-09,2028-08-09,C11,2026-05-08
160,2411-P252,114,2024-11-09,2028-02-09,A15,2025-10-10
160,2503-D437,136,2025-03-09,2028-05-09,A9,2026-03-18
161,2404-C156,175,2024-04-09,2026-04-09,C8,2026-06-12
161,2501-A332,8,2025-01-09,2027-02-09,D16,2025-11-25
161,2512-M622,105,2025-12-09,2028-10-09,Rayon3,2026-05-27
162,2310-M636,60,2023-10-09,2026-05-09,B3,2025-11-15
162,2405-E134,142,2024-05-09,2027-05-09,Rayon5,2024-12-04
163,2312-Z166,5,2023-12-09,2027-02-09,D1,2025-06-17
163,2404-A364,17,2024-04-09,2027-09-09,Rayon5,2024-07-02
164,2409-H424,38,2024-09-09,2026-10-09,D15,2026-04-29
164,2506-H107,33,2025-06-09,2027-06-09,C7,2025-09-07
165,2410-L244,113,2024-10-09,2027-03-09,C13,2024-10-23
165,2503-Z560,39,2025-03-09,2028-06-09,A8,2025-07-16
166,2411-K555,64,2024-11-09,2028-03-09,B8,2025-09-12
166,2505-X598,127,2025-05-09,2028-09-09,Rayon5,2025-10-08
166,2512-J286,191,2025-12-09,2029-06-09,Rayon4,2025-12-15
167,2412-F451,186,2024-12-09,2028-06-09,C10,2025-02-28
167,2505-W266,20,2025-05-09,2028-12-09,B15,2025-06-15
168,2311-E438,77,2023-11-09,2026-02-09,A4,2024-09-18
168,2405-G387,169,2024-05-09,2026-08-09,B8,2026-01-26
168,2502-W324,26,2025-02-09,2027-07-09,A6,2026-02-25
169,2402-P776,78,2024-02-09,2026-06-09,D15,2025-03-11
169,2501-Z923,88,2025-01-09,2027-06-09,B8,2025-10-30
169,2507-T235,8,2025-07-09,2028-02-09,D16,2026-05-27
170,2409-G390,97,2024-09-09,2027-05-09,B16,2025-05-13
170,2503-H129,183,2025-03-09,2028-01-09,D4,2025-12-03
171,2406-F472,119,2024-06-09,2026-08-09,A20,2025-03-17
171,2412-J455,15,2024-12-09,2028-01-09,D17,2026-01-04
171,2506-J510,25,2025-06-09,2028-07-09,Rayon9,2026-05-03
172,2312-G593,114,2023-12-09,2026-07-09,B5,2025-10-25
172,2405-K040,4,2024-05-09,2027-09-09,B14,2025-02-03
173,2410-C280,62,2024-10-09,2028-02-09,Rayon6,2025-10-04
173,2508-D637,117,2025-08-09,2028-06-09,A19,2026-03-09
174,2401-Z186,51,2024-01-09,2026-04-09,C5,2025-02-23
174,2410-W208,83,2024-10-09,2027-03-09,C2,2024-12-03
175,2501-P915,70,2025-01-09,2028-02-09,B19,2025-10-08
175,2512-T547,186,2025-12-09,2028-07-09,A1,2026-04-30
175,2605-Z352,50,2026-05-09,2028-11-09,B10,2026-06-20
176,2403-B412,16,2024-03-09,2026-04-09,D6,2026-04-08
176,2409-F960,137,2024-09-09,2026-12-09,B19,2024-12-29
177,2409-J375,170,2024-09-09,2026-12-09,D11,2026-06-02
177,2506-Z503,129,2025-06-09,2028-03-09,B16,2025-12-22
178,2407-Z468,124,2024-07-09,2026-08-09,Rayon1,2024-09-02
178,2507-M970,105,2025-07-09,2028-07-09,A2,2025-12-27
178,2601-Y046,105,2026-01-09,2028-10-09,Rayon7,2026-05-23
179,2401-T366,80,2024-01-09,2027-04-09,A8,2026-06-27
179,2406-G759,36,2024-06-09,2027-08-09,D4,2026-05-09
179,2505-F339,161,2025-05-09,2028-03-09,C15,2026-04-21
180,2403-W460,161,2024-03-09,2027-09-09,Rayon3,2024-05-26
180,2409-T309,89,2024-09-09,2028-01-09,D11,2025-09-29
181,2406-M160,159,2024-06-09,2026-09-09,B10,2025-03-17
181,2502-F098,34,2025-02-09,2027-05-09,Rayon2,2025-11-24
182,2410-P147,62,2024-10-09,2027-07-09,B16,2025-09-27
182,2505-M972,156,2025-05-09,2027-09-09,A16,2025-05-23
182,2604-B768,55,2026-04-09,2028-12-09,D5,2026-06-27
183,2402-R033,164,2024-02-09,2026-08-09,B4,2024-12-08
183,2411-Z415,103,2024-11-09,2027-10-09,D18,2025-03-20
183,2509-F575,14,2025-09-09,2028-07-09,C1,2025-10-22
184,2309-D760,37,2023-09-09,2026-05-09,Rayon8,2024-07-29
184,2402-M875,106,2024-02-09,2027-07-09,D19,2025-01-21
185,2407-H088,177,2024-07-09,2027-09-09,C12,2024-09-22
185,2411-R310,110,2024-11-09,2028-05-09,Rayon7,2024-12-18
186,2406-V323,75,2024-06-09,2027-04-09,C14,2025-10-03
186,2410-A870,132,2024-10-09,2027-09-09,Rayon7,2025-04-19
186,2510-K990,115,2025-10-09,2029-01-09,D8,2025-11-20
187,2409-E502,93,2024-09-09,2026-10-09,D8,2026-04-11
187,2508-W464,152,2025-08-09,2028-06-09,A14,2025-11-17
187,2605-B189,179,2026-05-09,2029-08-09,C18,2026-06-28
188,2311-H753,108,2023-11-09,2027-04-09,A5,2026-06-05
188,2405-D342,18,2024-05-09,2027-05-09,Rayon9,2024-11-16
189,2411-H603,174,2024-11-09,2027-12-09,D7,2025-04-02
189,2505-W729,186,2025-05-09,2028-08-09,Rayon8,2025-07-23
189,2509-A290,25,2025-09-09,2028-10-09,C1,2025-12-04
190,2410-B289,10,2024-10-09,2027-06-09,B7,2025-07-13
190,2510-K133,150,2025-10-09,2027-10-09,Rayon2,2026-05-26
190,2607-D249,156,2026-07-09,2029-03-09,D17,2026-07-10
191,2312-A034,119,2023-12-09,2026-03-09,B17,2025-07-31
191,2412-D511,115,2024-12-09,2027-01-09,A1,2026-03-10
191,2507-N829,135,2025-07-09,2027-11-09,A12,2026-04-21
192,2404-W643,174,2024-04-09,2026-12-09,Rayon3,2025-06-11
192,2501-F748,16,2025-01-09,2028-02-09,A13,2025-04-21
192,2505-G682,73,2025-05-09,2028-07-09,Rayon4,2026-01-18
193,2403-L500,8,2024-03-09,2027-07-09,Rayon5,2025-04-11
193,2410-K159,6,2024-10-09,2027-09-09,A5,2024-11-01
194,2401-D315,193,2024-01-09,2026-03-09,D19,2025-04-18
194,2412-P583,157,2024-12-09,2027-01-09,C12,2025-09-29
195,2501-G803,34,2025-01-09,2027-02-09,D13,2025-11-13
195,2505-L015,34,2025-05-09,2028-05-09,Rayon8,2026-03-27
196,2311-J423,50,2023-11-09,2026-02-09,Rayon8,2024-11-07
196,2410-M492,73,2024-10-09,2027-03-09,D5,2025-12-10
197,2312-W263,52,2023-12-09,2027-06-09,Rayon6,2025-08-19
197,2406-D800,98,2024-06-09,2027-09-09,D9,2025-06-13
197,2410-K876,66,2024-10-09,2027-12-09,A13,2026-04-28
198,2411-E265,45,2024-11-09,2028-05-09,Rayon9,2026-07-07
198,2504-J071,128,2025-04-09,2028-10-09,A7,2025-07-15
198,2604-W659,140,2026-04-09,2029-04-09,C17,2026-04-12
199,2405-F382,92,2024-05-09,2027-10-09,Rayon9,2025-02-28
199,2502-V350,173,2025-02-09,2028-06-09,B5,2025-03-15
200,2410-J445,151,2024-10-09,2026-11-09,D12,2025-07-12
200,2510-N479,100,2025-10-09,2028-01-09,A2,2026-04-15
201,2412-Z159,173,2024-12-09,2027-09-09,Rayon9,2025-06-29
201,2508-N925,169,2025-08-09,2028-05-09,Rayon3,2025-11-03
202,2401-N463,122,2024-01-09,2026-09-09,Rayon8,2025-06-02
202,2501-P992,160,2025-01-09,2028-05-09,C4,2026-07-02
202,2511-G004,136,2025-11-09,2028-12-09,D8,2026-04-15
203,2411-X505,133,2024-11-09,2027-05-09,B9,2025-01-19
203,2503-G212,105,2025-03-09,2028-01-09,Rayon6,2026-05-03
204,2404-C839,75,2024-04-09,2027-01-09,A9,2025-03-02
204,2410-Y270,85,2024-10-09,2027-02-09,Rayon4,2025-06-06
205,2410-B184,98,2024-10-09,2027-03-09,D4,2025-08-04
205,2509-T311,187,2025-09-09,2028-09-09,D8,2026-05-11
205,2604-E239,57,2026-04-09,2029-02-09,C9,2026-05-26
206,2410-J201,121,2024-10-09,2026-10-09,C3,2024-10-15
206,2503-R907,36,2025-03-09,2027-07-09,D11,2025-11-05
206,2602-P503,162,2026-02-09,2029-08-09,D5,2026-06-21
207,2309-R546,58,2023-09-09,2026-03-09,D6,2024-09-09
207,2402-E474,8,2024-02-09,2026-08-09,D9,2024-04-05
207,2502-W492,92,2025-02-09,2027-02-09,A16,2026-01-15
208,2312-T209,93,2023-12-09,2026-06-09,Rayon7,2026-04-22
208,2407-A913,106,2024-07-09,2026-11-09,C20,2024-08-09
209,2410-Z286,48,2024-10-09,2027-08-09,C17,2025-03-03
209,2502-G922,47,2025-02-09,2027-12-09,B14,2025-04-09
210,2408-Z051,117,2024-08-09,2027-02-09,A1,2026-01-24
210,2504-P964,68,2025-04-09,2028-02-09,Rayon6,2025-12-06
211,2411-D939,83,2024-11-09,2027-05-09,D16,2025-06-08
211,2505-Z840,14,2025-05-09,2028-03-09,D20,2025-10-25
211,2601-P273,13,2026-01-09,2029-05-09,A7,2026-05-19
212,2501-R315,196,2025-01-09,2028-06-09,C11,2025-02-02
212,2510-R084,199,2025-10-09,2028-11-09,C19,2026-03-29
212,2606-G455,181,2026-06-09,2029-12-09,D4,2026-07-03
213,2406-K714,199,2024-06-09,2026-07-09,C3,2025-12-17
213,2410-T339,116,2024-10-09,2028-04-09,B20,2025-12-30
213,2508-B327,153,2025-08-09,2028-10-09,C14,2025-10-17
214,2410-V960,75,2024-10-09,2027-12-09,Rayon4,2025-03-12
214,2503-E135,69,2025-03-09,2028-09-09,Rayon2,2026-06-12
214,2602-Z313,65,2026-02-09,2029-01-09,B16,2026-05-06
215,2312-N689,154,2023-12-09,2027-05-09,D16,2025-01-18
215,2405-H577,188,2024-05-09,2027-10-09,Rayon9,2024-07-19
215,2409-A638,80,2024-09-09,2027-12-09,D8,2024-11-28
216,2311-Z779,113,2023-11-09,2026-11-09,Rayon5,2026-06-02
216,2407-C427,33,2024-07-09,2027-05-09,Rayon7,2024-10-24
217,2407-T344,117,2024-07-09,2027-01-09,D11,2024-07-24
217,2505-N233,184,2025-05-09,2027-12-09,A15,2026-05-16
218,2409-Z258,75,2024-09-09,2027-04-09,Rayon4,2025-03-12
218,2509-G532,25,2025-09-09,2028-06-09,Rayon2,2025-11-18
219,2412-R938,188,2024-12-09,2028-01-09,D19,2025-05-21
219,2512-X475,65,2025-12-09,2029-01-09,C4,2026-05-01
220,2401-L513,124,2024-01-09,2027-06-09,C17,2025-03-14
220,2410-P786,124,2024-10-09,2027-09-09,B18,2025-09-07
221,2403-F518,78,2024-03-09,2027-08-09,B20,2025-09-22
221,2411-Z634,121,2024-11-09,2028-02-09,C8,2025-01-14
222,2410-C095,45,2024-10-09,2027-04-09,A19,2026-06-19
222,2509-Z132,40,2025-09-09,2029-03-09,A2,2026-01-29
223,2501-C668,177,2025-01-09,2027-02-09,C11,2025-07-14
223,2512-V413,141,2025-12-09,2028-04-09,Rayon4,2026-03-03
224,2401-L620,170,2024-01-09,2026-09-09,Rayon1,2024-07-14
224,2411-G780,84,2024-11-09,2027-06-09,D7,2026-02-10
224,2511-D960,183,2025-11-09,2029-02-09,D18,2026-04-16
225,2310-X216,32,2023-10-09,2026-06-09,B17,2025-10-27
225,2408-Z729,30,2024-08-09,2027-11-09,C12,2025-05-11
226,2402-D153,132,2024-02-09,2027-08-09,B17,2024-06-02
226,2406-R480,93,2024-06-09,2028-02-09,D5,2026-03-16
226,2506-C427,20,2025-06-09,2028-07-09,Rayon8,2025-08-21
227,2412-R582,123,2024-12-09,2027-03-09,C17,2026-05-15
227,2506-X788,188,2025-06-09,2028-12-09,A18,2026-04-30
228,2402-Z355,176,2024-02-09,2026-12-09,C3,2024-06-09
228,2412-D241,126,2024-12-09,2027-07-09,D1,2025-10-03
229,2406-H484,79,2024-06-09,2027-06-09,D10,2025-08-12
229,2410-Y428,86,2024-10-09,2027-12-09,B14,2025-02-17
229,2504-H781,196,2025-04-09,2028-02-09,Rayon7,2025-11-27
230,2405-T755,132,2024-05-09,2026-09-09,A15,2025-04-04
230,2501-H070,100,2025-01-09,2027-02-09,C12,2025-08-04
230,2512-W819,88,2025-12-09,2027-12-09,B19,2026-03-27
231,2408-L079,111,2024-08-09,2026-10-09,Rayon7,2024-10-21
231,2412-T540,11,2024-12-09,2027-02-09,Rayon8,2025-01-23
231,2506-Y334,192,2025-06-09,2027-06-09,Rayon2,2026-05-30
232,2406-G377,132,2024-06-09,2027-09-09,A13,2025-10-24
232,2501-M499,102,2025-01-09,2027-11-09,B7,2026-06-15
232,2601-F839,168,2026-01-09,2028-06-09,B2,2026-01-16
233,2408-E468,15,2024-08-09,2027-06-09,B1,2025-10-01
233,2502-T218,83,2025-02-09,2027-12-09,C6,2026-02-17
234,2407-Z315,184,2024-07-09,2026-12-09,A2,2025-08-05
234,2411-T851,64,2024-11-09,2027-01-09,Rayon4,2025-09-06
234,2504-P711,79,2025-04-09,2028-07-09,A4,2026-05-10
235,2406-A044,157,2024-06-09,2027-01-09,C10,2025-10-18
235,2501-V543,118,2025-01-09,2027-06-09,D7,2025-08-30
235,2506-X167,56,2025-06-09,2027-08-09,B7,2025-12-28
236,2402-Z363,59,2024-02-09,2026-10-09,Rayon1,2025-03-15
236,2408-Z542,27,2024-08-09,2026-12-09,D12,2025-12-15
236,2508-R711,126,2025-08-09,2028-12-09,A18,2026-01-20
237,2412-M123,183,2024-12-09,2027-02-09,B15,2025-02-11
237,2509-D247,141,2025-09-09,2028-06-09,A5,2025-12-09
238,2412-J597,32,2024-12-09,2027-01-09,A6,2025-02-10
238,2506-T718,21,2025-06-09,2027-06-09,C11,2025-07-16
238,2602-Y918,106,2026-02-09,2028-05-09,A1,2026-03-17
239,2405-A551,165,2024-05-09,2026-09-09,B9,2026-03-20
239,2501-Z418,70,2025-01-09,2028-04-09,C8,2025-04-03
239,2508-V180,135,2025-08-09,2028-09-09,Rayon1,2025-10-14
240,2311-L945,41,2023-11-09,2026-06-09,C17,2025-08-27
240,2407-Z910,175,2024-07-09,2027-07-09,Rayon2,2024-11-14
241,2406-H271,86,2024-06-09,2026-06-09,C2,2026-06-21
241,2505-E252,200,2025-05-09,2027-11-09,Rayon4,2026-07-08
242,2412-Y816,196,2024-12-09,2028-06-09,A19,2025-08-28
242,2504-X769,41,2025-04-09,2028-09-09,Rayon1,2025-06-19
243,2409-W884,60,2024-09-09,2027-12-09,B3,2026-04-17
243,2505-T875,79,2025-05-09,2028-04-09,Rayon2,2026-02-07
244,2404-A000,22,2024-04-09,2026-07-09,Rayon4,2024-07-20
244,2501-W152,137,2025-01-09,2027-01-09,B16,2025-07-03
244,2512-A654,64,2025-12-09,2029-01-09,D4,2026-04-13
245,2309-Z615,53,2023-09-09,2026-07-09,B12,2024-09-14
245,2409-T535,13,2024-09-09,2026-10-09,Rayon1,2025-04-01
245,2504-N187,43,2025-04-09,2028-06-09,D15,2025-07-22
246,2411-P565,194,2024-11-09,2028-01-09,Rayon7,2025-08-07
246,2506-K802,37,2025-06-09,2028-05-09,D9,2026-04-20
246,2511-H301,63,2025-11-09,2029-01-09,C12,2026-03-20
247,2410-N065,179,2024-10-09,2026-11-09,A12,2025-05-08
247,2503-K421,70,2025-03-09,2028-02-09,D19,2025-09-11
247,2507-C217,47,2025-07-09,2028-12-09,C19,2025-11-05
248,2403-L466,24,2024-03-09,2027-03-09,A3,2025-12-29
248,2501-H137,178,2025-01-09,2027-09-09,B20,2026-07-04
249,2401-F012,67,2024-01-09,2027-06-09,B3,2025-11-09
249,2412-R027,174,2024-12-09,2027-10-09,C4,2026-05-10
250,2312-M571,25,2023-12-09,2026-01-09,Rayon1,2024-02-08
250,2408-Y600,117,2024-08-09,2027-04-09,D5,2026-04-22
251,2312-F801,42,2023-12-09,2026-12-09,C8,2024-01-25
251,2411-E527,167,2024-11-09,2027-07-09,C2,2025-02-10
252,2405-L905,161,2024-05-09,2027-08-09,Rayon1,2024-12-11
252,2409-E448,100,2024-09-09,2028-02-09,C14,2025-12-20
253,2401-A669,172,2024-01-09,2027-04-09,Rayon6,2025-01-03
253,2412-M823,88,2024-12-09,2027-06-09,B14,2025-09-28
253,2511-V553,138,2025-11-09,2028-10-09,B13,2026-01-04
254,2310-D763,59,2023-10-09,2026-11-09,A15,2025-05-18
254,2409-X299,91,2024-09-09,2027-05-09,Rayon9,2025-12-23
255,2406-H019,60,2024-06-09,2027-09-09,Rayon1,2024-10-21
255,2503-J507,80,2025-03-09,2027-11-09,D12,2026-05-20
255,2511-K638,140,2025-11-09,2028-10-09,B12,2026-05-08
256,2310-Y340,97,2023-10-09,2025-11-09,B19,2024-12-20
256,2410-M648,136,2024-10-09,2028-01-09,Rayon8,2025-04-11
256,2507-F404,78,2025-07-09,2028-07-09,A8,2025-07-15
257,2311-F284,56,2023-11-09,2027-04-09,C7,2024-08-23
257,2403-D656,185,2024-03-09,2027-06-09,D12,2026-04-30
257,2410-R703,136,2024-10-09,2028-01-09,C14,2024-12-29
258,2408-L952,197,2024-08-09,2028-02-09,Rayon3,2026-02-28
258,2503-Y827,172,2025-03-09,2028-07-09,A17,2025-09-25
258,2508-Z866,191,2025-08-09,2028-09-09,B3,2026-01-01
259,2407-Z654,23,2024-07-09,2027-05-09,B12,2025-07-13
259,2501-D583,188,2025-01-09,2028-07-09,D6,2026-05-24
260,2312-K812,69,2023-12-09,2026-06-09,C5,2026-03-23
260,2408-G591,158,2024-08-09,2028-02-09,D5,2025-01-09
261,2311-B540,81,2023-11-09,2026-09-09,Rayon1,2026-01-03
261,2407-J549,57,2024-07-09,2027-01-09,C20,2025-09-16
261,2411-J804,26,2024-11-09,2027-06-09,A14,2025-12-23
262,2408-B627,161,2024-08-09,2026-09-09,A5,2026-02-13
262,2504-T104,136,2025-04-09,2028-03-09,B17,2026-05-21
263,2411-Z631,54,2024-11-09,2027-11-09,D17,2026-05-17
263,2504-A484,157,2025-04-09,2028-07-09,C11,2025-04-19
264,2309-B866,161,2023-09-09,2026-07-09,A9,2023-11-02
264,2403-F399,78,2024-03-09,2027-04-09,B6,2025-12-18
264,2411-V825,37,2024-11-09,2027-07-09,B20,2026-04-22
265,2410-A337,40,2024-10-09,2026-12-09,Rayon6,2025-08-13
265,2508-E675,79,2025-08-09,2028-09-09,D13,2026-02-23
266,2501-A931,191,2025-01-09,2028-06-09,Rayon8,2025-06-08
266,2505-K808,31,2025-05-09,2028-12-09,Rayon5,2026-05-13
266,2512-Z297,149,2025-12-09,2029-03-09,Rayon9,2026-06-28
267,2404-H179,126,2024-04-09,2026-12-09,C11,2025-10-31
267,2408-L766,69,2024-08-09,2027-12-09,D14,2025-02-24
268,2403-P015,173,2024-03-09,2026-08-09,B6,2024-05-15
268,2408-F749,71,2024-08-09,2027-08-09,C20,2025-08-11
268,2504-J077,55,2025-04-09,2028-10-09,C2,2025-04-19
269,2409-T991,150,2024-09-09,2028-03-09,B11,2024-12-01
269,2508-F873,197,2025-08-09,2029-01-09,D17,2025-11-14
269,2603-X034,132,2026-03-09,2029-04-09,B15,2026-05-20
270,2402-D535,84,2024-02-09,2027-02-09,C18,2024-05-05
270,2406-K698,94,2024-06-09,2027-07-09,Rayon6,2025-11-11
270,2506-V585,100,2025-06-09,2027-10-09,C4,2026-05-02
271,2412-W718,35,2024-12-09,2027-05-09,B4,2024-12-18
271,2508-R456,131,2025-08-09,2028-08-09,D18,2026-05-21
272,2409-F530,75,2024-09-09,2026-12-09,Rayon5,2026-02-07
272,2503-A176,72,2025-03-09,2028-03-09,C2,2026-07-01
273,2311-T964,170,2023-11-09,2027-01-09,A10,2025-06-21
273,2408-W013,133,2024-08-09,2028-01-09,Rayon3,2025-06-11
273,2505-H855,62,2025-05-09,2028-04-09,D9,2025-10-26
274,2310-P218,195,2023-10-09,2026-11-09,A18,2025-02-26
274,2410-V492,86,2024-10-09,2027-03-09,D19,2025-09-12
275,2407-T840,41,2024-07-09,2027-06-09,A16,2025-09-28
275,2506-N108,8,2025-06-09,2027-09-09,D4,2026-06-13
275,2601-R055,58,2026-01-09,2028-09-09,A10,2026-01-12
276,2406-M572,54,2024-06-09,2027-05-09,B1,2024-07-22
276,2410-L805,124,2024-10-09,2028-04-09,A2,2025-01-20
276,2509-C553,35,2025-09-09,2029-01-09,C16,2025-10-19
277,2412-E497,36,2024-12-09,2027-02-09,Rayon2,2025-10-24
277,2511-A024,153,2025-11-09,2028-06-09,D17,2026-06-10
278,2409-P232,57,2024-09-09,2027-10-09,C20,2024-12-11
278,2506-R408,123,2025-06-09,2027-11-09,A17,2025-12-06
278,2601-G986,93,2026-01-09,2028-02-09,Rayon3,2026-02-28
279,2405-L884,73,2024-05-09,2027-06-09,C7,2026-06-30
279,2411-G485,60,2024-11-09,2027-11-09,B19,2025-06-14
280,2406-Z308,154,2024-06-09,2026-10-09,D6,2025-10-25
280,2503-B640,179,2025-03-09,2028-02-09,C3,2025-10-27
281,2310-T970,112,2023-10-09,2026-01-09,Rayon4,2025-07-31
281,2409-C855,129,2024-09-09,2027-03-09,A11,2025-07-11
282,2409-P328,63,2024-09-09,2028-01-09,Rayon7,2024-11-28
282,2506-K339,119,2025-06-09,2028-07-09,Rayon6,2025-07-12
282,2605-C529,181,2026-05-09,2029-11-09,D9,2026-07-03
283,2311-A576,197,2023-11-09,2026-01-09,B19,2025-10-10
283,2411-P729,135,2024-11-09,2028-05-09,Rayon1,2025-04-24
284,2312-W203,102,2023-12-09,2027-04-09,C14,2024-04-01
284,2405-W839,140,2024-05-09,2027-08-09,B15,2026-04-10
284,2410-T448,24,2024-10-09,2027-09-09,D19,2024-10-16
285,2401-G214,167,2024-01-09,2026-02-09,B8,2025-06-12
285,2412-H303,122,2024-12-09,2027-05-09,Rayon3,2025-05-12
285,2510-B739,31,2025-10-09,2028-09-09,A9,2025-11-17
286,2403-J603,132,2024-03-09,2026-09-09,C2,2026-01-28
286,2408-H505,196,2024-08-09,2027-10-09,Rayon5,2025-02-01
286,2504-W913,41,2025-04-09,2028-10-09,D4,2025-09-23
287,2404-H649,155,2024-04-09,2026-07-09,C4,2025-11-14
287,2502-B883,80,2025-02-09,2028-01-09,C4,2025-06-22
287,2510-Z189,74,2025-10-09,2028-10-09,Rayon6,2026-06-01
288,2309-C087,14,2023-09-09,2026-05-09,B13,2024-05-09
288,2409-J547,147,2024-09-09,2027-11-09,A5,2026-06-24
288,2501-G997,65,2025-01-09,2028-03-09,Rayon6,2026-02-27
289,2406-A533,28,2024-06-09,2027-01-09,B12,2025-08-21
289,2502-N132,124,2025-02-09,2028-01-09,D18,2025-07-02
290,2410-L604,7,2024-10-09,2027-11-09,C5,2025-12-06
290,2505-T421,87,2025-05-09,2028-03-09,A16,2025-09-15
291,2410-H207,23,2024-10-09,2027-01-09,A1,2025-03-01
291,2508-H120,41,2025-08-09,2027-09-09,D9,2026-03-19
292,2311-C495,43,2023-11-09,2025-11-09,C14,2024-04-04
292,2406-B960,72,2024-06-09,2026-06-09,D19,2025-02-20
293,2401-A046,49,2024-01-09,2026-09-09,Rayon4,2025-04-12
293,2501-R213,78,2025-01-09,2027-08-09,D20,2026-01-12
294,2501-F164,127,2025-01-09,2027-03-09,C1,2025-03-11
294,2511-R931,161,2025-11-09,2028-08-09,Rayon9,2026-06-12
295,2403-W800,123,2024-03-09,2026-08-09,D9,2024-11-12
295,2412-T717,41,2024-12-09,2028-01-09,B19,2025-12-15
296,2402-M343,71,2024-02-09,2026-07-09,B7,2026-06-30
296,2502-A285,4,2025-02-09,2027-10-09,A6,2025-11-23
296,2601-J004,110,2026-01-09,2028-10-09,C20,2026-06-10
297,2409-D757,86,2024-09-09,2027-04-09,B19,2026-06-22
297,2509-R403,38,2025-09-09,2027-11-09,C11,2026-06-04
298,2404-Y662,143,2024-04-09,2027-08-09,D9,2026-06-25
298,2502-R016,191,2025-02-09,2028-03-09,Rayon8,2025-06-11
299,2310-X021,82,2023-10-09,2026-04-09,C1,2025-07-10
299,2402-R985,122,2024-02-09,2026-08-09,D20,2026-06-24
299,2502-Y699,25,2025-02-09,2027-02-09,A2,2026-06-17
300,2404-D176,164,2024-04-09,2027-02-09,C12,2024-10-24
300,2412-Y636,157,2024-12-09,2028-05-09,Rayon1,2025-10-31
301,2409-J239,31,2024-09-09,2027-10-09,A2,2024-11-25
301,2508-A185,136,2025-08-09,2029-01-09,D5,2026-05-04
301,2606-Z561,60,2026-06-09,2029-03-09,D11,2026-07-01
302,2311-D591,67,2023-11-09,2026-08-09,A13,2025-06-10
302,2408-R698,125,2024-08-09,2027-08-09,Rayon5,2026-06-05
302,2504-G792,186,2025-04-09,2028-01-09,A6,2026-05-02
303,2406-R429,196,2024-06-09,2027-05-09,A12,2025-04-24
303,2504-Z622,116,2025-04-09,2028-04-09,B20,2025-11-25
303,2601-R148,79,2026-01-09,2028-05-09,D9,2026-05-20
304,2405-E348,35,2024-05-09,2026-07-09,Rayon2,2026-07-03
304,2505-H460,94,2025-05-09,2028-09-09,Rayon9,2025-10-25
304,2509-V962,31,2025-09-09,2029-02-09,D16,2026-02-13
305,2311-K239,45,2023-11-09,2026-05-09,D18,2024-02-01
305,2408-N707,166,2024-08-09,2027-05-09,C3,2025-08-20
305,2507-P722,51,2025-07-09,2028-08-09,D15,2025-11-29
306,2408-E441,187,2024-08-09,2028-02-09,Rayon4,2025-05-01
306,2503-Z275,84,2025-03-09,2028-07-09,B1,2025-10-15
307,2311-J837,142,2023-11-09,2026-07-09,D9,2024-09-30
307,2409-R306,41,2024-09-09,2026-09-09,A18,2026-07-03
307,2501-J517,130,2025-01-09,2028-07-09,A10,2026-06-15
308,2411-Y309,65,2024-11-09,2027-12-09,D7,2024-12-27
308,2510-A532,99,2025-10-09,2028-06-09,C15,2026-02-24
309,2409-X552,54,2024-09-09,2026-11-09,C8,2025-06-20
309,2507-X914,178,2025-07-09,2028-04-09,Rayon3,2025-10-19
310,2312-L279,26,2023-12-09,2026-01-09,D4,2024-06-13
310,2408-R076,41,2024-08-09,2028-01-09,C8,2024-09-07
310,2507-R089,39,2025-07-09,2029-01-09,D5,2026-06-09
311,2310-P277,35,2023-10-09,2026-12-09,B16,2025-07-03
311,2407-R832,80,2024-07-09,2027-04-09,C18,2026-07-02
311,2505-V020,118,2025-05-09,2028-10-09,C14,2025-12-13
312,2402-K236,81,2024-02-09,2027-03-09,D9,2026-06-07
312,2408-R441,188,2024-08-09,2027-08-09,D15,2024-08-15
312,2507-E695,80,2025-07-09,2029-01-09,B6,2025-12-06
313,2312-C205,169,2023-12-09,2027-05-09,Rayon1,2025-04-26
313,2407-R739,124,2024-07-09,2027-11-09,A17,2024-09-18
314,2408-N551,56,2024-08-09,2028-02-09,Rayon3,2024-09-21
314,2508-C902,66,2025-08-09,2028-09-09,Rayon4,2025-11-16
315,2403-A250,33,2024-03-09,2027-09-09,C13,2025-08-19
315,2501-Z559,18,2025-01-09,2028-05-09,D5,2025-07-29
315,2601-V134,94,2026-01-09,2029-05-09,D9,2026-05-13
316,2409-C321,158,2024-09-09,2027-06-09,D7,2025-06-29
316,2509-Z596,187,2025-09-09,2028-07-09,D20,2026-03-13
316,2604-A379,200,2026-04-09,2028-11-09,D17,2026-05-07
317,2412-Z450,116,2024-12-09,2028-04-09,Rayon1,2025-05-02
317,2507-P723,12,2025-07-09,2028-12-09,B2,2025-09-25
317,2604-G330,190,2026-04-09,2029-05-09,B11,2026-04-22
318,2405-T738,192,2024-05-09,2027-01-09,A19,2026-05-10
318,2503-J671,22,2025-03-09,2028-07-09,C1,2026-07-06
318,2601-M418,24,2026-01-09,2029-01-09,D17,2026-07-08
319,2404-T291,155,2024-04-09,2027-07-09,D6,2024-10-05
319,2503-N936,156,2025-03-09,2028-02-09,Rayon2,2025-10-12
320,2501-Z892,194,2025-01-09,2027-05-09,Rayon7,2025-03-24
320,2508-H627,65,2025-08-09,2028-02-09,D16,2025-09-05
320,2604-Z629,151,2026-04-09,2029-05-09,D6,2026-07-04
321,2406-Y339,140,2024-06-09,2027-07-09,B19,2025-12-01
321,2503-B439,53,2025-03-09,2027-09-09,A12,2026-03-08
321,2507-A696,8,2025-07-09,2028-02-09,C6,2025-07-11
322,2405-P747,48,2024-05-09,2027-02-09,Rayon9,2024-09-03
322,2502-N580,182,2025-02-09,2028-02-09,Rayon4,2026-01-28
323,2406-V060,103,2024-06-09,2026-09-09,C7,2025-02-01
323,2506-G738,157,2025-06-09,2028-07-09,A4,2026-06-14
324,2401-F702,83,2024-01-09,2027-03-09,Rayon5,2026-04-29
324,2501-H490,11,2025-01-09,2027-04-09,Rayon6,2025-01-30
324,2508-X530,72,2025-08-09,2029-01-09,D4,2025-09-15
325,2412-E346,174,2024-12-09,2027-05-09,D7,2026-03-07
325,2507-G347,161,2025-07-09,2029-01-09,C5,2025-09-09
326,2407-H429,85,2024-07-09,2027-03-09,B15,2025-07-31
326,2503-Y208,38,2025-03-09,2027-10-09,Rayon7,2026-04-08
326,2603-J835,127,2026-03-09,2029-09-09,D17,2026-06-08
327,2410-D832,167,2024-10-09,2027-04-09,B4,2026-05-26
327,2508-J847,164,2025-08-09,2028-10-09,A12,2025-09-26
328,2412-G461,96,2024-12-09,2027-06-09,Rayon2,2025-01-13
328,2509-B563,170,2025-09-09,2027-12-09,A11,2025-11-12
328,2604-H119,87,2026-04-09,2029-05-09,A14,2026-04-09
329,2403-P928,131,2024-03-09,2027-03-09,A18,2024-10-15
329,2503-V795,157,2025-03-09,2027-07-09,C19,2025-12-19
330,2501-P933,157,2025-01-09,2027-11-09,B1,2026-06-27
330,2508-Y495,75,2025-08-09,2028-05-09,C2,2026-05-07
331,2409-V737,131,2024-09-09,2027-07-09,Rayon4,2025-08-27
331,2502-W887,159,2025-02-09,2028-06-09,D20,2025-05-25
331,2601-C804,148,2026-01-09,2028-08-09,A8,2026-05-30
332,2312-T644,187,2023-12-09,2026-12-09,D11,2024-07-20
332,2404-L203,133,2024-04-09,2027-07-09,A3,2025-09-29
332,2408-G843,151,2024-08-09,2027-10-09,Rayon1,2025-12-28
333,2410-N035,70,2024-10-09,2027-04-09,A16,2025-10-13
333,2507-E130,181,2025-07-09,2028-03-09,C15,2026-01-22
333,2605-N713,13,2026-05-09,2029-05-09,A9,2026-05-26
334,2410-J739,103,2024-10-09,2027-04-09,A12,2025-02-23
334,2502-Z147,124,2025-02-09,2027-10-09,Rayon4,2025-08-11
335,2311-Y982,123,2023-11-09,2026-03-09,C13,2024-02-23
335,2406-L055,197,2024-06-09,2027-06-09,B2,2026-04-04
336,2408-M976,184,2024-08-09,2026-12-09,A20,2024-10-28
336,2507-E979,162,2025-07-09,2027-10-09,A13,2025-12-08
336,2601-D290,69,2026-01-09,2029-01-09,D5,2026-02-23
337,2404-P017,71,2024-04-09,2027-05-09,A8,2024-07-24
337,2408-B741,69,2024-08-09,2027-08-09,C7,2026-07-07
338,2407-R044,142,2024-07-09,2027-07-09,A1,2024-08-24
338,2411-J235,141,2024-11-09,2028-01-09,Rayon2,2025-08-29
339,2410-M474,197,2024-10-09,2026-10-09,C1,2025-11-21
339,2506-J944,19,2025-06-09,2028-02-09,A15,2025-09-17
339,2604-L133,170,2026-04-09,2029-01-09,Rayon4,2026-07-06
340,2312-Y604,44,2023-12-09,2026-11-09,A14,2024-03-19
340,2408-W441,104,2024-08-09,2027-12-09,A6,2025-06-14
341,2407-H050,191,2024-07-09,2026-11-09,D2,2025-07-12
341,2412-J325,26,2024-12-09,2027-06-09,Rayon2,2025-08-17
341,2504-N769,35,2025-04-09,2028-02-09,C5,2026-01-22
342,2501-J587,119,2025-01-09,2028-04-09,A13,2025-09-28
342,2512-Z319,87,2025-12-09,2028-06-09,C14,2025-12-25
343,2404-P950,132,2024-04-09,2026-09-09,B18,2025-06-26
343,2502-W416,80,2025-02-09,2027-11-09,Rayon5,2025-12-14
344,2402-N488,72,2024-02-09,2026-04-09,C14,2026-01-01
344,2412-E441,190,2024-12-09,2027-11-09,A8,2025-06-25
344,2510-T769,115,2025-10-09,2028-10-09,A7,2026-06-06
345,2408-A796,116,2024-08-09,2026-09-09,C19,2026-01-21
345,2506-L570,166,2025-06-09,2027-08-09,Rayon6,2025-07-17
345,2601-K102,190,2026-01-09,2028-09-09,B5,2026-06-01
346,2401-K912,11,2024-01-09,2026-01-09,D7,2024-04-06
346,2409-J709,164,2024-09-09,2026-10-09,C20,2026-03-16
347,2404-A527,156,2024-04-09,2026-07-09,C17,2026-06-20
347,2411-T439,79,2024-11-09,2027-04-09,A5,2025-02-17
348,2410-Y157,5,2024-10-09,2027-11-09,D7,2026-03-13
348,2509-T435,183,2025-09-09,2028-03-09,A9,2026-06-28
349,2404-N921,45,2024-04-09,2027-03-09,C16,2025-08-31
349,2412-P208,51,2024-12-09,2028-03-09,D8,2026-07-09
350,2408-E100,151,2024-08-09,2027-12-09,A11,2026-06-23
350,2505-Y444,24,2025-05-09,2028-10-09,D10,2025-10-26
350,2604-B844,127,2026-04-09,2029-02-09,Rayon3,2026-07-06
351,2407-D109,125,2024-07-09,2027-08-09,B1,2025-01-15
351,2503-L868,62,2025-03-09,2027-12-09,Rayon3,2026-05-13
352,2501-V058,88,2025-01-09,2027-06-09,B16,2025-08-13
352,2506-E299,83,2025-06-09,2028-08-09,C9,2025-07-01
353,2405-J227,118,2024-05-09,2027-05-09,C5,2026-04-20
353,2412-Y428,6,2024-12-09,2027-09-09,Rayon1,2026-01-08
353,2508-P348,82,2025-08-09,2027-12-09,Rayon3,2026-07-06
354,2411-G886,98,2024-11-09,2027-05-09,A14,2026-04-13
354,2507-F475,137,2025-07-09,2028-07-09,D7,2026-01-25
355,2401-Y578,44,2024-01-09,2026-11-09,Rayon6,2024-07-31
355,2408-N736,165,2024-08-09,2027-05-09,A16,2024-10-11
355,2507-V912,46,2025-07-09,2028-05-09,D2,2025-10-11
356,2310-W315,60,2023-10-09,2027-03-09,C18,2024-03-15
356,2409-H739,195,2024-09-09,2027-04-09,C3,2024-12-28
356,2504-L898,198,2025-04-09,2028-08-09,C14,2026-01-28
357,2403-H550,127,2024-03-09,2026-03-09,B2,2025-06-28
357,2407-Z906,153,2024-07-09,2027-07-09,C5,2025-06-07
357,2412-Z522,17,2024-12-09,2027-12-09,C16,2025-06-07
358,2406-T716,107,2024-06-09,2026-11-09,C11,2025-02-12
358,2412-C507,141,2024-12-09,2027-01-09,B9,2025-04-07
358,2512-K235,149,2025-12-09,2028-01-09,D14,2026-02-02
359,2407-W362,200,2024-07-09,2027-02-09,Rayon1,2025-08-10
359,2502-T391,149,2025-02-09,2028-08-09,Rayon3,2025-06-19
360,2402-W960,78,2024-02-09,2026-07-09,A13,2024-09-10
360,2407-Z444,176,2024-07-09,2028-01-09,D13,2025-03-28
360,2412-P720,15,2024-12-09,2028-07-09,Rayon3,2026-01-17
361,2501-C412,145,2025-01-09,2027-01-09,Rayon1,2025-05-16
361,2505-T772,41,2025-05-09,2027-10-09,A10,2026-04-21
362,2310-B672,51,2023-10-09,2026-07-09,Rayon3,2024-04-06
362,2406-D873,95,2024-06-09,2026-08-09,A14,2024-12-21
363,2310-G234,79,2023-10-09,2026-08-09,B12,2024-01-20
363,2408-J719,150,2024-08-09,2026-12-09,C6,2026-04-15
363,2504-A578,111,2025-04-09,2027-07-09,B13,2025-12-09
364,2408-G932,167,2024-08-09,2027-03-09,Rayon7,2026-04-29
364,2503-V932,13,2025-03-09,2027-09-09,Rayon9,2025-04-28
365,2501-E639,102,2025-01-09,2027-01-09,B2,2026-01-24
365,2505-M895,63,2025-05-09,2028-09-09,B7,2025-09-11
365,2512-L523,132,2025-12-09,2028-10-09,B20,2026-02-23
366,2310-A245,20,2023-10-09,2026-06-09,B20,2025-12-17
366,2408-A386,119,2024-08-09,2026-09-09,B19,2026-05-06
367,2407-E518,67,2024-07-09,2027-01-09,Rayon1,2024-12-30
367,2503-P982,196,2025-03-09,2027-07-09,D8,2025-05-25
368,2402-J858,197,2024-02-09,2026-07-09,B16,2025-07-12
368,2407-L238,80,2024-07-09,2027-08-09,A8,2025-09-03
368,2506-D574,34,2025-06-09,2028-11-09,A9,2025-09-07
369,2407-F781,53,2024-07-09,2027-08-09,D1,2025-01-15
369,2501-G757,84,2025-01-09,2027-11-09,B19,2026-05-21
369,2510-N092,125,2025-10-09,2029-02-09,Rayon7,2026-04-30
370,2312-B796,104,2023-12-09,2026-07-09,D18,2025-05-14
370,2408-K407,12,2024-08-09,2027-01-09,C9,2024-12-04
370,2501-V260,139,2025-01-09,2027-12-09,C8,2025-07-10
371,2408-T021,33,2024-08-09,2027-07-09,B20,2025-09-18
371,2507-J374,92,2025-07-09,2028-02-09,Rayon6,2025-09-22
371,2607-A795,123,2026-07-09,2029-09-09,Rayon4,2026-07-09
372,2501-N861,91,2025-01-09,2028-04-09,A19,2025-11-15
372,2505-X569,159,2025-05-09,2028-05-09,D3,2025-10-10
373,2501-V511,100,2025-01-09,2028-04-09,Rayon5,2026-04-02
373,2601-L381,123,2026-01-09,2028-05-09,C2,2026-05-21
374,2403-T685,158,2024-03-09,2026-06-09,A13,2026-02-28
374,2410-F910,191,2024-10-09,2027-10-09,Rayon6,2024-12-29
375,2408-D963,160,2024-08-09,2027-04-09,A16,2026-01-02
375,2502-Y970,127,2025-02-09,2028-08-09,A15,2025-12-24
375,2511-P538,118,2025-11-09,2029-01-09,B7,2025-12-14
376,2407-D891,185,2024-07-09,2027-10-09,D20,2024-08-26
376,2502-X435,133,2025-02-09,2028-03-09,D19,2025-06-16
377,2311-M618,140,2023-11-09,2026-03-09,A4,2024-07-20
377,2411-C577,164,2024-11-09,2027-03-09,A6,2026-01-31
377,2507-D109,141,2025-07-09,2028-05-09,B10,2025-11-07
378,2312-F712,170,2023-12-09,2027-01-09,C19,2023-12-20
378,2409-K100,198,2024-09-09,2027-03-09,D3,2026-06-25
379,2405-T791,132,2024-05-09,2026-08-09,Rayon1,2024-07-13
379,2505-T627,17,2025-05-09,2027-06-09,D11,2025-06-02
380,2310-C323,134,2023-10-09,2027-01-09,D10,2023-12-06
380,2405-V987,171,2024-05-09,2027-04-09,A11,2025-10-11
381,2409-B583,101,2024-09-09,2027-12-09,B3,2026-05-27
381,2508-V079,190,2025-08-09,2028-09-09,B19,2025-10-01
381,2607-C396,6,2026-07-09,2029-07-09,Rayon8,2026-07-10
382,2405-N367,172,2024-05-09,2026-07-09,D1,2024-07-23
382,2505-L924,182,2025-05-09,2028-05-09,Rayon5,2026-04-02
383,2402-Z957,159,2024-02-09,2026-08-09,A7,2024-10-12
383,2409-T201,148,2024-09-09,2027-02-09,B14,2025-07-08
384,2411-G169,158,2024-11-09,2028-04-09,B15,2025-12-28
384,2509-R653,194,2025-09-09,2028-06-09,D1,2026-04-05
385,2310-N147,172,2023-10-09,2027-02-09,Rayon9,2024-10-14
385,2410-H389,166,2024-10-09,2027-05-09,A13,2026-04-26
386,2312-M535,197,2023-12-09,2026-07-09,C15,2025-09-03
386,2411-H886,7,2024-11-09,2027-02-09,C4,2026-01-24
387,2403-E980,155,2024-03-09,2027-07-09,B18,2024-04-02
387,2408-R536,120,2024-08-09,2027-08-09,Rayon2,2026-01-04
387,2502-C932,150,2025-02-09,2027-12-09,D8,2025-03-31
388,2406-G562,197,2024-06-09,2027-12-09,D7,2024-11-23
388,2505-F754,46,2025-05-09,2028-01-09,C8,2025-07-27
388,2512-T608,117,2025-12-09,2028-02-09,Rayon8,2026-06-07
389,2309-A960,103,2023-09-09,2027-01-09,B10,2024-04-27
389,2405-F138,133,2024-05-09,2027-06-09,D15,2026-03-21
389,2411-P734,27,2024-11-09,2027-12-09,C8,2025-12-06
390,2410-L590,196,2024-10-09,2027-03-09,C20,2025-02-21
390,2503-W909,125,2025-03-09,2028-01-09,C20,2025-05-07
390,2507-G062,197,2025-07-09,2028-05-09,Rayon3,2025-09-20
391,2312-N699,196,2023-12-09,2026-08-09,Rayon6,2024-06-04
391,2412-T869,114,2024-12-09,2027-01-09,C15,2025-07-19
392,2407-L421,101,2024-07-09,2027-04-09,Rayon1,2025-07-18
392,2504-G890,91,2025-04-09,2028-08-09,B10,2025-11-26
392,2508-G992,152,2025-08-09,2028-10-09,B13,2025-09-19
393,2412-K826,19,2024-12-09,2027-11-09,C20,2026-04-17
393,2504-E826,7,2025-04-09,2028-04-09,B4,2026-06-22
394,2405-T293,38,2024-05-09,2027-01-09,A11,2025-12-03
394,2504-K416,16,2025-04-09,2028-09-09,Rayon2,2025-05-16
394,2604-T705,19,2026-04-09,2028-12-09,D14,2026-06-01
395,2408-V539,120,2024-08-09,2026-11-09,C2,2025-03-17
395,2412-M497,177,2024-12-09,2027-03-09,Rayon2,2025-10-18
396,2409-H559,25,2024-09-09,2026-09-09,A13,2026-01-01
396,2504-A641,96,2025-04-09,2028-01-09,D12,2026-04-19
396,2509-K093,13,2025-09-09,2028-06-09,A19,2025-10-26
397,2406-F717,156,2024-06-09,2027-11-09,B7,2025-06-01
397,2504-P018,6,2025-04-09,2028-09-09,D16,2026-04-01
397,2508-E680,58,2025-08-09,2028-10-09,A17,2026-01-02
398,2410-R895,25,2024-10-09,2026-11-09,C13,2026-07-08
398,2509-B206,168,2025-09-09,2028-06-09,Rayon2,2026-05-20
399,2404-V035,153,2024-04-09,2026-07-09,Rayon6,2024-04-22
399,2411-Z227,67,2024-11-09,2026-11-09,C3,2025-03-07
400,2312-W850,71,2023-12-09,2027-04-09,C8,2025-08-09
400,2406-F703,90,2024-06-09,2027-06-09,C5,2025-12-12
401,2403-E920,50,2024-03-09,2027-07-09,B12,2024-12-17
401,2407-W282,11,2024-07-09,2027-10-09,C17,2024-12-06
402,2406-W831,128,2024-06-09,2026-10-09,D18,2026-02-20
402,2503-R736,120,2025-03-09,2028-01-09,C17,2026-06-01
402,2602-Y834,75,2026-02-09,2028-05-09,B11,2026-04-17
403,2404-G553,19,2024-04-09,2026-09-09,C4,2025-08-07
403,2412-Y722,176,2024-12-09,2027-01-09,Rayon6,2025-08-08
404,2310-A347,111,2023-10-09,2027-01-09,A20,2024-03-20
404,2406-R363,166,2024-06-09,2027-09-09,Rayon9,2025-01-09
404,2503-K334,14,2025-03-09,2027-11-09,C7,2026-02-27
405,2402-A661,153,2024-02-09,2026-03-09,B15,2025-10-05
405,2406-M521,108,2024-06-09,2027-12-09,A9,2025-01-29
406,2409-R437,127,2024-09-09,2027-03-09,A6,2025-12-24
406,2507-L522,16,2025-07-09,2027-10-09,B2,2026-06-18
406,2605-E415,19,2026-05-09,2028-10-09,B17,2026-05-10
407,2410-P391,54,2024-10-09,2027-10-09,A1,2025-05-18
407,2503-H339,56,2025-03-09,2028-02-09,A7,2026-01-20
408,2409-M455,61,2024-09-09,2028-03-09,B4,2026-03-20
408,2504-G252,111,2025-04-09,2028-05-09,C10,2025-07-24
408,2511-K756,43,2025-11-09,2028-09-09,D20,2025-12-06
409,2402-C872,39,2024-02-09,2027-01-09,B11,2025-12-21
409,2409-E868,49,2024-09-09,2027-06-09,C19,2025-06-12
409,2508-L755,151,2025-08-09,2028-12-09,C13,2026-02-09
410,2404-C866,147,2024-04-09,2027-03-09,A9,2024-08-09
410,2410-N277,73,2024-10-09,2027-09-09,C13,2024-10-23
411,2405-V998,121,2024-05-09,2027-09-09,B8,2025-09-19
411,2412-F304,79,2024-12-09,2028-01-09,C10,2025-07-24
411,2505-F730,188,2025-05-09,2028-03-09,D20,2025-05-15
412,2411-W578,4,2024-11-09,2027-08-09,Rayon2,2024-11-27
412,2509-M483,11,2025-09-09,2028-08-09,A17,2025-11-04
413,2409-G602,91,2024-09-09,2028-02-09,C3,2025-02-21
413,2501-C910,198,2025-01-09,2028-08-09,D12,2026-01-21
414,2405-V540,166,2024-05-09,2026-10-09,Rayon9,2025-04-16
414,2411-W736,89,2024-11-09,2028-03-09,D18,2025-07-06
415,2311-D707,114,2023-11-09,2026-09-09,A3,2025-02-13
415,2407-D720,88,2024-07-09,2026-11-09,B5,2025-04-26
416,2410-E283,97,2024-10-09,2026-10-09,B9,2025-06-27
416,2506-A157,22,2025-06-09,2027-12-09,C16,2026-01-07
416,2512-Y658,45,2025-12-09,2028-02-09,Rayon9,2026-01-10
417,2312-E850,118,2023-12-09,2027-04-09,B20,2026-02-08
417,2409-E926,134,2024-09-09,2027-10-09,A19,2025-05-20
418,2405-D375,78,2024-05-09,2027-04-09,Rayon7,2025-01-15
418,2503-Z304,72,2025-03-09,2027-07-09,D5,2026-03-10
419,2402-A480,181,2024-02-09,2027-02-09,D13,2024-02-16
419,2409-B173,114,2024-09-09,2027-07-09,Rayon7,2026-05-31
419,2501-K350,71,2025-01-09,2027-09-09,D16,2026-02-06
420,2407-Y511,149,2024-07-09,2027-07-09,B19,2026-04-18
420,2507-W381,15,2025-07-09,2028-06-09,A19,2026-03-11
421,2310-A026,172,2023-10-09,2026-04-09,A1,2025-12-30
421,2406-E247,152,2024-06-09,2027-07-09,B9,2025-12-04
422,2309-Z220,145,2023-09-09,2025-10-09,C17,2024-12-25
422,2404-N902,193,2024-04-09,2027-10-09,C9,2025-08-13
422,2412-J728,105,2024-12-09,2028-03-09,B13,2025-10-03
423,2401-P423,188,2024-01-09,2026-08-09,D10,2025-05-23
423,2409-T530,61,2024-09-09,2027-11-09,Rayon1,2025-06-07
424,2407-H151,50,2024-07-09,2027-12-09,Rayon8,2025-12-19
424,2506-V989,67,2025-06-09,2028-06-09,B14,2025-11-01
424,2604-W738,86,2026-04-09,2029-06-09,C16,2026-06-15
425,2403-N413,155,2024-03-09,2027-02-09,D14,2026-04-26
425,2409-H611,177,2024-09-09,2027-10-09,Rayon4,2025-02-15
425,2502-A618,62,2025-02-09,2028-02-09,C11,2025-10-21
426,2410-J752,116,2024-10-09,2027-06-09,C6,2025-05-12
426,2510-E414,34,2025-10-09,2028-08-09,Rayon4,2026-05-14
426,2607-V652,92,2026-07-09,2029-08-09,Rayon7,2026-07-10
427,2310-F253,96,2023-10-09,2026-02-09,D3,2025-11-22
427,2408-A628,38,2024-08-09,2027-12-09,D14,2026-03-05
428,2311-W129,179,2023-11-09,2026-11-09,B5,2023-12-26
428,2409-K756,9,2024-09-09,2027-09-09,B20,2024-11-30
429,2402-H087,110,2024-02-09,2027-05-09,A18,2025-12-15
429,2406-H921,122,2024-06-09,2027-07-09,C16,2025-11-05
429,2505-L535,176,2025-05-09,2028-09-09,B16,2025-05-09
430,2311-M505,105,2023-11-09,2026-08-09,C19,2024-01-11
430,2409-W192,165,2024-09-09,2027-07-09,A10,2025-08-19
431,2409-X801,13,2024-09-09,2027-08-09,C16,2026-05-21
431,2508-B684,149,2025-08-09,2027-09-09,Rayon3,2025-11-25
432,2311-H054,39,2023-11-09,2026-04-09,B9,2025-05-24
432,2410-W107,53,2024-10-09,2027-12-09,Rayon3,2026-06-23
433,2312-D878,30,2023-12-09,2027-06-09,C2,2025-10-05
433,2406-D320,112,2024-06-09,2027-10-09,Rayon4,2025-02-05
433,2504-C735,119,2025-04-09,2028-04-09,C19,2025-08-12
434,2401-Z041,44,2024-01-09,2027-03-09,A18,2026-05-30
434,2409-T495,14,2024-09-09,2027-06-09,D15,2025-10-07
434,2506-D645,115,2025-06-09,2028-07-09,A16,2025-09-30
435,2403-Z176,136,2024-03-09,2027-08-09,Rayon2,2026-04-18
435,2410-D294,71,2024-10-09,2027-09-09,B14,2025-12-01
436,2403-X619,18,2024-03-09,2026-11-09,C3,2024-09-18
436,2407-K734,159,2024-07-09,2027-05-09,B15,2026-06-01
436,2503-C476,52,2025-03-09,2028-06-09,D20,2025-08-26
437,2410-K040,107,2024-10-09,2027-02-09,Rayon3,2025-06-29
437,2507-G667,178,2025-07-09,2028-10-09,Rayon7,2026-05-04
437,2511-Y343,47,2025-11-09,2029-05-09,Rayon2,2026-04-15
438,2406-V331,134,2024-06-09,2026-12-09,C9,2025-12-10
438,2410-N112,31,2024-10-09,2027-06-09,Rayon6,2026-03-16
439,2310-A425,11,2023-10-09,2026-06-09,A9,2024-11-14
439,2406-X094,77,2024-06-09,2026-10-09,D20,2026-02-08
440,2501-P445,155,2025-01-09,2028-01-09,B7,2025-11-24
440,2510-Y135,66,2025-10-09,2029-02-09,Rayon4,2026-05-12
441,2412-K744,200,2024-12-09,2027-07-09,D5,2025-10-14
441,2512-G271,186,2025-12-09,2028-10-09,C16,2025-12-09
441,2605-X734,70,2026-05-09,2029-04-09,D13,2026-05-25
442,2410-M067,104,2024-10-09,2026-12-09,D15,2025-12-30
442,2510-X974,121,2025-10-09,2028-06-09,D13,2026-04-18
442,2605-N141,184,2026-05-09,2028-10-09,D5,2026-05-25
443,2312-Y024,106,2023-12-09,2027-04-09,Rayon9,2025-09-18
443,2411-E485,123,2024-11-09,2027-05-09,C15,2026-03-08
443,2504-J633,105,2025-04-09,2027-09-09,Rayon5,2025-08-13
444,2407-G725,15,2024-07-09,2027-08-09,Rayon7,2026-05-07
444,2505-V367,181,2025-05-09,2028-09-09,A13,2025-12-26
444,2511-C447,162,2025-11-09,2029-03-09,Rayon8,2026-03-23
445,2407-T222,174,2024-07-09,2027-01-09,C14,2024-12-12
445,2503-L946,149,2025-03-09,2027-10-09,A5,2025-07-18
445,2508-T360,184,2025-08-09,2028-01-09,Rayon7,2026-02-19
446,2312-W152,196,2023-12-09,2026-08-09,D14,2024-08-26
446,2408-X290,14,2024-08-09,2028-01-09,C8,2025-07-27
447,2405-Z619,177,2024-05-09,2027-02-09,Rayon8,2026-01-07
447,2409-L956,56,2024-09-09,2027-08-09,B19,2025-10-06
447,2509-L323,4,2025-09-09,2028-02-09,B5,2026-01-26
448,2402-N481,57,2024-02-09,2026-07-09,D1,2025-01-24
448,2407-P022,82,2024-07-09,2026-08-09,D14,2024-09-26
448,2505-W834,91,2025-05-09,2028-05-09,A14,2025-10-08
449,2501-C433,29,2025-01-09,2028-07-09,C19,2025-12-03
449,2510-T088,26,2025-10-09,2028-12-09,C18,2025-10-28
450,2407-D566,79,2024-07-09,2027-03-09,Rayon4,2025-12-05
450,2504-K631,35,2025-04-09,2027-06-09,Rayon6,2025-12-15
450,2601-W410,199,2026-01-09,2029-07-09,Rayon1,2026-02-25
451,2411-A019,16,2024-11-09,2027-01-09,D3,2025-02-21
451,2505-B922,24,2025-05-09,2028-03-09,C11,2026-05-11
452,2311-T487,65,2023-11-09,2026-11-09,D5,2026-04-18
452,2406-Z949,190,2024-06-09,2027-05-09,A7,2025-02-15
453,2406-H508,89,2024-06-09,2027-01-09,Rayon3,2024-08-17
453,2502-W190,121,2025-02-09,2027-12-09,D8,2025-10-05
454,2401-G021,122,2024-01-09,2027-05-09,A2,2024-02-21
454,2410-C863,122,2024-10-09,2028-04-09,Rayon2,2024-10-14
454,2503-X985,39,2025-03-09,2028-09-09,C3,2026-04-11
455,2401-B015,75,2024-01-09,2027-07-09,Rayon6,2025-02-04
455,2501-F302,198,2025-01-09,2027-10-09,D1,2025-05-10
455,2601-F856,119,2026-01-09,2028-03-09,B2,2026-06-08
456,2309-W917,120,2023-09-09,2026-06-09,D3,2024-08-26
456,2403-F959,163,2024-03-09,2026-07-09,C7,2025-04-20
456,2408-G482,119,2024-08-09,2027-05-09,C16,2025-10-03
457,2501-J100,56,2025-01-09,2027-10-09,C12,2026-02-24
457,2510-E755,60,2025-10-09,2028-03-09,D18,2025-10-24
457,2604-G957,125,2026-04-09,2028-08-09,B1,2026-04-15
458,2412-D191,27,2024-12-09,2028-04-09,A14,2026-03-19
458,2505-C247,154,2025-05-09,2028-05-09,Rayon8,2025-11-22
459,2407-Z453,92,2024-07-09,2026-11-09,A19,2025-12-15
459,2505-R897,182,2025-05-09,2028-07-09,C13,2026-03-22
459,2512-A183,56,2025-12-09,2028-12-09,Rayon2,2026-05-20
460,2402-K964,168,2024-02-09,2026-02-09,A5,2025-03-02
460,2501-A523,149,2025-01-09,2027-09-09,C11,2026-04-07
461,2501-X719,98,2025-01-09,2028-07-09,C15,2026-03-12
461,2507-R186,23,2025-07-09,2028-12-09,Rayon7,2025-07-25
461,2602-X577,81,2026-02-09,2029-03-09,B7,2026-06-26
462,2401-T536,79,2024-01-09,2026-04-09,A13,2024-09-03
462,2408-A731,176,2024-08-09,2026-08-09,C8,2025-03-01
463,2311-X901,18,2023-11-09,2026-12-09,C12,2024-11-14
463,2410-L286,36,2024-10-09,2027-04-09,B8,2025-11-09
464,2309-H250,38,2023-09-09,2026-07-09,A5,2026-06-30
464,2403-A433,105,2024-03-09,2026-11-09,C17,2024-10-30
464,2502-H124,127,2025-02-09,2027-07-09,C11,2026-06-04
465,2410-G596,156,2024-10-09,2026-10-09,D6,2026-06-19
465,2503-J023,118,2025-03-09,2028-01-09,A16,2025-12-14
466,2409-R899,84,2024-09-09,2027-03-09,D2,2026-02-05
466,2503-P641,156,2025-03-09,2027-05-09,C16,2025-05-31
466,2603-E550,21,2026-03-09,2028-08-09,B17,2026-05-10
467,2312-L865,108,2023-12-09,2026-12-09,B16,2026-06-09
467,2410-Z971,113,2024-10-09,2027-10-09,A20,2024-10-26
468,2410-T099,86,2024-10-09,2027-10-09,Rayon5,2024-12-12
468,2507-C441,98,2025-07-09,2028-05-09,Rayon5,2026-01-06
468,2604-B247,160,2026-04-09,2029-02-09,C9,2026-04-25
469,2501-V537,90,2025-01-09,2027-03-09,D2,2025-02-08
469,2506-P068,165,2025-06-09,2028-05-09,B18,2025-11-19
470,2408-W787,34,2024-08-09,2027-09-09,A17,2025-03-13
470,2507-K086,11,2025-07-09,2028-11-09,D17,2026-04-16
470,2606-W663,20,2026-06-09,2029-10-09,Rayon1,2026-06-25
471,2405-G253,159,2024-05-09,2027-07-09,D13,2026-02-05
471,2412-W804,24,2024-12-09,2027-11-09,Rayon5,2026-02-02
471,2508-H332,91,2025-08-09,2028-03-09,D14,2025-11-10
472,2408-J866,130,2024-08-09,2026-08-09,A14,2025-11-12
472,2504-W893,116,2025-04-09,2028-04-09,C3,2025-07-01
472,2511-F166,170,2025-11-09,2028-11-09,D20,2026-02-01
473,2403-G164,6,2024-03-09,2026-10-09,Rayon8,2024-09-11
473,2503-K273,65,2025-03-09,2028-03-09,B15,2025-08-09
474,2312-D360,26,2023-12-09,2026-04-09,Rayon1,2025-09-19
474,2407-R788,23,2024-07-09,2027-04-09,D13,2024-09-13
474,2502-E527,137,2025-02-09,2027-07-09,C7,2025-07-22
475,2401-Y433,13,2024-01-09,2027-03-09,A5,2026-02-16
475,2407-P999,199,2024-07-09,2027-07-09,Rayon5,2024-09-08
476,2501-F722,129,2025-01-09,2027-09-09,Rayon4,2026-04-26
476,2506-C748,191,2025-06-09,2028-11-09,A6,2026-04-02
476,2512-L130,52,2025-12-09,2029-05-09,Rayon1,2026-04-23
477,2402-R380,162,2024-02-09,2026-03-09,A19,2025-11-10
477,2409-R844,113,2024-09-09,2027-04-09,A11,2025-12-29
478,2312-N884,119,2023-12-09,2027-04-09,C17,2026-01-06
478,2407-M564,71,2024-07-09,2027-09-09,Rayon7,2025-06-29
479,2410-J195,183,2024-10-09,2026-11-09,B12,2025-12-16
479,2504-A279,60,2025-04-09,2027-10-09,C9,2025-07-04
480,2412-F696,156,2024-12-09,2027-10-09,Rayon8,2025-03-01
480,2504-M688,138,2025-04-09,2028-05-09,C14,2025-09-01
481,2312-J485,25,2023-12-09,2027-04-09,B6,2025-04-30
481,2405-W885,38,2024-05-09,2027-10-09,A3,2025-09-09
481,2501-W853,162,2025-01-09,2028-04-09,A7,2025-10-05
482,2410-D151,84,2024-10-09,2026-11-09,Rayon7,2025-11-06
482,2509-T145,185,2025-09-09,2028-06-09,D17,2026-01-05
483,2403-Y007,15,2024-03-09,2027-01-09,B7,2024-03-16
483,2409-W129,90,2024-09-09,2027-04-09,D14,2026-04-19
484,2412-N474,54,2024-12-09,2027-09-09,C6,2024-12-28
484,2506-N834,67,2025-06-09,2028-05-09,D7,2025-10-10
485,2410-T872,141,2024-10-09,2027-03-09,B17,2025-10-01
485,2507-E449,164,2025-07-09,2028-08-09,Rayon9,2026-01-18
486,2311-W385,119,2023-11-09,2026-02-09,B7,2025-08-12
486,2405-P200,108,2024-05-09,2027-11-09,B19,2024-12-30
486,2502-T747,189,2025-02-09,2028-03-09,C5,2025-08-05
487,2312-W789,16,2023-12-09,2026-10-09,A1,2026-02-04
487,2406-T158,157,2024-06-09,2027-11-09,A16,2025-10-01
487,2502-W952,108,2025-02-09,2028-03-09,D1,2026-04-18
488,2409-M457,44,2024-09-09,2026-11-09,C3,2025-02-26
488,2505-T707,160,2025-05-09,2027-07-09,C17,2025-10-26
489,2411-X370,14,2024-11-09,2027-05-09,Rayon4,2025-04-13
489,2510-F411,39,2025-10-09,2028-08-09,Rayon7,2026-06-27
490,2501-P993,67,2025-01-09,2027-06-09,C15,2025-09-11
490,2507-H509,16,2025-07-09,2028-02-09,A12,2025-08-08
490,2603-Z915,27,2026-03-09,2029-09-09,Rayon2,2026-04-01
491,2404-L535,55,2024-04-09,2026-04-09,C11,2025-05-29
491,2411-C598,66,2024-11-09,2027-10-09,B6,2026-05-18
492,2407-K472,186,2024-07-09,2026-07-09,C18,2025-05-14
492,2505-P870,197,2025-05-09,2028-09-09,B17,2026-03-01
492,2511-D223,47,2025-11-09,2029-03-09,C7,2026-07-06
493,2411-F398,30,2024-11-09,2027-08-09,Rayon6,2025-06-19
493,2504-X225,194,2025-04-09,2028-08-09,A13,2026-02-16
494,2402-M743,176,2024-02-09,2026-09-09,C1,2024-04-08
494,2410-A524,195,2024-10-09,2027-06-09,A1,2025-10-03
494,2505-X014,145,2025-05-09,2027-10-09,Rayon9,2025-11-06
495,2407-H530,183,2024-07-09,2026-12-09,Rayon8,2025-05-04
495,2506-R717,154,2025-06-09,2027-06-09,A1,2026-07-07
495,2602-N460,155,2026-02-09,2028-06-09,D9,2026-02-15
496,2412-M612,175,2024-12-09,2028-04-09,C11,2024-12-24
496,2507-M018,73,2025-07-09,2028-07-09,B17,2026-02-18
497,2501-Y746,185,2025-01-09,2027-02-09,C5,2025-12-24
497,2601-B019,182,2026-01-09,2029-03-09,A5,2026-03-13
497,2607-H798,164,2026-07-09,2029-09-09,D8,2026-07-10
498,2310-Y001,57,2023-10-09,2027-04-09,D4,2025-01-26
498,2407-R281,98,2024-07-09,2027-08-09,B8,2026-02-16
498,2502-H941,81,2025-02-09,2027-09-09,Rayon6,2025-05-28
499,2404-Y422,71,2024-04-09,2026-08-09,C5,2024-09-13
499,2411-R884,191,2024-11-09,2028-02-09,B6,2025-07-18
499,2504-H020,165,2025-04-09,2028-06-09,Rayon8,2026-01-01
500,2406-H334,79,2024-06-09,2026-09-09,Rayon4,2025-03-07
500,2411-F596,83,2024-11-09,2027-08-09,D16,2025-05-10
501,2405-F881,195,2024-05-09,2026-05-09,Rayon1,2024-12-30
501,2503-E755,191,2025-03-09,2027-10-09,C9,2025-10-02
501,2510-N854,25,2025-10-09,2028-10-09,B1,2025-10-27
502,2501-Y100,67,2025-01-09,2027-06-09,C12,2026-03-25
502,2507-D857,187,2025-07-09,2028-11-09,A3,2025-10-24
503,2401-B764,188,2024-01-09,2026-06-09,A13,2025-06-07
503,2407-L327,74,2024-07-09,2027-06-09,B4,2025-04-22
503,2412-L956,56,2024-12-09,2027-10-09,B7,2026-03-04
504,2310-R903,93,2023-10-09,2026-11-09,B3,2024-03-26
504,2408-A354,61,2024-08-09,2027-08-09,Rayon9,2026-06-15
504,2505-T753,20,2025-05-09,2028-11-09,Rayon9,2026-05-14
505,2404-W307,113,2024-04-09,2026-06-09,B12,2024-07-16
505,2410-Z321,51,2024-10-09,2027-03-09,Rayon1,2026-05-28
505,2506-E843,164,2025-06-09,2028-06-09,B8,2025-09-23
506,2410-G598,110,2024-10-09,2027-12-09,Rayon4,2025-02-19
506,2510-W472,61,2025-10-09,2029-02-09,Rayon4,2026-04-12
506,2605-F858,146,2026-05-09,2029-05-09,D6,2026-06-04
507,2407-P989,164,2024-07-09,2026-12-09,Rayon2,2025-11-15
507,2507-Y595,88,2025-07-09,2027-10-09,D14,2026-03-21
507,2602-W753,77,2026-02-09,2029-04-09,Rayon6,2026-05-20
508,2412-Y186,28,2024-12-09,2028-06-09,Rayon4,2025-06-07
508,2511-E798,109,2025-11-09,2029-05-09,B7,2026-03-23
509,2405-V609,11,2024-05-09,2026-05-09,Rayon7,2025-07-14
509,2502-V080,56,2025-02-09,2028-03-09,D6,2025-09-13
510,2409-J465,183,2024-09-09,2027-01-09,Rayon9,2025-05-07
510,2504-T681,73,2025-04-09,2028-09-09,B13,2025-08-19
511,2411-J745,94,2024-11-09,2027-11-09,C14,2025-08-31
511,2504-C383,136,2025-04-09,2028-07-09,A8,2025-05-20
512,2312-M113,108,2023-12-09,2026-03-09,D5,2025-05-08
512,2406-F655,12,2024-06-09,2027-06-09,B20,2025-07-06
512,2412-W068,66,2024-12-09,2027-10-09,D14,2025-12-24
513,2401-M001,30,2024-01-09,2026-01-09,C20,2025-02-19
513,2408-J636,6,2024-08-09,2027-12-09,Rayon2,2024-09-01
514,2411-D412,157,2024-11-09,2027-08-09,C15,2025-12-20
514,2503-J347,189,2025-03-09,2028-08-09,C16,2026-01-21
514,2512-N355,200,2025-12-09,2028-10-09,Rayon5,2026-03-19
515,2410-P933,86,2024-10-09,2027-08-09,D13,2024-12-26
515,2503-N196,85,2025-03-09,2027-12-09,C2,2025-07-22
516,2309-D218,26,2023-09-09,2026-02-09,B6,2026-02-24
516,2409-Z492,106,2024-09-09,2027-12-09,A11,2025-11-26
516,2505-T243,125,2025-05-09,2028-04-09,C12,2025-10-30
517,2409-G027,19,2024-09-09,2027-09-09,B16,2026-02-08
517,2503-G824,155,2025-03-09,2028-08-09,Rayon1,2025-08-25
518,2407-J534,111,2024-07-09,2026-11-09,Rayon5,2025-06-10
518,2501-F601,78,2025-01-09,2027-10-09,B12,2025-02-03
519,2403-Z890,67,2024-03-09,2027-02-09,B2,2026-03-29
519,2409-L766,156,2024-09-09,2028-03-09,B20,2026-04-26
520,2412-T625,89,2024-12-09,2027-05-09,C8,2025-07-17
520,2511-C404,143,2025-11-09,2028-03-09,Rayon2,2026-07-09
521,2501-G665,159,2025-01-09,2027-03-09,D19,2025-11-29
521,2512-H841,60,2025-12-09,2028-06-09,Rayon1,2026-06-11
522,2311-D462,10,2023-11-09,2026-01-09,C5,2024-08-12
522,2406-F962,120,2024-06-09,2026-11-09,B2,2026-02-20
523,2312-F023,115,2023-12-09,2026-09-09,C19,2024-08-31
523,2404-M210,104,2024-04-09,2027-02-09,C3,2024-10-31
523,2502-B464,158,2025-02-09,2027-09-09,Rayon4,2025-03-18
524,2310-D351,156,2023-10-09,2026-11-09,D3,2024-05-06
524,2403-E792,69,2024-03-09,2027-01-09,C4,2024-10-04
524,2412-L849,26,2024-12-09,2028-06-09,B15,2026-06-03
525,2412-B131,110,2024-12-09,2028-04-09,A7,2026-06-07
525,2506-P932,105,2025-06-09,2028-08-09,C3,2026-03-27
525,2510-E394,94,2025-10-09,2028-10-09,D11,2026-06-27
526,2403-B413,85,2024-03-09,2027-09-09,D15,2024-04-13
526,2408-P503,164,2024-08-09,2028-02-09,Rayon1,2025-06-22
527,2312-B787,112,2023-12-09,2025-12-09,D18,2025-10-05
527,2410-V920,192,2024-10-09,2027-07-09,Rayon1,2026-06-04
528,2311-W168,168,2023-11-09,2026-01-09,D7,2025-05-26
528,2409-P501,106,2024-09-09,2026-12-09,B7,2025-08-02
528,2508-P236,9,2025-08-09,2028-02-09,B10,2026-02-16
529,2406-G565,194,2024-06-09,2027-03-09,B9,2024-12-06
529,2410-D274,179,2024-10-09,2027-05-09,Rayon6,2026-02-24
530,2312-N289,125,2023-12-09,2027-02-09,D13,2025-11-27
530,2412-K555,84,2024-12-09,2028-01-09,B8,2025-01-30
531,2409-E177,40,2024-09-09,2028-01-09,B11,2025-12-21
531,2508-X413,44,2025-08-09,2028-09-09,Rayon4,2026-01-08
531,2606-V817,63,2026-06-09,2029-09-09,C7,2026-06-28
532,2410-D446,57,2024-10-09,2028-02-09,A8,2026-01-19
532,2508-J694,129,2025-08-09,2028-04-09,Rayon9,2025-10-21
533,2410-G750,23,2024-10-09,2027-11-09,C13,2025-07-12
533,2502-E051,33,2025-02-09,2028-05-09,Rayon9,2025-12-29
534,2410-J715,173,2024-10-09,2027-04-09,B8,2025-07-08
534,2504-Y638,9,2025-04-09,2027-07-09,B5,2025-07-23
535,2412-Z626,111,2024-12-09,2027-11-09,A10,2024-12-18
535,2511-W403,176,2025-11-09,2029-02-09,B17,2026-01-07
535,2605-E180,139,2026-05-09,2029-05-09,Rayon2,2026-07-09
536,2404-B777,173,2024-04-09,2027-02-09,D20,2025-10-24
536,2412-A216,45,2024-12-09,2027-06-09,A8,2025-04-25
536,2511-K088,197,2025-11-09,2028-04-09,D18,2026-01-10
537,2408-G166,6,2024-08-09,2027-11-09,C12,2025-09-18
537,2412-B974,70,2024-12-09,2028-05-09,D7,2025-07-08
538,2311-W635,199,2023-11-09,2026-01-09,B14,2024-06-28
538,2404-X245,74,2024-04-09,2026-05-09,D14,2024-11-24
538,2410-A672,4,2024-10-09,2027-04-09,D11,2026-06-22
539,2409-G688,15,2024-09-09,2027-09-09,B1,2025-08-07
539,2507-A332,62,2025-07-09,2028-04-09,A19,2025-09-05
539,2606-F256,166,2026-06-09,2028-06-09,C10,2026-06-15
540,2310-K679,111,2023-10-09,2026-11-09,D18,2024-03-19
540,2406-P978,136,2024-06-09,2027-12-09,Rayon3,2025-06-26
541,2408-H283,158,2024-08-09,2027-11-09,B3,2026-05-08
541,2502-F118,184,2025-02-09,2027-12-09,Rayon2,2025-10-23
541,2511-P193,152,2025-11-09,2029-04-09,B9,2025-11-29
542,2309-V153,187,2023-09-09,2026-04-09,Rayon9,2026-01-09
542,2407-L840,76,2024-07-09,2027-01-09,D13,2025-04-23
542,2503-Y633,190,2025-03-09,2027-09-09,C15,2026-05-17
543,2410-M096,187,2024-10-09,2027-05-09,C11,2024-10-12
543,2503-X207,130,2025-03-09,2028-07-09,C2,2026-04-13
544,2310-V525,27,2023-10-09,2025-12-09,C8,2024-05-11
544,2404-X930,69,2024-04-09,2027-05-09,Rayon5,2024-08-27
544,2410-L798,143,2024-10-09,2028-01-09,C15,2024-10-25
545,2410-A975,41,2024-10-09,2027-06-09,D5,2025-10-09
545,2508-W783,139,2025-08-09,2028-06-09,C17,2026-04-27
546,2408-F242,68,2024-08-09,2027-11-09,B15,2024-11-12
546,2502-W603,63,2025-02-09,2028-05-09,C10,2026-02-01
547,2411-J705,132,2024-11-09,2026-11-09,C17,2025-08-16
547,2503-C353,80,2025-03-09,2027-12-09,B4,2025-11-06
548,2411-C634,119,2024-11-09,2027-12-09,A17,2025-12-25
548,2505-Z225,166,2025-05-09,2028-03-09,C7,2025-05-19
548,2605-E066,96,2026-05-09,2029-09-09,B10,2026-05-16
549,2409-P116,197,2024-09-09,2026-11-09,A2,2024-12-18
549,2508-C328,64,2025-08-09,2027-09-09,C19,2026-05-12
550,2501-G850,60,2025-01-09,2028-07-09,B14,2025-09-06
550,2506-J891,196,2025-06-09,2028-08-09,A20,2026-03-11
550,2602-N235,87,2026-02-09,2029-08-09,D5,2026-06-17
551,2402-W733,135,2024-02-09,2027-01-09,C5,2024-12-17
551,2408-N387,152,2024-08-09,2027-09-09,C8,2025-08-22
552,2410-Z978,194,2024-10-09,2027-03-09,C2,2025-09-23
552,2502-N338,194,2025-02-09,2028-04-09,Rayon9,2026-02-06
552,2512-L290,173,2025-12-09,2028-08-09,D7,2026-03-13
553,2311-T337,136,2023-11-09,2027-03-09,Rayon6,2026-02-02
553,2405-A041,141,2024-05-09,2027-04-09,A10,2025-07-27
553,2502-M061,50,2025-02-09,2027-06-09,Rayon2,2026-05-10
554,2409-G878,184,2024-09-09,2027-02-09,B3,2025-10-08
554,2507-L204,87,2025-07-09,2028-07-09,B8,2025-09-14
555,2309-X722,73,2023-09-09,2026-02-09,C15,2025-12-20
555,2407-L777,158,2024-07-09,2027-08-09,C3,2026-03-06
555,2411-Y747,172,2024-11-09,2028-01-09,D19,2025-07-10
556,2408-L010,91,2024-08-09,2027-07-09,B9,2026-06-07
556,2504-W958,76,2025-04-09,2027-09-09,D19,2026-05-08
556,2604-B203,56,2026-04-09,2029-02-09,A7,2026-06-07
557,2501-E695,188,2025-01-09,2028-03-09,A14,2025-10-26
557,2511-X494,172,2025-11-09,2029-03-09,A5,2025-11-22
557,2607-J868,63,2026-07-09,2029-12-09,C14,2026-07-09
558,2412-P368,182,2024-12-09,2027-05-09,B8,2026-02-24
558,2512-V274,18,2025-12-09,2028-01-09,B10,2026-03-09
559,2411-H821,190,2024-11-09,2027-03-09,B7,2025-12-13
559,2507-W698,87,2025-07-09,2029-01-09,C8,2026-04-27
560,2404-R545,61,2024-04-09,2027-10-09,B2,2024-08-13
560,2504-E555,68,2025-04-09,2028-01-09,A3,2025-06-28
560,2508-L543,112,2025-08-09,2028-04-09,C16,2025-09-24
561,2409-D001,103,2024-09-09,2027-03-09,D6,2024-10-31
561,2502-X608,23,2025-02-09,2027-09-09,C11,2025-04-25
562,2407-N465,89,2024-07-09,2027-09-09,B7,2025-07-05
562,2505-V094,126,2025-05-09,2028-06-09,D6,2026-03-10
563,2405-H158,183,2024-05-09,2027-05-09,D20,2026-07-04
563,2502-Z064,145,2025-02-09,2027-09-09,B8,2025-10-26
563,2506-D190,163,2025-06-09,2028-02-09,B20,2025-08-13
564,2311-B265,130,2023-11-09,2026-01-09,A19,2024-05-23
564,2406-J970,98,2024-06-09,2027-04-09,Rayon5,2026-06-27
564,2505-H304,83,2025-05-09,2027-08-09,Rayon5,2026-02-04
565,2409-M363,28,2024-09-09,2027-08-09,C10,2026-03-22
565,2508-D364,28,2025-08-09,2028-11-09,D11,2025-08-27
566,2412-Y314,41,2024-12-09,2027-02-09,C14,2026-07-08
566,2510-E958,28,2025-10-09,2028-05-09,B17,2026-01-05
567,2412-W803,32,2024-12-09,2027-03-09,Rayon5,2025-10-22
567,2504-E527,8,2025-04-09,2027-07-09,C1,2025-10-10
568,2309-A427,123,2023-09-09,2026-05-09,C6,2024-05-08
568,2408-J910,106,2024-08-09,2026-08-09,Rayon4,2025-08-29
569,2406-L017,142,2024-06-09,2027-08-09,D5,2025-01-18
569,2411-F539,68,2024-11-09,2027-12-09,B7,2024-12-08
570,2411-H690,195,2024-11-09,2028-05-09,A6,2025-02-21
570,2511-A410,17,2025-11-09,2028-10-09,D11,2025-12-27
570,2606-X718,18,2026-06-09,2029-08-09,B14,2026-06-16
571,2412-L524,10,2024-12-09,2027-08-09,B2,2025-07-26
571,2505-H075,128,2025-05-09,2028-10-09,D16,2026-05-04
572,2312-Z202,183,2023-12-09,2026-07-09,C5,2026-04-06
572,2410-P539,61,2024-10-09,2027-10-09,B5,2024-12-15
573,2410-Z206,72,2024-10-09,2026-10-09,C16,2025-11-19
573,2505-R769,116,2025-05-09,2028-09-09,A4,2026-02-19
574,2409-M320,11,2024-09-09,2027-11-09,Rayon1,2025-09-14
574,2502-Y373,197,2025-02-09,2028-04-09,Rayon4,2026-05-07
575,2409-D103,58,2024-09-09,2028-03-09,B1,2026-02-12
575,2504-D374,47,2025-04-09,2028-07-09,B10,2025-06-14
575,2509-H405,105,2025-09-09,2028-09-09,D14,2026-06-22
576,2409-W212,40,2024-09-09,2028-03-09,Rayon6,2025-10-04
576,2505-E931,40,2025-05-09,2028-08-09,C17,2025-12-20
577,2403-Y436,10,2024-03-09,2027-03-09,B11,2025-09-24
577,2407-G881,125,2024-07-09,2027-06-09,D16,2025-11-21
577,2411-D743,79,2024-11-09,2027-08-09,C16,2025-09-15
578,2401-E392,147,2024-01-09,2026-11-09,Rayon1,2026-04-24
578,2411-J863,125,2024-11-09,2028-05-09,A4,2025-11-13
578,2503-Y173,187,2025-03-09,2028-08-09,D9,2026-03-08
579,2404-K739,58,2024-04-09,2027-05-09,D20,2025-08-15
579,2503-J018,41,2025-03-09,2027-09-09,Rayon9,2025-05-17
580,2411-P253,96,2024-11-09,2027-11-09,D15,2026-01-09
580,2511-M796,17,2025-11-09,2029-05-09,B18,2025-12-02
580,2606-B618,24,2026-06-09,2029-10-09,C16,2026-06-20
581,2402-E608,135,2024-02-09,2026-05-09,C2,2024-06-20
581,2407-M924,115,2024-07-09,2027-03-09,B14,2024-10-18
582,2409-D745,62,2024-09-09,2027-05-09,Rayon3,2025-07-29
582,2509-M173,95,2025-09-09,2027-09-09,B10,2026-05-26
582,2607-H111,125,2026-07-09,2029-10-09,A1,2026-07-10
583,2409-T762,49,2024-09-09,2027-10-09,D18,2025-09-27
583,2506-C856,96,2025-06-09,2028-02-09,D18,2026-01-18
583,2603-L181,173,2026-03-09,2028-04-09,Rayon9,2026-04-03
584,2501-N439,182,2025-01-09,2028-04-09,D11,2025-04-07
584,2510-C227,24,2025-10-09,2028-06-09,B4,2026-06-20
584,2606-P287,86,2026-06-09,2028-07-09,A14,2026-07-07
585,2405-G903,47,2024-05-09,2026-10-09,C19,2026-06-29
585,2505-P326,92,2025-05-09,2028-04-09,B17,2025-10-25
586,2406-N551,173,2024-06-09,2026-06-09,C1,2024-09-13
586,2412-M862,154,2024-12-09,2027-03-09,D8,2025-11-11
587,2409-D875,15,2024-09-09,2027-05-09,D13,2024-10-29
587,2504-A007,200,2025-04-09,2027-10-09,D14,2026-04-03
588,2411-A167,98,2024-11-09,2028-01-09,C2,2025-06-19
588,2507-G035,84,2025-07-09,2028-04-09,D18,2025-08-03
588,2601-X563,6,2026-01-09,2029-07-09,Rayon5,2026-04-29
589,2501-D700,147,2025-01-09,2027-04-09,C2,2025-04-01
589,2601-D455,25,2026-01-09,2028-04-09,D14,2026-01-28
590,2406-K667,151,2024-06-09,2026-09-09,A16,2024-07-05
590,2501-B118,76,2025-01-09,2028-04-09,B12,2025-02-17
591,2403-E480,66,2024-03-09,2027-08-09,C1,2026-03-28
591,2410-F511,177,2024-10-09,2027-11-09,D5,2025-09-23
591,2505-C207,195,2025-05-09,2028-11-09,A2,2026-01-09
592,2405-M626,72,2024-05-09,2026-12-09,Rayon2,2024-07-19
592,2504-M927,37,2025-04-09,2028-10-09,B19,2026-02-18
592,2509-W347,197,2025-09-09,2028-12-09,Rayon4,2026-05-27
593,2406-J651,6,2024-06-09,2027-07-09,C11,2024-11-22
593,2502-B517,120,2025-02-09,2027-09-09,B11,2025-05-28
593,2511-Z467,123,2025-11-09,2028-09-09,D3,2025-12-03
594,2412-C690,34,2024-12-09,2028-03-09,D19,2026-06-12
594,2506-Z857,75,2025-06-09,2028-12-09,A18,2026-01-10
595,2401-V664,41,2024-01-09,2026-03-09,B10,2024-01-23
595,2408-E450,141,2024-08-09,2027-06-09,B10,2025-06-04
596,2312-Z477,172,2023-12-09,2027-01-09,A4,2025-10-10
596,2405-B241,23,2024-05-09,2027-03-09,Rayon3,2025-08-18
596,2505-L717,84,2025-05-09,2028-06-09,A3,2025-06-28
597,2501-K998,10,2025-01-09,2028-02-09,Rayon4,2025-11-08
597,2509-W986,182,2025-09-09,2028-11-09,Rayon9,2025-09-12
598,2402-P281,59,2024-02-09,2026-11-09,D15,2025-02-02
598,2501-N872,130,2025-01-09,2028-06-09,D19,2025-06-14
598,2509-W677,163,2025-09-09,2028-08-09,B18,2026-03-26
599,2411-D216,69,2024-11-09,2027-11-09,B9,2025-06-24
599,2509-E492,19,2025-09-09,2029-02-09,A2,2026-04-06
599,2605-A822,43,2026-05-09,2029-03-09,D20,2026-06-08
600,2403-P070,106,2024-03-09,2027-05-09,C14,2025-10-16
600,2412-M747,87,2024-12-09,2028-03-09,A4,2026-03-30
601,2309-X127,195,2023-09-09,2026-06-09,D5,2024-11-21
601,2405-R851,24,2024-05-09,2026-11-09,A20,2025-01-22
601,2505-Z956,142,2025-05-09,2027-06-09,D19,2026-01-07
602,2403-P728,114,2024-03-09,2026-12-09,B5,2024-06-01
602,2408-L864,200,2024-08-09,2027-04-09,C10,2025-10-17
603,2311-T385,133,2023-11-09,2027-04-09,C19,2024-03-03
603,2408-V366,66,2024-08-09,2027-06-09,B3,2025-07-05
603,2502-B566,49,2025-02-09,2028-02-09,C18,2025-09-16
604,2410-L563,83,2024-10-09,2027-01-09,A20,2025-03-07
604,2502-D460,24,2025-02-09,2028-06-09,D14,2026-02-08
604,2508-B762,125,2025-08-09,2029-02-09,Rayon1,2026-07-05
605,2402-M149,37,2024-02-09,2027-07-09,B20,2025-09-04
605,2406-A237,153,2024-06-09,2027-09-09,B14,2024-10-12
606,2402-J524,117,2024-02-09,2027-04-09,A8,2024-07-05
606,2408-H145,126,2024-08-09,2028-01-09,Rayon7,2025-12-15
607,2309-W581,102,2023-09-09,2027-03-09,Rayon8,2024-08-28
607,2401-L794,163,2024-01-09,2027-04-09,D18,2025-05-01
607,2408-R286,82,2024-08-09,2027-06-09,A17,2026-06-15
608,2403-Y696,169,2024-03-09,2026-09-09,C19,2025-02-21
608,2411-K973,167,2024-11-09,2027-01-09,A7,2025-11-18
608,2508-X597,88,2025-08-09,2028-04-09,B1,2026-01-19
609,2411-M354,175,2024-11-09,2028-02-09,A7,2025-11-01
609,2505-H499,39,2025-05-09,2028-05-09,Rayon9,2025-11-12
609,2509-W248,185,2025-09-09,2028-09-09,D15,2026-07-08
610,2408-V646,190,2024-08-09,2027-09-09,B11,2025-09-28
610,2507-M884,57,2025-07-09,2028-05-09,B7,2026-05-22
610,2607-P360,33,2026-07-09,2028-11-09,Rayon6,2026-07-10
611,2310-X002,193,2023-10-09,2026-11-09,B20,2025-12-10
611,2410-D783,61,2024-10-09,2027-03-09,B18,2025-03-04
611,2510-X124,101,2025-10-09,2027-10-09,B18,2026-04-06
612,2411-A656,31,2024-11-09,2027-04-09,Rayon3,2024-11-24
612,2505-R081,125,2025-05-09,2028-11-09,Rayon9,2025-05-13
613,2406-B571,77,2024-06-09,2026-08-09,A9,2026-02-24
613,2502-Z413,117,2025-02-09,2028-07-09,B16,2025-08-26
614,2402-D248,91,2024-02-09,2027-04-09,C7,2025-09-20
614,2409-Z163,143,2024-09-09,2027-12-09,A5,2024-10-28
614,2502-R557,122,2025-02-09,2028-06-09,A15,2025-02-20
615,2501-N417,12,2025-01-09,2028-03-09,C9,2025-05-07
615,2505-T966,113,2025-05-09,2028-05-09,D20,2025-07-30
615,2512-Z882,44,2025-12-09,2028-10-09,Rayon5,2026-07-06
616,2409-D377,22,2024-09-09,2027-12-09,Rayon2,2024-12-21
616,2501-Z359,166,2025-01-09,2028-03-09,Rayon2,2025-07-11
617,2409-P030,91,2024-09-09,2027-07-09,C7,2025-01-25
617,2501-C769,105,2025-01-09,2027-09-09,B5,2025-06-18
617,2509-P307,129,2025-09-09,2028-05-09,Rayon1,2026-03-04
618,2410-D035,99,2024-10-09,2027-05-09,C14,2025-05-09
618,2504-E941,27,2025-04-09,2027-08-09,A12,2026-01-17
618,2511-X538,34,2025-11-09,2028-01-09,B5,2026-05-06
619,2501-F677,183,2025-01-09,2027-06-09,B6,2025-04-16
619,2511-V094,118,2025-11-09,2027-12-09,C13,2025-11-14
619,2604-F649,142,2026-04-09,2029-04-09,D9,2026-05-27
620,2406-J001,157,2024-06-09,2027-06-09,D19,2025-01-25
620,2503-Y544,190,2025-03-09,2028-05-09,Rayon8,2025-10-10
621,2407-L886,152,2024-07-09,2027-08-09,B19,2026-05-15
621,2412-E015,132,2024-12-09,2028-02-09,D4,2025-12-14
621,2512-L428,194,2025-12-09,2028-05-09,Rayon1,2026-03-21
622,2312-F408,87,2023-12-09,2026-03-09,D4,2025-08-31
622,2410-J436,50,2024-10-09,2026-10-09,D10,2025-07-12
623,2309-A786,158,2023-09-09,2026-01-09,D3,2025-09-03
623,2403-F607,108,2024-03-09,2026-03-09,C1,2026-06-09
623,2409-X248,120,2024-09-09,2027-08-09,Rayon5,2025-03-19
624,2411-F932,175,2024-11-09,2027-09-09,D9,2025-08-05
624,2507-B450,113,2025-07-09,2029-01-09,Rayon6,2025-08-23
625,2309-Z693,114,2023-09-09,2025-09-09,A17,2023-12-18
625,2409-F999,148,2024-09-09,2027-12-09,B15,2025-04-19
626,2501-W711,117,2025-01-09,2027-11-09,A12,2026-01-01
626,2506-F869,44,2025-06-09,2028-01-09,D17,2026-03-16
627,2405-F970,172,2024-05-09,2026-10-09,Rayon7,2024-10-28
627,2410-E419,120,2024-10-09,2027-04-09,C7,2024-10-22
627,2505-C936,161,2025-05-09,2027-06-09,A16,2025-05-28
628,2408-M954,47,2024-08-09,2027-08-09,Rayon3,2026-06-20
628,2504-X281,103,2025-04-09,2028-08-09,A15,2026-05-06
628,2601-W404,13,2026-01-09,2028-09-09,D1,2026-01-29
629,2310-B267,57,2023-10-09,2027-01-09,D15,2024-06-16
629,2409-J788,5,2024-09-09,2027-03-09,A9,2024-12-04
630,2401-C849,141,2024-01-09,2027-05-09,B11,2026-04-30
630,2406-L070,187,2024-06-09,2027-09-09,D2,2024-09-18
631,2405-Y504,21,2024-05-09,2026-05-09,D5,2025-10-08
631,2409-X211,100,2024-09-09,2026-12-09,C16,2025-11-20
631,2504-W081,155,2025-04-09,2027-04-09,B10,2025-09-10
632,2311-V034,69,2023-11-09,2027-04-09,D9,2024-01-21
632,2407-X743,81,2024-07-09,2027-09-09,C5,2025-08-15
633,2404-L951,96,2024-04-09,2026-05-09,Rayon6,2025-05-29
633,2408-B684,123,2024-08-09,2026-09-09,D6,2025-06-28
634,2310-G994,151,2023-10-09,2025-10-09,C5,2025-04-29
634,2405-H203,76,2024-05-09,2026-12-09,A10,2026-03-13
634,2505-A560,98,2025-05-09,2028-02-09,B15,2026-04-02
635,2410-R487,15,2024-10-09,2027-01-09,C15,2025-01-14
635,2508-H621,131,2025-08-09,2028-07-09,C8,2025-10-13
635,2512-K447,80,2025-12-09,2029-03-09,A17,2026-03-23
636,2405-B795,198,2024-05-09,2027-10-09,D17,2024-12-05
636,2412-C666,106,2024-12-09,2028-04-09,D17,2025-01-09
636,2511-E888,13,2025-11-09,2028-10-09,A16,2026-04-26
637,2311-Z655,166,2023-11-09,2026-04-09,D13,2024-06-16
637,2408-Z021,133,2024-08-09,2027-06-09,B20,2026-02-17
638,2409-F851,66,2024-09-09,2027-09-09,D9,2025-10-29
638,2509-N965,8,2025-09-09,2028-02-09,Rayon1,2025-12-22
638,2607-R027,197,2026-07-09,2028-07-09,B7,2026-07-09
639,2404-F503,195,2024-04-09,2027-02-09,C1,2026-05-01
639,2409-X595,65,2024-09-09,2027-04-09,A17,2026-03-23
640,2411-R356,51,2024-11-09,2028-02-09,D4,2025-09-25
640,2508-X099,112,2025-08-09,2028-03-09,A12,2025-09-22
640,2601-F438,187,2026-01-09,2029-01-09,D13,2026-05-26
641,2409-M856,191,2024-09-09,2027-11-09,B8,2025-08-08
641,2509-K711,68,2025-09-09,2028-04-09,D1,2025-11-04
641,2607-W741,176,2026-07-09,2029-01-09,Rayon9,2026-07-10
642,2408-G539,193,2024-08-09,2026-11-09,Rayon8,2024-10-07
642,2412-W140,153,2024-12-09,2027-02-09,D1,2026-01-26
642,2512-F006,113,2025-12-09,2029-02-09,D9,2026-04-09
643,2411-A273,56,2024-11-09,2026-11-09,B5,2025-11-14
643,2507-L301,139,2025-07-09,2028-02-09,D6,2025-08-27
644,2403-Z783,123,2024-03-09,2027-05-09,B20,2024-07-08
644,2503-C503,18,2025-03-09,2027-09-09,D13,2025-07-26
644,2601-F061,116,2026-01-09,2029-04-09,A16,2026-03-06
645,2501-L806,164,2025-01-09,2027-11-09,B2,2025-01-29
645,2509-Z055,45,2025-09-09,2029-03-09,A7,2026-01-27
646,2501-V568,57,2025-01-09,2027-02-09,B15,2026-04-26
646,2508-E795,127,2025-08-09,2028-11-09,Rayon6,2025-09-03
646,2605-M743,146,2026-05-09,2029-05-09,D15,2026-06-20
647,2312-C883,18,2023-12-09,2026-04-09,Rayon8,2024-11-27
647,2406-D540,74,2024-06-09,2027-05-09,B17,2026-06-02
647,2502-E713,155,2025-02-09,2028-07-09,A7,2025-04-17
648,2411-G375,143,2024-11-09,2026-12-09,C18,2025-05-12
648,2504-E927,165,2025-04-09,2028-02-09,Rayon2,2025-07-03
648,2509-Y193,66,2025-09-09,2028-11-09,Rayon2,2026-06-27
649,2405-B523,4,2024-05-09,2027-10-09,Rayon2,2024-10-21
649,2502-Y694,113,2025-02-09,2028-01-09,A1,2026-02-18
650,2405-X662,56,2024-05-09,2027-02-09,D11,2025-08-14
650,2411-X585,52,2024-11-09,2028-01-09,D8,2026-02-17
651,2408-D225,62,2024-08-09,2026-11-09,C20,2025-07-22
651,2506-M671,153,2025-06-09,2027-12-09,C10,2025-10-24
652,2405-T988,199,2024-05-09,2027-02-09,A10,2026-05-16
652,2411-D205,19,2024-11-09,2028-01-09,C5,2024-12-14
652,2507-Z608,27,2025-07-09,2028-04-09,A16,2026-03-20
653,2401-C019,91,2024-01-09,2026-06-09,Rayon1,2024-01-22
653,2405-Z729,33,2024-05-09,2026-08-09,A18,2024-11-09
653,2502-M071,67,2025-02-09,2027-12-09,B14,2026-02-11
654,2402-A002,100,2024-02-09,2026-06-09,B18,2025-09-08
654,2501-V090,107,2025-01-09,2027-03-09,D5,2025-06-23
655,2310-L007,154,2023-10-09,2026-10-09,C3,2026-07-06
655,2407-K524,72,2024-07-09,2027-08-09,Rayon2,2026-06-24
655,2501-C540,171,2025-01-09,2028-06-09,Rayon1,2025-03-11
656,2310-J919,84,2023-10-09,2026-05-09,Rayon8,2024-12-22
656,2406-T152,36,2024-06-09,2026-09-09,Rayon3,2025-08-02
656,2411-C244,12,2024-11-09,2027-03-09,D13,2024-12-30
657,2406-H680,69,2024-06-09,2027-08-09,Rayon9,2025-10-31
657,2505-L570,175,2025-05-09,2027-10-09,D18,2025-09-12
657,2601-V340,178,2026-01-09,2029-01-09,A1,2026-06-18
658,2501-D927,70,2025-01-09,2028-06-09,B14,2025-03-14
658,2509-E617,167,2025-09-09,2028-11-09,A13,2026-01-31
659,2402-D824,62,2024-02-09,2026-06-09,Rayon5,2025-10-30
659,2501-N414,153,2025-01-09,2028-03-09,D6,2025-12-22
660,2402-K035,142,2024-02-09,2026-04-09,A15,2025-12-15
660,2409-A245,119,2024-09-09,2026-12-09,Rayon3,2025-12-14
661,2410-H100,97,2024-10-09,2027-10-09,B6,2025-03-08
661,2502-R819,76,2025-02-09,2028-03-09,B17,2025-06-14
662,2311-C450,148,2023-11-09,2026-02-09,D16,2024-08-30
662,2406-Y004,123,2024-06-09,2026-07-09,Rayon1,2025-05-18
663,2410-W143,190,2024-10-09,2027-11-09,C19,2026-03-10
663,2502-M975,193,2025-02-09,2028-06-09,Rayon2,2025-10-12
663,2506-Z964,191,2025-06-09,2028-09-09,B3,2025-07-29
664,2408-K537,161,2024-08-09,2027-08-09,C9,2024-11-05
664,2505-Z221,14,2025-05-09,2028-04-09,Rayon2,2026-06-14
664,2512-K336,180,2025-12-09,2029-05-09,Rayon3,2026-06-30
665,2407-E483,187,2024-07-09,2026-07-09,A7,2026-05-23
665,2412-W115,96,2024-12-09,2027-09-09,Rayon7,2026-01-25
665,2506-E398,23,2025-06-09,2028-10-09,B8,2025-08-22
666,2406-G375,54,2024-06-09,2026-12-09,Rayon6,2024-07-15
666,2505-D286,59,2025-05-09,2028-11-09,C9,2025-10-06
666,2510-P372,29,2025-10-09,2029-03-09,Rayon4,2025-10-11
667,2404-X782,84,2024-04-09,2027-05-09,Rayon2,2025-11-03
667,2502-E200,52,2025-02-09,2028-06-09,B7,2025-08-11
668,2407-G471,179,2024-07-09,2027-05-09,B10,2025-07-22
668,2503-T615,199,2025-03-09,2027-06-09,Rayon7,2026-02-14
669,2310-K293,45,2023-10-09,2027-04-09,B16,2026-04-21
669,2409-Z511,157,2024-09-09,2028-01-09,Rayon2,2026-04-09
670,2501-R891,120,2025-01-09,2027-06-09,D6,2026-07-01
670,2511-B401,73,2025-11-09,2028-03-09,A17,2026-02-14
670,2606-J851,137,2026-06-09,2029-05-09,A8,2026-07-08
671,2403-C852,105,2024-03-09,2027-07-09,B4,2024-06-04
671,2409-A590,181,2024-09-09,2027-10-09,A7,2025-12-27
671,2509-L489,14,2025-09-09,2028-07-09,A17,2026-05-01
672,2408-R802,44,2024-08-09,2027-03-09,A9,2025-04-05
672,2508-E762,36,2025-08-09,2028-11-09,B20,2026-03-07
673,2310-E690,36,2023-10-09,2026-01-09,D2,2025-07-01
673,2406-P196,138,2024-06-09,2026-10-09,C5,2026-05-06
673,2411-K261,194,2024-11-09,2027-01-09,Rayon4,2025-07-25
674,2402-R832,66,2024-02-09,2026-02-09,C13,2026-03-22
674,2406-F642,34,2024-06-09,2027-01-09,C17,2026-05-01
675,2311-M710,141,2023-11-09,2026-05-09,D12,2026-07-03
675,2409-K384,59,2024-09-09,2027-05-09,D2,2025-02-02
675,2505-E984,56,2025-05-09,2028-10-09,A12,2026-04-09
676,2406-W074,167,2024-06-09,2027-01-09,D16,2025-03-08
676,2411-G184,24,2024-11-09,2027-11-09,Rayon6,2025-11-01
676,2508-Z813,184,2025-08-09,2027-12-09,A18,2026-05-16
677,2501-L111,32,2025-01-09,2027-04-09,D20,2025-10-20
677,2510-M980,158,2025-10-09,2027-10-09,A19,2026-02-08
678,2311-N663,121,2023-11-09,2026-12-09,D12,2025-11-10
678,2407-W886,122,2024-07-09,2027-08-09,A9,2025-05-18
678,2411-W639,182,2024-11-09,2028-01-09,D3,2025-07-31
679,2404-K367,25,2024-04-09,2027-04-09,Rayon1,2024-09-24
679,2410-M535,49,2024-10-09,2027-06-09,Rayon7,2025-04-16
680,2404-T536,123,2024-04-09,2027-10-09,Rayon6,2024-06-18
680,2502-P684,157,2025-02-09,2028-01-09,C19,2026-01-19
681,2407-Z978,115,2024-07-09,2027-09-09,A11,2026-01-03
681,2504-M417,122,2025-04-09,2028-01-09,B13,2025-09-02
682,2404-C480,189,2024-04-09,2026-06-09,D8,2024-08-11
682,2504-L473,72,2025-04-09,2028-01-09,Rayon8,2025-12-02
683,2410-A782,92,2024-10-09,2027-07-09,C5,2026-03-08
683,2503-V220,179,2025-03-09,2027-09-09,D1,2026-01-25
684,2401-P530,124,2024-01-09,2027-02-09,B6,2026-03-16
684,2406-T647,194,2024-06-09,2027-10-09,A17,2025-10-14
685,2310-X941,22,2023-10-09,2026-07-09,B19,2024-02-17
685,2410-D344,110,2024-10-09,2027-11-09,Rayon7,2025-06-14
686,2404-K901,141,2024-04-09,2026-12-09,D14,2025-05-03
686,2409-Z930,183,2024-09-09,2027-07-09,D16,2025-10-17
686,2507-F667,142,2025-07-09,2028-07-09,B19,2026-02-10
687,2407-X273,143,2024-07-09,2027-09-09,B13,2026-02-17
687,2411-P178,144,2024-11-09,2028-01-09,A6,2025-06-03
688,2406-J655,75,2024-06-09,2027-05-09,D16,2026-01-12
688,2503-H019,122,2025-03-09,2027-11-09,A2,2026-03-02
689,2403-D394,154,2024-03-09,2027-08-09,D14,2025-03-20
689,2407-T405,8,2024-07-09,2027-12-09,B19,2024-12-18
689,2412-H156,92,2024-12-09,2028-02-09,D9,2025-04-11
690,2312-P356,7,2023-12-09,2027-04-09,Rayon7,2025-12-21
690,2409-B272,50,2024-09-09,2027-05-09,D3,2025-04-09
691,2410-H329,102,2024-10-09,2027-10-09,Rayon7,2026-05-07
691,2505-V323,9,2025-05-09,2028-05-09,B9,2026-04-30
691,2601-N234,156,2026-01-09,2029-01-09,C1,2026-02-14
692,2309-A400,185,2023-09-09,2025-10-09,A20,2025-01-09
692,2406-M501,123,2024-06-09,2026-10-09,C13,2025-01-01
692,2504-T782,148,2025-04-09,2027-05-09,B12,2025-10-22
693,2401-W128,37,2024-01-09,2027-04-09,A2,2025-05-25
693,2408-N631,87,2024-08-09,2028-02-09,B8,2026-05-31
693,2504-G472,130,2025-04-09,2028-06-09,C8,2026-06-27
694,2402-C349,23,2024-02-09,2026-09-09,B2,2026-05-30
694,2410-J834,141,2024-10-09,2027-09-09,A2,2024-11-22
694,2509-B336,51,2025-09-09,2029-03-09,A12,2025-11-19
695,2409-N020,139,2024-09-09,2028-03-09,B2,2025-04-26
695,2508-V251,5,2025-08-09,2028-09-09,Rayon2,2026-06-07
695,2606-J612,64,2026-06-09,2028-10-09,Rayon7,2026-06-23
696,2408-P977,166,2024-08-09,2027-03-09,C10,2026-03-16
696,2506-D063,173,2025-06-09,2028-01-09,Rayon8,2026-03-12
697,2405-A667,115,2024-05-09,2026-10-09,A19,2024-10-06
697,2503-P265,112,2025-03-09,2028-04-09,D10,2025-10-19
698,2309-E676,115,2023-09-09,2026-03-09,C14,2023-10-04
698,2405-V127,32,2024-05-09,2027-01-09,D5,2024-05-16
698,2412-X070,76,2024-12-09,2027-02-09,C20,2026-05-05
699,2402-A118,79,2024-02-09,2027-02-09,B16,2026-05-12
699,2411-P541,61,2024-11-09,2028-01-09,C13,2026-03-19
699,2509-D783,143,2025-09-09,2028-06-09,B5,2026-03-04
700,2408-B528,133,2024-08-09,2026-10-09,Rayon6,2025-08-19
700,2501-K448,54,2025-01-09,2028-03-09,B12,2025-10-02
701,2409-D228,116,2024-09-09,2027-06-09,B9,2025-05-31
701,2502-H202,94,2025-02-09,2028-06-09,C15,2025-02-28
701,2510-H252,181,2025-10-09,2028-10-09,A8,2025-11-01
702,2409-V615,24,2024-09-09,2027-11-09,C1,2025-08-30
702,2502-C247,172,2025-02-09,2028-06-09,Rayon8,2025-10-11
703,2407-H169,130,2024-07-09,2027-03-09,Rayon6,2026-03-17
703,2503-B994,111,2025-03-09,2027-10-09,Rayon7,2025-11-13
704,2309-M902,27,2023-09-09,2026-03-09,B3,2026-03-21
704,2405-W993,8,2024-05-09,2027-01-09,B20,2026-05-07
705,2407-Y911,199,2024-07-09,2027-10-09,B15,2025-04-14
705,2502-H661,116,2025-02-09,2028-05-09,B11,2025-02-28
706,2310-D532,187,2023-10-09,2025-11-09,C18,2025-09-10
706,2404-A438,110,2024-04-09,2027-04-09,B14,2026-06-10
707,2404-P748,115,2024-04-09,2027-10-09,B4,2024-09-03
707,2409-J618,17,2024-09-09,2027-12-09,D15,2025-05-02
707,2509-W445,162,2025-09-09,2028-04-09,B18,2026-04-15
708,2312-L771,140,2023-12-09,2027-02-09,Rayon1,2024-03-15
708,2404-E886,12,2024-04-09,2027-03-09,D2,2024-12-17
709,2412-A446,192,2024-12-09,2027-01-09,B17,2025-05-08
709,2512-B652,166,2025-12-09,2029-04-09,Rayon3,2026-04-20
710,2410-E629,169,2024-10-09,2027-12-09,C8,2025-08-01
710,2509-J040,158,2025-09-09,2028-05-09,C8,2025-10-06
710,2604-L094,159,2026-04-09,2029-07-09,B15,2026-06-03
711,2501-F709,76,2025-01-09,2028-04-09,A19,2026-03-26
711,2510-B064,106,2025-10-09,2028-07-09,C12,2026-03-24
711,2602-Y578,91,2026-02-09,2029-08-09,Rayon4,2026-05-22
712,2501-C558,151,2025-01-09,2027-07-09,A15,2025-07-21
712,2505-D012,65,2025-05-09,2027-12-09,B12,2026-06-10
713,2402-B623,95,2024-02-09,2026-06-09,B1,2024-03-03
713,2406-M719,129,2024-06-09,2026-12-09,A4,2024-09-10
714,2501-B891,83,2025-01-09,2027-09-09,C11,2025-07-08
714,2512-K073,46,2025-12-09,2029-05-09,A12,2026-02-24
714,2604-W273,116,2026-04-09,2029-07-09,B3,2026-05-09
715,2411-W176,172,2024-11-09,2027-10-09,A2,2025-02-15
715,2503-M497,160,2025-03-09,2028-01-09,B20,2026-03-29
716,2410-W401,75,2024-10-09,2026-12-09,A9,2024-12-27
716,2508-P160,154,2025-08-09,2028-12-09,D19,2026-03-30
716,2607-R932,25,2026-07-09,2029-06-09,D20,2026-07-10
717,2411-D796,175,2024-11-09,2028-03-09,B9,2025-12-28
717,2511-J596,28,2025-11-09,2029-02-09,Rayon3,2026-02-01
717,2607-T811,47,2026-07-09,2029-08-09,C4,2026-07-10
718,2409-V913,137,2024-09-09,2028-01-09,Rayon8,2025-06-21
718,2508-Z422,183,2025-08-09,2028-09-09,B7,2025-10-10
719,2407-G603,200,2024-07-09,2026-11-09,C12,2025-07-19
719,2505-Y761,166,2025-05-09,2027-12-09,A8,2025-10-19
720,2407-G748,46,2024-07-09,2026-09-09,B3,2025-04-25
720,2506-Y684,14,2025-06-09,2028-12-09,B10,2026-05-07
720,2605-C983,102,2026-05-09,2029-06-09,C16,2026-06-18
721,2404-B862,75,2024-04-09,2027-07-09,C8,2025-12-18
721,2411-H196,149,2024-11-09,2027-11-09,B6,2026-01-31
721,2503-K331,193,2025-03-09,2028-09-09,A17,2026-02-01
722,2412-D322,24,2024-12-09,2028-02-09,Rayon5,2025-04-21
722,2509-V009,45,2025-09-09,2029-02-09,Rayon8,2026-02-25
723,2309-N634,190,2023-09-09,2026-11-09,C2,2026-01-14
723,2405-J570,175,2024-05-09,2027-04-09,A1,2026-05-13
724,2310-V304,127,2023-10-09,2027-03-09,Rayon8,2024-12-28
724,2406-T655,102,2024-06-09,2027-05-09,Rayon9,2024-07-09
725,2402-E634,170,2024-02-09,2026-09-09,A7,2025-07-12
725,2406-B275,8,2024-06-09,2027-01-09,Rayon8,2025-11-29
726,2412-M525,80,2024-12-09,2027-07-09,A14,2024-12-21
726,2511-C538,134,2025-11-09,2028-12-09,Rayon4,2026-02-25
727,2401-T382,105,2024-01-09,2026-09-09,D20,2025-12-27
727,2406-L335,86,2024-06-09,2027-08-09,A7,2024-09-24
728,2409-N735,121,2024-09-09,2026-12-09,B8,2026-03-20
728,2503-G441,122,2025-03-09,2028-08-09,A16,2025-11-14
728,2509-Z540,19,2025-09-09,2028-10-09,C18,2025-12-28
729,2312-F871,116,2023-12-09,2026-01-09,Rayon6,2024-08-27
729,2404-B209,131,2024-04-09,2027-06-09,C8,2025-09-14
730,2407-M579,177,2024-07-09,2027-05-09,Rayon5,2024-09-27
730,2502-H792,66,2025-02-09,2027-06-09,Rayon5,2026-04-06
731,2309-J147,88,2023-09-09,2026-12-09,A12,2026-01-15
731,2403-N647,138,2024-03-09,2027-07-09,B9,2024-08-21
732,2410-M269,151,2024-10-09,2027-01-09,B11,2025-09-01
732,2504-E283,97,2025-04-09,2028-09-09,A11,2025-11-10
733,2312-V602,180,2023-12-09,2026-07-09,B19,2023-12-30
733,2404-W812,84,2024-04-09,2027-07-09,B6,2024-10-15
734,2312-R561,11,2023-12-09,2027-01-09,D5,2025-09-10
734,2409-A037,76,2024-09-09,2027-02-09,A6,2025-02-13
734,2506-G317,184,2025-06-09,2028-05-09,Rayon1,2026-03-16
735,2405-K147,194,2024-05-09,2027-07-09,Rayon7,2025-12-07
735,2505-Y711,141,2025-05-09,2028-04-09,D2,2025-12-27
736,2404-F567,108,2024-04-09,2026-09-09,D18,2025-02-22
736,2410-Z753,197,2024-10-09,2027-05-09,B2,2025-07-11
737,2410-H112,71,2024-10-09,2027-07-09,B19,2025-05-21
737,2506-V901,82,2025-06-09,2027-10-09,D1,2026-02-20
738,2404-R272,100,2024-04-09,2027-10-09,Rayon8,2025-12-18
738,2503-D051,64,2025-03-09,2028-05-09,A13,2025-03-17
738,2508-J506,178,2025-08-09,2028-08-09,D3,2026-03-20
739,2401-X093,174,2024-01-09,2026-07-09,A4,2025-07-28
739,2405-Z895,157,2024-05-09,2027-01-09,C7,2025-11-11
740,2311-G291,119,2023-11-09,2026-10-09,Rayon1,2025-05-26
740,2405-B741,135,2024-05-09,2027-04-09,A14,2024-05-25
741,2312-R352,123,2023-12-09,2027-03-09,A17,2025-12-31
741,2411-H626,110,2024-11-09,2027-07-09,D3,2026-07-04
741,2509-G570,60,2025-09-09,2028-10-09,D6,2026-06-28
742,2411-K977,188,2024-11-09,2028-04-09,B13,2026-03-30
742,2509-C602,166,2025-09-09,2028-08-09,C1,2025-10-05
742,2602-A932,78,2026-02-09,2029-05-09,D19,2026-02-14
743,2405-K526,116,2024-05-09,2026-11-09,Rayon9,2025-04-04
743,2409-X800,40,2024-09-09,2027-12-09,B15,2026-06-27
743,2509-H003,104,2025-09-09,2028-12-09,D10,2026-05-30
744,2310-T359,6,2023-10-09,2025-10-09,C12,2024-02-01
744,2406-D073,70,2024-06-09,2026-06-09,C2,2025-10-27
745,2409-P162,187,2024-09-09,2027-07-09,A18,2025-08-16
745,2507-J081,132,2025-07-09,2027-12-09,D6,2026-05-11
745,2604-H237,188,2026-04-09,2028-07-09,C13,2026-05-06
746,2501-J753,50,2025-01-09,2028-02-09,C7,2025-05-20
746,2508-L740,18,2025-08-09,2028-06-09,A5,2026-06-28
747,2411-V217,74,2024-11-09,2027-10-09,D8,2025-08-30
747,2506-X903,102,2025-06-09,2028-10-09,D8,2025-10-27
747,2606-D751,8,2026-06-09,2028-11-09,A1,2026-06-16
748,2311-G640,172,2023-11-09,2026-06-09,Rayon7,2024-02-19
748,2409-H606,99,2024-09-09,2027-07-09,B4,2026-04-05
749,2501-P000,196,2025-01-09,2027-12-09,Rayon8,2026-04-15
749,2506-L884,54,2025-06-09,2028-05-09,A20,2025-07-23
749,2601-L528,119,2026-01-09,2029-06-09,C5,2026-03-28
750,2411-L114,98,2024-11-09,2027-01-09,A16,2025-08-18
750,2511-L691,70,2025-11-09,2028-10-09,D18,2026-03-26
750,2604-D811,152,2026-04-09,2028-12-09,Rayon6,2026-06-28
751,2409-N457,51,2024-09-09,2026-11-09,D10,2025-01-22
751,2508-T494,124,2025-08-09,2027-09-09,A4,2026-07-09
751,2605-H436,15,2026-05-09,2028-12-09,Rayon3,2026-05-30
752,2411-V495,90,2024-11-09,2028-04-09,Rayon3,2025-02-08
752,2506-P202,105,2025-06-09,2028-10-09,D4,2025-10-24
752,2606-R769,15,2026-06-09,2028-11-09,Rayon1,2026-07-05
753,2402-K711,114,2024-02-09,2026-04-09,B14,2024-07-31
753,2409-N251,152,2024-09-09,2026-11-09,A2,2026-03-04
753,2505-J994,126,2025-05-09,2027-12-09,Rayon3,2025-07-19
754,2311-C508,53,2023-11-09,2027-02-09,D16,2023-12-14
754,2406-F425,125,2024-06-09,2027-09-09,Rayon3,2025-12-01
755,2409-K043,189,2024-09-09,2026-09-09,C16,2024-12-16
755,2507-R842,55,2025-07-09,2028-02-09,B17,2026-02-07
755,2601-L908,186,2026-01-09,2029-06-09,B2,2026-05-02
756,2404-E233,104,2024-04-09,2027-01-09,Rayon4,2025-11-14
756,2409-P319,135,2024-09-09,2027-08-09,C16,2025-01-29
757,2412-G888,27,2024-12-09,2027-06-09,A16,2024-12-10
757,2507-F865,102,2025-07-09,2029-01-09,A3,2025-08-15
758,2406-B188,118,2024-06-09,2027-02-09,Rayon6,2025-05-31
758,2505-F992,7,2025-05-09,2027-07-09,A12,2026-04-28
759,2412-L005,185,2024-12-09,2027-10-09,Rayon4,2025-04-02
759,2508-W644,194,2025-08-09,2028-07-09,B13,2026-02-21
760,2404-W546,153,2024-04-09,2026-10-09,B13,2024-08-10
760,2411-K099,126,2024-11-09,2028-01-09,B15,2025-11-04
761,2405-X609,41,2024-05-09,2026-09-09,D11,2024-11-08
761,2505-T829,126,2025-05-09,2028-09-09,D1,2025-11-24
761,2510-T010,49,2025-10-09,2028-10-09,A13,2026-04-16
762,2309-W473,5,2023-09-09,2026-08-09,Rayon3,2025-10-03
762,2404-X030,161,2024-04-09,2027-02-09,Rayon5,2024-05-19
763,2404-Z577,41,2024-04-09,2026-05-09,B20,2026-06-24
763,2409-X938,53,2024-09-09,2027-11-09,A10,2025-06-27
764,2310-P236,179,2023-10-09,2026-05-09,A20,2023-10-11
764,2406-Z430,107,2024-06-09,2027-06-09,D15,2025-10-07
765,2408-A450,77,2024-08-09,2026-09-09,A16,2025-11-19
765,2507-G520,147,2025-07-09,2028-02-09,A8,2025-11-13
765,2607-R219,124,2026-07-09,2028-08-09,Rayon5,2026-07-10
766,2309-W052,121,2023-09-09,2026-02-09,C13,2025-03-30
766,2404-F840,162,2024-04-09,2026-10-09,C17,2026-01-19
766,2502-L385,132,2025-02-09,2027-08-09,A7,2025-08-10
767,2408-K271,108,2024-08-09,2027-11-09,Rayon1,2026-02-03
767,2506-C420,30,2025-06-09,2028-04-09,B13,2026-07-04
767,2602-D202,197,2026-02-09,2029-02-09,Rayon3,2026-03-06
768,2405-Z768,159,2024-05-09,2026-06-09,D5,2024-09-05
768,2505-Y698,161,2025-05-09,2027-12-09,Rayon5,2025-11-19
769,2412-Y820,189,2024-12-09,2027-10-09,Rayon1,2026-03-29
769,2504-W800,167,2025-04-09,2028-06-09,A14,2025-07-14
770,2311-J448,199,2023-11-09,2026-08-09,B6,2024-01-23
770,2408-B704,31,2024-08-09,2027-03-09,B19,2025-02-03
770,2503-F730,98,2025-03-09,2027-09-09,B6,2025-12-30
771,2410-N129,160,2024-10-09,2027-09-09,D12,2026-07-09
771,2510-T404,46,2025-10-09,2029-04-09,A16,2026-06-10
771,2607-L217,183,2026-07-09,2029-10-09,C5,2026-07-10
772,2501-K928,92,2025-01-09,2028-01-09,A10,2025-03-10
772,2601-M859,194,2026-01-09,2029-01-09,C13,2026-06-15
773,2309-J380,61,2023-09-09,2027-02-09,A4,2026-05-20
773,2408-H650,36,2024-08-09,2027-04-09,D5,2025-09-25
773,2505-V285,25,2025-05-09,2028-08-09,A2,2026-04-02
774,2408-P828,44,2024-08-09,2027-04-09,C4,2025-10-10
774,2503-P992,164,2025-03-09,2028-08-09,Rayon8,2026-06-11
774,2510-R182,99,2025-10-09,2029-01-09,Rayon6,2026-01-25
775,2312-K932,149,2023-12-09,2026-05-09,D7,2025-07-13
775,2404-F103,98,2024-04-09,2027-09-09,D2,2025-07-02
776,2312-D931,165,2023-12-09,2027-01-09,A9,2026-06-22
776,2412-N267,22,2024-12-09,2027-06-09,A6,2026-05-28
777,2311-T136,196,2023-11-09,2026-06-09,Rayon8,2025-12-23
777,2406-E818,16,2024-06-09,2027-03-09,C7,2026-06-30
778,2407-V622,21,2024-07-09,2027-08-09,A10,2024-10-07
778,2506-X206,188,2025-06-09,2027-12-09,C19,2026-03-05
778,2604-C061,137,2026-04-09,2029-09-09,A17,2026-04-14
779,2405-T658,13,2024-05-09,2027-07-09,B14,2025-09-13
779,2503-C434,28,2025-03-09,2028-01-09,B19,2026-01-26
780,2402-L781,17,2024-02-09,2026-04-09,B13,2024-06-18
780,2408-V639,52,2024-08-09,2027-04-09,A14,2026-03-25
780,2501-G192,118,2025-01-09,2027-11-09,A17,2025-05-29
781,2405-E258,25,2024-05-09,2027-09-09,Rayon6,2026-01-06
781,2411-H982,192,2024-11-09,2027-11-09,C8,2025-07-15
781,2508-K203,199,2025-08-09,2028-09-09,A11,2025-11-22
782,2310-Y644,132,2023-10-09,2025-11-09,C10,2024-06-10
782,2408-M631,88,2024-08-09,2027-04-09,B10,2025-01-04
782,2506-B956,12,2025-06-09,2028-11-09,D6,2025-09-27
783,2412-J672,199,2024-12-09,2028-06-09,A20,2025-02-26
783,2511-B029,191,2025-11-09,2028-09-09,A8,2026-06-10
783,2606-Y061,183,2026-06-09,2029-11-09,A16,2026-06-24
784,2409-R362,88,2024-09-09,2027-01-09,D18,2026-05-03
784,2504-B933,180,2025-04-09,2027-11-09,A5,2025-05-16
784,2509-X525,22,2025-09-09,2028-10-09,C11,2025-11-17
785,2309-X039,183,2023-09-09,2026-02-09,Rayon5,2024-07-12
785,2408-Z790,36,2024-08-09,2026-11-09,A10,2026-01-28
785,2503-Y556,111,2025-03-09,2027-08-09,A15,2026-02-11
786,2402-A129,63,2024-02-09,2026-05-09,D5,2024-09-03
786,2407-P397,9,2024-07-09,2026-09-09,A4,2025-06-11
787,2403-W383,44,2024-03-09,2027-04-09,D17,2025-09-21
787,2503-H371,196,2025-03-09,2027-05-09,C3,2026-01-24
788,2412-D664,99,2024-12-09,2027-09-09,B6,2025-03-09
788,2505-Z061,130,2025-05-09,2028-04-09,C17,2026-01-27
788,2604-X885,25,2026-04-09,2028-06-09,D6,2026-05-31
789,2501-G411,105,2025-01-09,2027-09-09,Rayon3,2025-02-24
789,2507-J970,21,2025-07-09,2029-01-09,D1,2025-07-16
789,2604-E057,96,2026-04-09,2029-05-09,B8,2026-05-23
790,2310-W114,49,2023-10-09,2026-06-09,C12,2025-02-24
790,2408-K840,65,2024-08-09,2026-08-09,A9,2024-11-10
791,2410-M294,76,2024-10-09,2027-12-09,C2,2024-11-18
791,2506-R292,122,2025-06-09,2028-12-09,B10,2025-08-10
792,2403-H310,128,2024-03-09,2026-03-09,D4,2026-05-07
792,2408-Y938,46,2024-08-09,2027-02-09,D1,2025-11-13
792,2503-T258,198,2025-03-09,2028-06-09,C14,2026-05-14
793,2402-K496,149,2024-02-09,2027-06-09,A7,2025-03-06
793,2501-F590,131,2025-01-09,2027-07-09,A2,2026-05-06
793,2512-P441,157,2025-12-09,2029-04-09,A11,2025-12-17
794,2408-A713,200,2024-08-09,2027-05-09,D8,2025-10-31
794,2501-G819,194,2025-01-09,2027-07-09,Rayon4,2025-06-29
794,2510-E683,146,2025-10-09,2028-08-09,D10,2026-04-24
795,2310-P061,41,2023-10-09,2025-12-09,C1,2026-05-20
795,2406-K062,14,2024-06-09,2027-09-09,B1,2025-10-02
796,2312-A345,56,2023-12-09,2027-02-09,Rayon6,2025-01-26
796,2406-P954,129,2024-06-09,2027-05-09,A15,2025-01-12
796,2501-A821,99,2025-01-09,2028-03-09,B3,2025-04-13
797,2406-J595,122,2024-06-09,2027-11-09,A16,2026-01-08
797,2503-G544,37,2025-03-09,2028-02-09,D4,2026-04-19
798,2411-E764,66,2024-11-09,2027-01-09,B18,2025-02-21
798,2511-K710,83,2025-11-09,2029-02-09,B4,2026-06-04
798,2604-E116,170,2026-04-09,2029-07-09,B7,2026-06-22
799,2404-C980,193,2024-04-09,2026-05-09,A8,2025-02-27
799,2504-A453,57,2025-04-09,2028-08-09,C13,2025-10-15
800,2410-M540,21,2024-10-09,2027-04-09,Rayon2,2026-01-25
800,2505-J899,25,2025-05-09,2027-06-09,A5,2025-07-02
801,2406-C160,172,2024-06-09,2027-01-09,C14,2024-11-18
801,2502-Z565,134,2025-02-09,2027-02-09,D19,2026-05-13
802,2410-B542,62,2024-10-09,2027-04-09,A13,2025-06-09
802,2502-Z537,123,2025-02-09,2028-03-09,C12,2026-05-27
802,2506-Z062,191,2025-06-09,2028-05-09,B2,2026-02-15
803,2312-F320,45,2023-12-09,2027-02-09,C17,2024-10-05
803,2405-C754,149,2024-05-09,2027-08-09,Rayon7,2024-12-25
804,2410-G490,54,2024-10-09,2027-10-09,A17,2026-03-17
804,2503-X312,139,2025-03-09,2028-03-09,B12,2026-07-04
805,2312-X217,155,2023-12-09,2027-02-09,C19,2025-08-03
805,2410-M521,157,2024-10-09,2027-06-09,D7,2025-03-15
806,2403-R563,84,2024-03-09,2027-04-09,Rayon2,2024-10-14
806,2502-F242,9,2025-02-09,2028-03-09,D20,2026-03-31
807,2404-X851,127,2024-04-09,2027-02-09,C3,2025-01-13
807,2411-A993,156,2024-11-09,2027-08-09,A6,2025-05-28
808,2407-V938,105,2024-07-09,2027-04-09,B2,2025-04-07
808,2505-G648,196,2025-05-09,2028-05-09,D7,2026-06-06
809,2411-M291,177,2024-11-09,2028-01-09,Rayon2,2025-02-17
809,2505-J439,148,2025-05-09,2028-08-09,Rayon4,2025-09-14
810,2408-J498,172,2024-08-09,2027-02-09,Rayon7,2026-02-14
810,2505-C845,38,2025-05-09,2028-05-09,D7,2025-11-23
811,2402-B059,181,2024-02-09,2026-12-09,Rayon1,2025-09-15
811,2407-C906,78,2024-07-09,2027-04-09,C18,2024-12-11
811,2505-D497,132,2025-05-09,2028-09-09,C9,2026-05-11
812,2405-L881,133,2024-05-09,2026-09-09,C20,2025-01-07
812,2502-H192,44,2025-02-09,2027-02-09,A11,2025-12-27
813,2409-E304,72,2024-09-09,2027-12-09,C20,2025-12-01
813,2505-H146,77,2025-05-09,2028-02-09,D9,2026-04-13
814,2310-T184,162,2023-10-09,2026-12-09,D3,2026-05-18
814,2403-Z781,189,2024-03-09,2027-06-09,D9,2024-08-03
814,2412-H192,134,2024-12-09,2028-04-09,D16,2025-10-13
815,2407-E769,7,2024-07-09,2027-01-09,B10,2025-05-16
815,2503-A931,135,2025-03-09,2027-08-09,D19,2025-03-10
815,2602-Y609,169,2026-02-09,2028-12-09,B16,2026-02-21
816,2407-L022,82,2024-07-09,2028-01-09,D15,2024-12-06
816,2507-R133,110,2025-07-09,2028-11-09,A14,2026-01-06
817,2411-B062,174,2024-11-09,2028-05-09,D6,2025-07-26
817,2504-D725,178,2025-04-09,2028-08-09,A12,2025-04-14
818,2404-K722,125,2024-04-09,2026-11-09,A15,2024-06-12
818,2501-Y308,47,2025-01-09,2028-06-09,Rayon6,2025-10-31
819,2412-T137,43,2024-12-09,2027-10-09,B14,2025-08-02
819,2509-T724,58,2025-09-09,2027-12-09,A4,2025-11-04
820,2403-L180,8,2024-03-09,2026-06-09,D15,2025-12-05
820,2412-E424,69,2024-12-09,2028-05-09,B3,2025-03-31
820,2506-P352,110,2025-06-09,2028-10-09,Rayon8,2026-04-18
821,2410-Z177,151,2024-10-09,2027-04-09,C16,2025-09-12
821,2510-M562,180,2025-10-09,2028-09-09,C13,2026-02-02
821,2606-C294,55,2026-06-09,2029-10-09,B9,2026-06-13
822,2408-N613,120,2024-08-09,2027-05-09,Rayon9,2026-02-07
822,2412-V141,193,2024-12-09,2027-10-09,Rayon7,2025-12-07
822,2507-Z911,97,2025-07-09,2028-02-09,A11,2026-02-26
823,2401-N110,9,2024-01-09,2026-06-09,Rayon5,2026-02-03
823,2405-G875,79,2024-05-09,2026-09-09,D5,2025-11-30
823,2502-F929,99,2025-02-09,2027-04-09,C10,2025-06-28
824,2309-R671,75,2023-09-09,2026-12-09,D12,2024-01-01
824,2403-J366,88,2024-03-09,2027-05-09,Rayon5,2025-09-06
825,2405-L709,52,2024-05-09,2027-03-09,D18,2025-01-01
825,2503-L043,63,2025-03-09,2027-09-09,D12,2026-02-17
825,2508-Y365,67,2025-08-09,2029-01-09,A3,2025-12-31
826,2501-L659,12,2025-01-09,2028-06-09,B6,2025-06-28
826,2505-J861,19,2025-05-09,2028-11-09,D14,2026-03-03
827,2412-Y877,96,2024-12-09,2027-10-09,Rayon2,2025-04-20
827,2505-C395,181,2025-05-09,2028-09-09,D16,2025-07-05
828,2309-T237,143,2023-09-09,2025-12-09,A9,2024-03-26
828,2403-D634,175,2024-03-09,2026-10-09,D20,2025-11-14
828,2412-W844,149,2024-12-09,2026-12-09,D10,2025-08-12
829,2411-R826,119,2024-11-09,2027-07-09,C1,2025-11-13
829,2510-X945,168,2025-10-09,2027-11-09,B17,2025-10-24
830,2407-P323,153,2024-07-09,2026-10-09,D16,2025-05-07
830,2506-Y801,23,2025-06-09,2028-10-09,B15,2025-09-26
830,2510-C198,116,2025-10-09,2029-02-09,D4,2025-10-22
831,2501-X117,138,2025-01-09,2027-02-09,B8,2025-04-29
831,2601-V263,200,2026-01-09,2028-03-09,C2,2026-06-03
832,2411-K743,98,2024-11-09,2028-04-09,B9,2026-01-11
832,2509-C632,48,2025-09-09,2028-08-09,B4,2025-12-08
833,2501-L793,131,2025-01-09,2027-08-09,Rayon6,2025-03-03
833,2510-P202,43,2025-10-09,2028-10-09,D11,2026-03-28
834,2408-M777,33,2024-08-09,2026-12-09,Rayon2,2025-09-28
834,2501-Z395,6,2025-01-09,2027-06-09,B8,2026-07-05
835,2408-J585,151,2024-08-09,2026-08-09,C16,2025-06-28
835,2505-H136,24,2025-05-09,2027-12-09,C16,2025-10-21
836,2412-T560,45,2024-12-09,2027-02-09,Rayon3,2025-02-23
836,2504-F523,64,2025-04-09,2027-05-09,D10,2025-11-18
837,2401-T181,131,2024-01-09,2026-01-09,B16,2025-10-28
837,2411-Z298,26,2024-11-09,2028-03-09,A2,2026-05-23
837,2510-P994,69,2025-10-09,2028-05-09,A5,2026-03-20
838,2408-K296,17,2024-08-09,2026-12-09,Rayon3,2026-03-08
838,2501-W780,11,2025-01-09,2028-04-09,A19,2025-05-13
839,2410-R754,43,2024-10-09,2027-09-09,C10,2025-09-14
839,2508-B664,91,2025-08-09,2028-03-09,A8,2025-09-19
840,2401-B558,100,2024-01-09,2027-07-09,Rayon6,2024-03-14
840,2408-J716,195,2024-08-09,2027-12-09,D12,2025-01-17
841,2403-L649,99,2024-03-09,2026-09-09,A7,2026-01-18
841,2410-J928,161,2024-10-09,2027-04-09,C11,2024-12-23
842,2403-Z467,148,2024-03-09,2027-06-09,D10,2024-06-26
842,2409-B916,28,2024-09-09,2027-10-09,A6,2025-09-12
843,2411-Y060,159,2024-11-09,2027-07-09,A9,2026-06-20
843,2505-D569,139,2025-05-09,2027-12-09,C10,2026-01-30
843,2512-C067,115,2025-12-09,2029-06-09,Rayon1,2026-01-13
844,2409-N417,195,2024-09-09,2026-09-09,B15,2025-05-06
844,2504-V796,114,2025-04-09,2027-05-09,C4,2025-11-19
844,2511-W663,157,2025-11-09,2029-05-09,A7,2026-05-26
845,2411-E004,88,2024-11-09,2027-12-09,B14,2025-11-29
845,2510-D015,114,2025-10-09,2029-02-09,A19,2025-11-05
845,2605-L643,86,2026-05-09,2029-06-09,B1,2026-05-28
846,2408-C078,103,2024-08-09,2027-04-09,D1,2026-01-04
846,2507-N380,25,2025-07-09,2028-09-09,B2,2025-10-30
846,2601-X011,77,2026-01-09,2029-03-09,A2,2026-03-15
847,2310-D257,54,2023-10-09,2027-03-09,C4,2024-10-05
847,2410-P981,169,2024-10-09,2027-05-09,B20,2026-03-17
848,2311-T658,5,2023-11-09,2026-10-09,A13,2026-04-29
848,2408-H321,57,2024-08-09,2027-06-09,B5,2026-02-22
848,2507-H268,186,2025-07-09,2028-09-09,Rayon5,2026-05-12
849,2312-Y077,137,2023-12-09,2027-01-09,D14,2026-01-05
849,2408-N182,136,2024-08-09,2027-03-09,C20,2024-11-20
849,2506-B309,139,2025-06-09,2027-10-09,Rayon9,2026-03-12
850,2403-B729,75,2024-03-09,2026-09-09,Rayon6,2025-11-26
850,2502-P305,160,2025-02-09,2028-06-09,A3,2026-04-09
850,2506-H398,23,2025-06-09,2028-12-09,B19,2025-12-14
851,2402-E557,135,2024-02-09,2027-04-09,Rayon3,2025-09-15
851,2412-C613,105,2024-12-09,2027-06-09,D5,2026-05-22
852,2311-A014,76,2023-11-09,2026-04-09,Rayon8,2024-12-22
852,2406-D689,58,2024-06-09,2026-07-09,Rayon2,2026-04-20
852,2502-T233,118,2025-02-09,2028-03-09,A8,2026-02-14
853,2409-H246,103,2024-09-09,2027-08-09,B15,2025-02-16
853,2501-N748,141,2025-01-09,2027-12-09,C18,2025-04-09
854,2411-Y719,107,2024-11-09,2027-10-09,B15,2025-05-09
854,2510-X400,142,2025-10-09,2028-07-09,Rayon7,2026-03-28
855,2402-H478,115,2024-02-09,2027-04-09,Rayon9,2026-03-27
855,2407-H558,84,2024-07-09,2027-09-09,Rayon4,2026-01-27
856,2404-P914,101,2024-04-09,2027-07-09,A10,2026-01-16
856,2502-J360,73,2025-02-09,2027-08-09,C13,2026-01-06
857,2310-R794,149,2023-10-09,2026-03-09,Rayon9,2026-07-02
857,2410-H122,110,2024-10-09,2027-01-09,C20,2024-11-01
858,2403-K679,144,2024-03-09,2026-08-09,A11,2024-05-19
858,2409-Z049,34,2024-09-09,2027-07-09,C14,2026-01-02
858,2507-P779,71,2025-07-09,2027-08-09,Rayon9,2025-07-28
859,2311-T341,64,2023-11-09,2026-10-09,C16,2026-01-24
859,2411-P684,196,2024-11-09,2027-03-09,C14,2025-09-14
860,2310-Y537,159,2023-10-09,2026-09-09,A4,2024-05-20
860,2405-J336,62,2024-05-09,2027-01-09,Rayon7,2025-10-26
861,2411-P813,37,2024-11-09,2027-05-09,Rayon7,2025-11-15
861,2509-J941,116,2025-09-09,2028-01-09,B8,2026-04-14
861,2607-B406,178,2026-07-09,2029-11-09,D12,2026-07-10
862,2501-C326,4,2025-01-09,2028-06-09,C1,2026-01-28
862,2505-T924,38,2025-05-09,2028-11-09,A15,2026-06-28
862,2603-R111,111,2026-03-09,2029-02-09,C1,2026-06-19
863,2406-D705,150,2024-06-09,2027-08-09,A1,2025-11-03
863,2506-R989,20,2025-06-09,2028-01-09,D5,2025-06-24
863,2602-V659,101,2026-02-09,2028-07-09,B7,2026-05-31
864,2406-K869,88,2024-06-09,2027-02-09,Rayon6,2024-09-30
864,2503-L007,71,2025-03-09,2027-10-09,Rayon6,2026-04-08
864,2511-M756,135,2025-11-09,2028-12-09,B10,2025-12-23
865,2310-F819,23,2023-10-09,2026-07-09,B20,2024-03-15
865,2410-N177,69,2024-10-09,2026-12-09,B15,2026-06-05
866,2410-W868,88,2024-10-09,2027-09-09,B2,2025-12-11
866,2508-B422,113,2025-08-09,2028-10-09,C12,2025-11-06
867,2405-N116,130,2024-05-09,2026-07-09,Rayon6,2024-08-25
867,2502-Z387,156,2025-02-09,2027-09-09,C1,2025-06-16
867,2511-D296,145,2025-11-09,2027-11-09,C4,2025-11-26
868,2501-W126,12,2025-01-09,2027-10-09,C1,2025-08-12
868,2507-G514,158,2025-07-09,2028-05-09,D19,2026-02-20
868,2607-N668,196,2026-07-09,2029-07-09,Rayon6,2026-07-09
869,2409-W772,44,2024-09-09,2026-10-09,D18,2025-12-24
869,2502-M403,190,2025-02-09,2027-07-09,Rayon6,2026-01-20
870,2412-M915,102,2024-12-09,2027-08-09,A7,2025-04-25
870,2511-C683,90,2025-11-09,2029-05-09,D15,2026-01-07
871,2309-L891,189,2023-09-09,2026-11-09,D6,2025-07-09
871,2404-Z305,56,2024-04-09,2027-10-09,B15,2024-05-13
871,2502-Y586,61,2025-02-09,2028-01-09,A12,2026-06-09
872,2406-N879,69,2024-06-09,2026-09-09,A20,2024-09-06
872,2505-W040,169,2025-05-09,2027-07-09,C6,2025-12-16
873,2404-B263,67,2024-04-09,2027-01-09,D15,2025-01-13
873,2412-G231,100,2024-12-09,2027-04-09,Rayon9,2025-09-14
873,2506-G663,151,2025-06-09,2027-11-09,A5,2025-09-30
874,2406-C351,150,2024-06-09,2026-11-09,A12,2024-06-29
874,2505-F025,13,2025-05-09,2028-10-09,C6,2026-01-12
874,2604-G898,107,2026-04-09,2028-12-09,A2,2026-05-09
875,2309-R715,68,2023-09-09,2026-01-09,A1,2024-12-28
875,2408-K639,174,2024-08-09,2026-10-09,B3,2024-12-26
876,2310-H123,90,2023-10-09,2026-11-09,B13,2024-05-26
876,2403-V962,31,2024-03-09,2026-12-09,C18,2025-08-26
877,2412-G722,144,2024-12-09,2028-01-09,C16,2025-10-29
877,2511-R280,68,2025-11-09,2029-03-09,A5,2025-11-16
878,2402-L133,20,2024-02-09,2027-02-09,B10,2024-10-21
878,2406-T332,164,2024-06-09,2027-05-09,B11,2025-07-21
878,2411-R166,50,2024-11-09,2027-09-09,A13,2026-06-29
879,2312-Y965,122,2023-12-09,2026-10-09,B6,2025-11-26
879,2406-W328,195,2024-06-09,2027-09-09,B15,2025-06-15
879,2412-K874,102,2024-12-09,2028-06-09,Rayon7,2026-07-06
880,2310-D429,188,2023-10-09,2026-05-09,C12,2026-06-07
880,2408-H447,74,2024-08-09,2028-02-09,B5,2026-06-20
881,2310-P812,8,2023-10-09,2027-04-09,Rayon8,2024-12-15
881,2402-L883,143,2024-02-09,2027-08-09,B4,2025-05-25
881,2501-T640,80,2025-01-09,2028-03-09,C4,2025-11-30
882,2404-Y779,81,2024-04-09,2027-09-09,A1,2025-06-25
882,2412-B720,200,2024-12-09,2028-01-09,B16,2025-10-14
883,2411-V615,190,2024-11-09,2027-05-09,Rayon2,2025-03-19
883,2503-W400,9,2025-03-09,2027-12-09,B13,2025-05-02
883,2507-P682,109,2025-07-09,2028-02-09,C19,2025-11-20
884,2311-J034,176,2023-11-09,2027-03-09,B11,2024-08-13
884,2410-F192,12,2024-10-09,2027-07-09,D4,2024-11-03
884,2508-R520,27,2025-08-09,2028-04-09,C6,2026-03-13
885,2402-Z255,26,2024-02-09,2027-03-09,C17,2024-10-15
885,2411-Y059,182,2024-11-09,2027-09-09,D17,2025-03-01
886,2408-B610,154,2024-08-09,2027-12-09,D18,2026-02-28
886,2501-C975,124,2025-01-09,2028-04-09,A19,2025-04-25
887,2407-K212,104,2024-07-09,2027-12-09,Rayon7,2025-05-15
887,2502-C811,198,2025-02-09,2028-07-09,Rayon3,2025-09-11
888,2309-K045,4,2023-09-09,2026-04-09,D17,2025-08-15
888,2403-M997,89,2024-03-09,2026-06-09,C11,2024-04-18
888,2412-F741,102,2024-12-09,2027-12-09,A7,2025-04-24
889,2406-H959,122,2024-06-09,2026-09-09,D6,2025-01-30
889,2502-L408,110,2025-02-09,2027-04-09,B5,2026-03-10
890,2312-G412,77,2023-12-09,2026-02-09,C20,2023-12-13
890,2407-Y581,153,2024-07-09,2026-09-09,D7,2025-01-30
891,2310-C241,116,2023-10-09,2026-08-09,A8,2024-01-09
891,2405-L013,153,2024-05-09,2026-10-09,A7,2025-11-17
892,2404-B473,20,2024-04-09,2027-01-09,Rayon2,2024-11-14
892,2504-V659,194,2025-04-09,2028-07-09,D10,2026-03-27
893,2405-G160,32,2024-05-09,2026-12-09,D17,2026-06-15
893,2410-X448,98,2024-10-09,2027-03-09,Rayon8,2025-03-02
894,2412-R178,124,2024-12-09,2027-09-09,C9,2025-11-04
894,2511-G859,111,2025-11-09,2028-04-09,Rayon9,2025-12-22
895,2410-B201,5,2024-10-09,2028-01-09,B16,2024-10-27
895,2504-P075,171,2025-04-09,2028-02-09,A19,2026-02-26
895,2601-Y113,63,2026-01-09,2028-05-09,C19,2026-03-08
896,2405-W399,10,2024-05-09,2027-10-09,Rayon4,2026-01-14
896,2411-Z052,26,2024-11-09,2027-12-09,B6,2025-11-10
896,2505-P448,136,2025-05-09,2028-06-09,C1,2026-01-06
897,2406-Y187,32,2024-06-09,2027-12-09,C3,2026-01-04
897,2411-H001,19,2024-11-09,2028-01-09,Rayon7,2026-05-30
897,2504-G407,57,2025-04-09,2028-07-09,A15,2026-04-05
898,2411-Y814,113,2024-11-09,2027-11-09,C12,2026-06-03
898,2508-T924,155,2025-08-09,2028-04-09,B8,2026-02-27
898,2512-Z023,41,2025-12-09,2029-05-09,B8,2026-06-05
899,2309-W671,57,2023-09-09,2026-12-09,A14,2025-10-30
899,2407-Z717,131,2024-07-09,2027-04-09,B10,2025-06-19
900,2405-D120,168,2024-05-09,2027-08-09,D3,2024-07-19
900,2409-R946,78,2024-09-09,2027-12-09,B19,2024-09-24
900,2508-M262,35,2025-08-09,2028-10-09,C16,2025-09-22
901,2406-W048,161,2024-06-09,2026-12-09,D17,2026-05-10
901,2502-R274,153,2025-02-09,2027-12-09,B5,2025-02-09
901,2511-F515,180,2025-11-09,2028-01-09,Rayon3,2025-12-14
902,2311-C670,108,2023-11-09,2026-06-09,D3,2026-01-04
902,2409-J280,58,2024-09-09,2026-12-09,Rayon5,2026-05-06
903,2312-V281,147,2023-12-09,2026-01-09,D10,2025-12-02
903,2411-X620,16,2024-11-09,2028-02-09,Rayon5,2025-05-19
904,2410-X105,58,2024-10-09,2027-05-09,C17,2025-07-15
904,2503-Y326,48,2025-03-09,2028-09-09,Rayon3,2025-07-18
904,2507-P514,71,2025-07-09,2029-02-09,C3,2025-12-23
905,2408-E816,49,2024-08-09,2027-04-09,A20,2026-02-01
905,2504-H838,200,2025-04-09,2028-03-09,B17,2026-04-23
905,2510-F724,65,2025-10-09,2028-09-09,B9,2026-06-13
906,2312-X876,123,2023-12-09,2026-03-09,Rayon1,2025-11-03
906,2405-Z559,50,2024-05-09,2027-11-09,C7,2025-08-22
907,2311-H281,150,2023-11-09,2025-12-09,A6,2025-02-13
907,2406-M657,54,2024-06-09,2026-06-09,D6,2024-08-11
907,2410-J603,131,2024-10-09,2027-04-09,Rayon9,2024-11-06
908,2412-A092,39,2024-12-09,2027-07-09,A14,2026-07-03
908,2508-H913,170,2025-08-09,2028-02-09,A9,2025-09-16
909,2312-T582,33,2023-12-09,2026-02-09,C13,2024-07-07
909,2411-D848,137,2024-11-09,2027-08-09,C8,2025-07-20
909,2504-T430,191,2025-04-09,2028-09-09,B3,2026-04-15
910,2404-J272,146,2024-04-09,2027-09-09,Rayon9,2024-07-07
910,2502-R865,42,2025-02-09,2027-11-09,Rayon5,2025-08-03
911,2312-T239,160,2023-12-09,2027-03-09,A10,2025-02-25
911,2404-V652,73,2024-04-09,2027-07-09,D2,2025-04-27
912,2408-J043,84,2024-08-09,2026-11-09,A13,2024-09-27
912,2501-D859,60,2025-01-09,2028-03-09,Rayon6,2025-08-10
913,2410-X211,26,2024-10-09,2027-01-09,Rayon8,2025-07-25
913,2505-A585,113,2025-05-09,2027-07-09,Rayon7,2025-09-05
914,2411-F753,10,2024-11-09,2027-01-09,Rayon8,2025-03-30
914,2509-V176,63,2025-09-09,2029-02-09,D7,2026-04-02
914,2602-N253,72,2026-02-09,2029-04-09,A19,2026-04-07
915,2407-N684,95,2024-07-09,2026-12-09,Rayon5,2026-04-08
915,2412-L161,46,2024-12-09,2027-01-09,A18,2026-02-26
916,2408-M243,51,2024-08-09,2027-05-09,D6,2026-06-20
916,2503-D877,140,2025-03-09,2028-06-09,B13,2025-09-06
916,2509-E123,110,2025-09-09,2028-07-09,A11,2026-03-11
917,2408-L488,30,2024-08-09,2026-08-09,A18,2024-12-25
917,2503-Z469,21,2025-03-09,2028-07-09,D16,2026-05-08
918,2501-K963,100,2025-01-09,2027-10-09,Rayon5,2026-03-30
918,2512-B312,51,2025-12-09,2028-09-09,A12,2026-06-24
918,2604-H512,39,2026-04-09,2029-03-09,B14,2026-06-12
919,2311-L907,36,2023-11-09,2026-05-09,B3,2025-11-03
919,2407-J694,53,2024-07-09,2027-02-09,Rayon6,2024-08-01
919,2504-H645,64,2025-04-09,2027-04-09,A17,2025-05-20
920,2409-B057,103,2024-09-09,2027-12-09,B10,2025-05-20
920,2507-K253,103,2025-07-09,2028-01-09,A2,2026-04-13
921,2406-G154,152,2024-06-09,2027-06-09,A19,2026-02-25
921,2504-P602,175,2025-04-09,2027-10-09,A12,2026-04-24
921,2510-D953,115,2025-10-09,2029-02-09,B1,2026-06-18
922,2310-Y861,102,2023-10-09,2026-07-09,D14,2025-08-11
922,2406-P782,23,2024-06-09,2026-10-09,A14,2025-10-15
923,2402-A441,185,2024-02-09,2026-04-09,A2,2024-10-08
923,2407-J276,138,2024-07-09,2027-02-09,B6,2026-02-17
923,2412-H753,171,2024-12-09,2027-08-09,D20,2025-12-10
924,2406-P306,136,2024-06-09,2027-08-09,D1,2025-08-18
924,2505-K682,110,2025-05-09,2028-04-09,Rayon8,2026-06-15
925,2412-V608,145,2024-12-09,2027-12-09,B14,2025-10-21
925,2507-G972,100,2025-07-09,2028-11-09,C2,2026-02-01
926,2409-K002,42,2024-09-09,2028-01-09,A9,2025-12-05
926,2506-D181,144,2025-06-09,2028-03-09,D16,2026-06-05
926,2510-G802,131,2025-10-09,2029-02-09,C15,2025-10-19
927,2408-L941,11,2024-08-09,2028-01-09,D3,2025-02-18
927,2508-Z335,123,2025-08-09,2028-09-09,A19,2025-11-05
927,2604-X796,14,2026-04-09,2029-01-09,D16,2026-04-19
928,2404-L757,86,2024-04-09,2027-07-09,C19,2026-03-25
928,2409-M249,187,2024-09-09,2027-11-09,A7,2026-03-01
929,2312-M217,166,2023-12-09,2026-07-09,D14,2024-04-01
929,2411-K863,169,2024-11-09,2028-01-09,B10,2025-03-12
929,2503-N836,152,2025-03-09,2028-07-09,A4,2026-03-05
930,2409-T164,26,2024-09-09,2027-11-09,D19,2025-06-23
930,2505-Y318,15,2025-05-09,2028-02-09,A9,2025-05-11
930,2509-W454,87,2025-09-09,2029-01-09,A7,2025-11-12
931,2501-Z337,129,2025-01-09,2027-08-09,B19,2025-04-02
931,2510-X490,109,2025-10-09,2028-04-09,Rayon4,2026-06-25
932,2312-K979,160,2023-12-09,2027-02-09,Rayon7,2025-01-17
932,2410-X159,70,2024-10-09,2027-12-09,B16,2026-01-05
933,2409-R815,25,2024-09-09,2026-12-09,C19,2024-11-01
933,2509-K637,80,2025-09-09,2028-03-09,B1,2025-10-16
934,2404-D953,43,2024-04-09,2027-08-09,Rayon8,2025-12-04
934,2411-Z026,155,2024-11-09,2027-10-09,D10,2025-04-26
934,2505-K740,166,2025-05-09,2028-01-09,A9,2025-07-07
935,2404-T840,160,2024-04-09,2026-09-09,D4,2024-09-28
935,2412-Y639,159,2024-12-09,2027-01-09,B18,2026-06-21
935,2506-Z769,83,2025-06-09,2028-05-09,A19,2025-09-08
936,2412-V369,89,2024-12-09,2027-10-09,Rayon5,2026-01-10
936,2509-A354,92,2025-09-09,2028-06-09,C1,2026-06-21
937,2402-E486,37,2024-02-09,2027-06-09,B11,2025-08-20
937,2406-W063,164,2024-06-09,2027-10-09,C1,2025-04-21
937,2411-K112,115,2024-11-09,2028-01-09,A15,2024-12-18
938,2402-G600,7,2024-02-09,2027-01-09,C15,2026-05-31
938,2411-Y494,72,2024-11-09,2027-07-09,B18,2025-01-01
938,2504-A777,104,2025-04-09,2027-08-09,A18,2025-09-09
939,2410-F808,32,2024-10-09,2027-03-09,D14,2026-01-11
939,2503-D298,84,2025-03-09,2028-07-09,B9,2025-06-11
940,2408-Z677,72,2024-08-09,2027-11-09,A4,2025-08-15
940,2503-N229,108,2025-03-09,2028-08-09,A3,2025-11-01
940,2512-F286,28,2025-12-09,2029-06-09,A17,2026-05-29
941,2406-J851,21,2024-06-09,2027-11-09,C7,2025-07-22
941,2411-T582,76,2024-11-09,2028-02-09,Rayon7,2026-05-02
941,2510-M522,35,2025-10-09,2029-04-09,D19,2026-06-24
942,2408-W654,107,2024-08-09,2028-02-09,A13,2025-02-15
942,2506-B374,72,2025-06-09,2028-06-09,D18,2026-03-27
943,2402-E369,86,2024-02-09,2026-02-09,B16,2025-08-16
943,2410-C714,160,2024-10-09,2027-11-09,B9,2026-05-06
944,2406-B687,52,2024-06-09,2027-12-09,Rayon1,2024-08-19
944,2503-J976,4,2025-03-09,2028-03-09,A9,2025-04-19
944,2509-G346,162,2025-09-09,2029-03-09,A19,2026-04-25
945,2410-D946,143,2024-10-09,2027-04-09,B11,2026-05-04
945,2509-F011,85,2025-09-09,2028-08-09,C17,2026-03-09
946,2309-K488,175,2023-09-09,2026-08-09,A20,2024-05-17
946,2409-N511,200,2024-09-09,2027-04-09,B9,2026-02-25
947,2408-Y103,67,2024-08-09,2026-10-09,A9,2025-05-12
947,2412-Z123,124,2024-12-09,2027-09-09,D7,2025-05-22
947,2504-C203,195,2025-04-09,2027-11-09,D11,2026-03-17
948,2501-X455,171,2025-01-09,2027-02-09,Rayon5,2026-02-04
948,2507-D607,64,2025-07-09,2028-02-09,C12,2026-07-02
948,2602-P294,167,2026-02-09,2029-01-09,Rayon7,2026-05-21
949,2406-A053,200,2024-06-09,2027-09-09,A4,2025-01-08
949,2411-Z183,48,2024-11-09,2027-11-09,C14,2025-06-21
950,2312-D476,27,2023-12-09,2027-02-09,Rayon1,2025-08-15
950,2409-M167,98,2024-09-09,2027-12-09,C17,2024-12-28
950,2509-W365,189,2025-09-09,2028-06-09,Rayon1,2025-10-11
951,2407-Z115,164,2024-07-09,2027-05-09,A9,2026-06-04
951,2504-L166,41,2025-04-09,2028-01-09,C11,2025-07-15
951,2512-J688,200,2025-12-09,2028-05-09,A9,2026-01-11
952,2406-N924,89,2024-06-09,2026-09-09,D1,2024-10-31
952,2412-G378,113,2024-12-09,2027-12-09,B20,2026-02-28
953,2311-K425,170,2023-11-09,2026-02-09,A7,2024-12-29
953,2403-F634,76,2024-03-09,2027-05-09,A7,2026-03-10
953,2411-E579,62,2024-11-09,2027-09-09,D19,2026-06-24
954,2411-B558,67,2024-11-09,2027-12-09,B15,2026-03-06
954,2510-N475,185,2025-10-09,2028-12-09,B8,2026-01-24
955,2411-W252,7,2024-11-09,2028-03-09,D17,2026-03-23
955,2504-R369,162,2025-04-09,2028-04-09,B15,2025-06-27
956,2409-A301,80,2024-09-09,2027-08-09,D16,2025-06-18
956,2502-P322,83,2025-02-09,2028-02-09,Rayon3,2025-03-18
957,2406-L356,172,2024-06-09,2027-05-09,D5,2026-02-10
957,2501-T161,86,2025-01-09,2027-06-09,C13,2025-07-05
957,2512-T874,95,2025-12-09,2029-04-09,A1,2026-06-24
958,2402-W158,9,2024-02-09,2026-02-09,A19,2026-02-05
958,2408-X985,22,2024-08-09,2027-09-09,D9,2025-11-22
958,2504-J329,34,2025-04-09,2027-11-09,Rayon2,2026-05-31
959,2411-A378,103,2024-11-09,2027-04-09,A2,2025-01-17
959,2510-E071,4,2025-10-09,2029-03-09,A8,2026-02-13
959,2607-R246,14,2026-07-09,2029-04-09,C9,2026-07-10
960,2403-F212,34,2024-03-09,2026-11-09,A6,2024-05-18
960,2408-G129,49,2024-08-09,2027-05-09,Rayon5,2026-05-28
960,2506-Y880,124,2025-06-09,2028-04-09,C13,2025-06-22
961,2402-A288,66,2024-02-09,2027-06-09,D1,2025-08-31
961,2502-A826,28,2025-02-09,2028-05-09,Rayon4,2025-08-25
961,2510-E354,103,2025-10-09,2028-06-09,Rayon4,2025-10-29
962,2309-W376,180,2023-09-09,2026-09-09,C13,2024-08-19
962,2401-J646,49,2024-01-09,2027-07-09,C8,2026-05-15
962,2408-F458,83,2024-08-09,2027-10-09,Rayon2,2025-10-07
963,2311-Z217,40,2023-11-09,2026-06-09,B8,2025-08-22
963,2404-F774,193,2024-04-09,2027-06-09,A11,2026-06-13
963,2408-K911,190,2024-08-09,2027-12-09,Rayon5,2026-04-13
964,2312-R585,94,2023-12-09,2027-02-09,B8,2025-12-13
964,2411-C157,163,2024-11-09,2027-05-09,B9,2025-01-12
964,2508-G271,39,2025-08-09,2028-03-09,A17,2025-12-29
965,2402-Y279,67,2024-02-09,2026-09-09,D14,2024-07-13
965,2408-V581,38,2024-08-09,2026-11-09,A8,2025-11-11
966,2412-K355,69,2024-12-09,2028-02-09,A19,2025-11-18
966,2510-M515,62,2025-10-09,2028-05-09,A20,2026-03-30
966,2604-X977,52,2026-04-09,2028-12-09,D20,2026-06-22
967,2406-R143,72,2024-06-09,2026-10-09,A7,2025-11-05
967,2501-E918,62,2025-01-09,2028-06-09,Rayon1,2026-01-20
967,2507-L649,174,2025-07-09,2028-12-09,D19,2025-10-12
968,2501-N365,157,2025-01-09,2028-03-09,D11,2026-05-20
968,2505-J477,155,2025-05-09,2028-09-09,Rayon8,2026-06-08
969,2312-W664,76,2023-12-09,2026-06-09,B16,2026-04-26
969,2411-T076,140,2024-11-09,2027-01-09,Rayon5,2025-10-12
970,2404-V920,154,2024-04-09,2026-08-09,B8,2025-01-09
970,2408-Z901,136,2024-08-09,2027-08-09,D8,2026-03-01
970,2507-W159,137,2025-07-09,2027-10-09,A5,2026-03-19
971,2403-A462,137,2024-03-09,2027-05-09,C15,2026-02-18
971,2409-Z696,68,2024-09-09,2027-07-09,A14,2026-01-07
971,2504-K945,82,2025-04-09,2028-01-09,D8,2026-06-17
972,2407-J251,113,2024-07-09,2026-10-09,A9,2025-06-21
972,2506-H432,125,2025-06-09,2027-11-09,A4,2025-08-04
972,2601-H242,181,2026-01-09,2028-11-09,A3,2026-07-06
973,2402-F417,30,2024-02-09,2026-04-09,D5,2026-06-17
973,2412-M345,61,2024-12-09,2027-10-09,D1,2026-06-05
974,2312-W812,24,2023-12-09,2027-03-09,A17,2025-03-04
974,2408-X213,133,2024-08-09,2028-02-09,Rayon6,2025-11-17
974,2412-G291,175,2024-12-09,2028-04-09,C8,2025-05-11
975,2403-T644,30,2024-03-09,2026-08-09,D3,2025-03-05
975,2410-H670,184,2024-10-09,2027-04-09,Rayon3,2025-11-15
975,2508-B481,117,2025-08-09,2028-03-09,A16,2026-03-12
976,2410-R142,62,2024-10-09,2026-11-09,D12,2025-03-06
976,2510-M956,137,2025-10-09,2029-03-09,C2,2026-06-12
976,2605-J197,198,2026-05-09,2029-07-09,D6,2026-05-10
977,2412-N657,59,2024-12-09,2028-05-09,C2,2025-10-13
977,2509-C314,56,2025-09-09,2028-10-09,C4,2025-11-23
977,2606-D340,100,2026-06-09,2029-12-09,C10,2026-06-16
978,2311-T384,5,2023-11-09,2025-12-09,B1,2025-02-25
978,2408-C261,55,2024-08-09,2027-07-09,Rayon6,2024-12-05
978,2504-M386,73,2025-04-09,2027-12-09,Rayon5,2025-12-10
979,2401-A505,35,2024-01-09,2026-04-09,Rayon5,2024-02-07
979,2412-T038,144,2024-12-09,2028-04-09,D4,2026-06-10
980,2405-J038,136,2024-05-09,2027-03-09,A15,2025-04-16
980,2410-R140,170,2024-10-09,2027-11-09,D15,2024-12-16
980,2510-N808,87,2025-10-09,2029-01-09,D8,2026-03-09
981,2311-T037,107,2023-11-09,2025-12-09,C17,2025-01-22
981,2406-X483,99,2024-06-09,2027-01-09,B16,2024-07-16
982,2407-B339,84,2024-07-09,2027-04-09,D5,2025-06-27
982,2503-L591,46,2025-03-09,2028-01-09,C15,2025-08-01
982,2602-N985,87,2026-02-09,2029-07-09,A12,2026-06-22
983,2410-X417,140,2024-10-09,2027-05-09,A20,2024-10-17
983,2508-E787,102,2025-08-09,2027-08-09,B17,2025-09-17
984,2310-G624,156,2023-10-09,2025-12-09,D1,2025-04-08
984,2403-W297,43,2024-03-09,2027-08-09,B18,2024-11-09
984,2407-P717,12,2024-07-09,2027-12-09,C15,2025-05-09
985,2410-C644,80,2024-10-09,2027-09-09,C11,2025-11-04
985,2508-J061,109,2025-08-09,2029-02-09,A2,2026-04-26
985,2606-Z628,36,2026-06-09,2029-07-09,C8,2026-06-20
986,2312-T527,116,2023-12-09,2027-01-09,B7,2026-04-14
986,2406-W793,65,2024-06-09,2027-05-09,D17,2026-03-27
987,2411-K659,42,2024-11-09,2027-02-09,C2,2025-03-20
987,2506-W437,146,2025-06-09,2027-09-09,C5,2026-01-14
987,2603-N821,111,2026-03-09,2029-06-09,Rayon7,2026-05-02
988,2311-F440,50,2023-11-09,2026-02-09,A9,2024-08-29
988,2404-W237,151,2024-04-09,2027-10-09,B15,2025-10-14
988,2411-P052,37,2024-11-09,2028-04-09,D8,2025-05-23
989,2407-P721,47,2024-07-09,2027-06-09,D5,2025-12-20
989,2411-T422,171,2024-11-09,2027-07-09,B11,2025-03-26
990,2411-L384,42,2024-11-09,2026-11-09,B15,2025-06-20
990,2503-H997,91,2025-03-09,2028-05-09,B13,2026-05-11
990,2509-G758,181,2025-09-09,2028-10-09,C5,2025-10-24
991,2404-K922,96,2024-04-09,2026-11-09,B3,2025-02-16
991,2412-Y790,71,2024-12-09,2027-10-09,C14,2025-03-15
991,2505-W183,144,2025-05-09,2028-03-09,B16,2025-08-05
992,2408-D612,91,2024-08-09,2027-12-09,Rayon4,2025-05-03
992,2505-A846,81,2025-05-09,2028-07-09,D13,2025-07-31
992,2605-Z014,96,2026-05-09,2028-10-09,B6,2026-06-28
993,2311-G283,68,2023-11-09,2026-05-09,C1,2026-01-22
993,2408-X505,145,2024-08-09,2027-01-09,Rayon5,2025-06-10
993,2504-Y022,108,2025-04-09,2028-10-09,C5,2026-02-20
994,2412-J166,32,2024-12-09,2027-05-09,Rayon7,2025-02-15
994,2505-D861,147,2025-05-09,2028-01-09,C16,2026-04-30
994,2510-M334,122,2025-10-09,2028-11-09,A6,2026-06-19
995,2309-J108,87,2023-09-09,2026-03-09,A20,2026-03-22
995,2409-D634,4,2024-09-09,2026-11-09,D6,2025-12-06
996,2409-A359,131,2024-09-09,2026-09-09,A15,2025-11-09
996,2501-C959,115,2025-01-09,2028-04-09,B17,2025-01-25
996,2508-T765,166,2025-08-09,2028-06-09,C10,2025-10-12
997,2402-L187,91,2024-02-09,2026-07-09,B17,2025-11-21
997,2406-D153,15,2024-06-09,2027-06-09,C13,2026-03-18
997,2501-T029,182,2025-01-09,2028-04-09,Rayon5,2026-06-20
998,2405-R188,17,2024-05-09,2026-06-09,Rayon4,2025-10-01
998,2410-N811,119,2024-10-09,2027-11-09,B7,2024-12-12
998,2503-Y595,65,2025-03-09,2028-01-09,B3,2026-01-28
999,2402-J595,72,2024-02-09,2026-09-09,Rayon2,2025-11-03
999,2407-J676,51,2024-07-09,2026-11-09,A11,2025-11-06
999,2506-N445,16,2025-06-09,2028-12-09,C9,2025-12-19
1000,2401-W640,72,2024-01-09,2026-07-09,B1,2024-09-30
1000,2406-J674,109,2024-06-09,2027-11-09,D20,2024-08-16
1001,2412-Y305,33,2024-12-09,2028-03-09,D4,2025-06-18
1001,2504-J076,180,2025-04-09,2028-09-09,A15,2025-05-22
1001,2512-B162,122,2025-12-09,2029-03-09,B13,2026-06-01
1002,2310-T831,140,2023-10-09,2027-04-09,A1,2024-05-27
1002,2410-B462,28,2024-10-09,2027-10-09,A13,2024-11-25
1002,2507-V031,35,2025-07-09,2028-04-09,B2,2025-12-26
1003,2410-Y247,69,2024-10-09,2028-02-09,A6,2026-02-01
1003,2504-M177,28,2025-04-09,2028-07-09,B10,2025-05-17
1003,2511-B971,104,2025-11-09,2029-02-09,A8,2025-11-09
1004,2410-W544,120,2024-10-09,2028-01-09,B6,2026-04-09
1004,2510-N813,139,2025-10-09,2028-02-09,A13,2026-04-04
1004,2606-P101,170,2026-06-09,2029-05-09,Rayon2,2026-07-08
1005,2405-A787,168,2024-05-09,2027-02-09,C5,2025-05-20
1005,2411-M185,161,2024-11-09,2027-05-09,B8,2025-10-28
1006,2412-W759,149,2024-12-09,2028-05-09,D1,2026-04-30
1006,2512-Z080,171,2025-12-09,2028-08-09,D7,2026-01-05
1006,2606-G558,49,2026-06-09,2028-12-09,A2,2026-06-17
1007,2311-Y486,68,2023-11-09,2027-05-09,C11,2024-12-11
1007,2406-B432,23,2024-06-09,2027-11-09,D6,2024-06-09
1007,2410-L077,155,2024-10-09,2028-03-09,Rayon9,2026-02-14
1008,2406-Y477,195,2024-06-09,2027-04-09,C7,2025-07-25
1008,2501-H668,17,2025-01-09,2027-08-09,A8,2025-04-09
1009,2411-V845,151,2024-11-09,2027-11-09,Rayon9,2025-09-16
1009,2503-R270,137,2025-03-09,2028-09-09,C2,2025-08-20
1010,2410-T280,79,2024-10-09,2028-01-09,D16,2024-10-10
1010,2506-F082,169,2025-06-09,2028-11-09,A13,2025-12-01
1010,2605-V759,45,2026-05-09,2029-11-09,Rayon8,2026-06-08
1011,2407-G291,135,2024-07-09,2027-06-09,Rayon8,2024-07-14
1011,2411-V792,47,2024-11-09,2027-08-09,B8,2024-12-10
1011,2504-W638,149,2025-04-09,2027-10-09,A19,2026-02-14
1012,2403-J746,187,2024-03-09,2026-06-09,B9,2025-12-13
1012,2407-Y097,200,2024-07-09,2026-09-09,B1,2025-01-16
1012,2412-T125,17,2024-12-09,2027-04-09,Rayon8,2025-04-01
1013,2409-A792,46,2024-09-09,2027-06-09,Rayon4,2024-12-03
1013,2505-F088,115,2025-05-09,2027-07-09,A15,2026-06-21
1013,2605-P705,8,2026-05-09,2028-05-09,Rayon1,2026-07-06
1014,2405-D157,173,2024-05-09,2026-10-09,A3,2026-05-23
1014,2412-M237,140,2024-12-09,2026-12-09,B8,2026-06-08
1015,2311-W479,68,2023-11-09,2025-11-09,Rayon4,2026-03-18
1015,2409-J894,153,2024-09-09,2027-03-09,D2,2025-10-12
1015,2509-C620,90,2025-09-09,2028-10-09,Rayon7,2025-09-26
1016,2410-D886,15,2024-10-09,2027-08-09,D3,2026-05-31
1016,2509-W314,187,2025-09-09,2027-09-09,A5,2025-12-15
1016,2606-F435,158,2026-06-09,2028-06-09,A5,2026-06-10
1017,2309-L755,148,2023-09-09,2025-10-09,A18,2024-10-07
1017,2405-A927,183,2024-05-09,2026-07-09,A13,2024-07-10
1018,2312-F127,164,2023-12-09,2026-05-09,Rayon4,2024-09-07
1018,2410-L642,70,2024-10-09,2027-10-09,A7,2025-01-06
1019,2404-N823,146,2024-04-09,2026-09-09,D5,2025-02-24
1019,2503-F182,100,2025-03-09,2028-04-09,Rayon5,2025-11-23
1019,2509-A379,44,2025-09-09,2028-12-09,Rayon5,2025-12-19
1020,2404-Y602,57,2024-04-09,2026-05-09,C16,2025-08-24
1020,2503-M951,182,2025-03-09,2028-01-09,D11,2025-09-16
1021,2311-K964,19,2023-11-09,2026-07-09,A11,2025-01-16
1021,2406-F189,33,2024-06-09,2027-04-09,A9,2026-02-07
1022,2403-V872,4,2024-03-09,2027-08-09,B15,2024-03-25
1022,2412-A719,67,2024-12-09,2028-01-09,Rayon8,2025-06-08
1023,2404-J237,114,2024-04-09,2027-03-09,D15,2024-12-29
1023,2408-K236,45,2024-08-09,2027-08-09,C16,2025-11-30
1024,2403-X352,191,2024-03-09,2027-03-09,A10,2025-06-06
1024,2411-H344,45,2024-11-09,2028-05-09,C18,2025-09-11
1024,2504-M136,7,2025-04-09,2028-08-09,A4,2025-08-28
1025,2404-G873,160,2024-04-09,2027-02-09,B13,2026-01-08
1025,2503-Y082,60,2025-03-09,2027-07-09,B2,2025-08-11
1025,2507-X019,183,2025-07-09,2027-10-09,A3,2026-06-27
1026,2406-L499,177,2024-06-09,2026-10-09,B18,2026-04-03
1026,2501-V375,86,2025-01-09,2027-07-09,A20,2025-04-05
1026,2510-N782,41,2025-10-09,2028-01-09,C10,2026-03-01
1027,2501-L654,25,2025-01-09,2028-02-09,Rayon3,2025-11-07
1027,2512-M291,188,2025-12-09,2028-07-09,B1,2026-01-06
1028,2311-D331,86,2023-11-09,2025-12-09,Rayon5,2025-05-14
1028,2405-B165,169,2024-05-09,2027-02-09,Rayon1,2024-11-29
1028,2504-N817,196,2025-04-09,2027-07-09,B6,2026-01-06
1029,2407-H155,94,2024-07-09,2026-12-09,C2,2024-09-21
1029,2507-F271,55,2025-07-09,2029-01-09,B10,2026-01-30
1029,2511-K671,92,2025-11-09,2029-06-09,A5,2026-05-22
1030,2312-P374,157,2023-12-09,2027-02-09,D8,2026-03-24
1030,2404-Y768,162,2024-04-09,2027-10-09,C10,2024-07-17
1031,2410-H019,112,2024-10-09,2028-02-09,A2,2024-12-15
1031,2506-B662,190,2025-06-09,2028-04-09,Rayon8,2026-04-24
1031,2605-C237,143,2026-05-09,2029-05-09,Rayon9,2026-06-03
1032,2412-H873,67,2024-12-09,2027-10-09,D7,2025-08-21
1032,2505-L251,135,2025-05-09,2028-02-09,B12,2026-02-11
1033,2402-C904,182,2024-02-09,2027-03-09,A2,2025-04-21
1033,2502-C789,21,2025-02-09,2027-07-09,C10,2025-06-02
1033,2510-M894,88,2025-10-09,2028-08-09,B14,2026-04-25
1034,2311-E391,58,2023-11-09,2026-05-09,Rayon6,2025-11-06
1034,2409-W227,14,2024-09-09,2028-02-09,A1,2026-04-07
1035,2501-R236,49,2025-01-09,2027-08-09,C6,2026-01-04
1035,2507-A348,30,2025-07-09,2029-01-09,D15,2025-11-04
1036,2412-T291,155,2024-12-09,2028-02-09,A1,2026-02-23
1036,2510-W499,91,2025-10-09,2028-09-09,D5,2026-03-15
1037,2403-V022,177,2024-03-09,2027-02-09,B10,2024-11-01
1037,2501-T967,169,2025-01-09,2027-07-09,Rayon5,2025-11-11
1037,2508-C972,180,2025-08-09,2028-12-09,Rayon9,2026-06-19
1038,2404-G615,137,2024-04-09,2026-09-09,C10,2026-03-22
1038,2412-M512,86,2024-12-09,2027-05-09,B5,2025-08-03
1039,2402-L305,168,2024-02-09,2026-10-09,B10,2025-01-23
1039,2407-D110,44,2024-07-09,2027-06-09,B8,2025-07-06
1040,2310-D278,114,2023-10-09,2026-08-09,C16,2025-11-15
1040,2406-Z402,172,2024-06-09,2027-07-09,C5,2026-03-21
1040,2412-N300,197,2024-12-09,2027-10-09,B7,2025-12-22
1041,2309-L198,21,2023-09-09,2027-03-09,A10,2024-01-17
1041,2406-E701,61,2024-06-09,2027-08-09,B20,2024-11-20
1041,2411-E134,176,2024-11-09,2027-10-09,D6,2025-02-22
1042,2406-W743,71,2024-06-09,2026-07-09,Rayon2,2025-10-24
1042,2505-L555,19,2025-05-09,2028-04-09,Rayon3,2025-07-17
1043,2411-F702,56,2024-11-09,2027-03-09,D20,2025-12-31
1043,2503-J608,152,2025-03-09,2028-06-09,A14,2026-04-02
1044,2406-V299,83,2024-06-09,2027-12-09,B19,2025-08-01
1044,2412-L437,17,2024-12-09,2028-05-09,C9,2025-08-01
1044,2509-L468,35,2025-09-09,2028-10-09,B12,2025-10-25
1045,2402-M883,60,2024-02-09,2027-07-09,Rayon2,2024-11-21
1045,2502-P034,133,2025-02-09,2027-12-09,Rayon1,2025-04-08
1045,2510-N145,60,2025-10-09,2028-09-09,B14,2025-12-22
1046,2402-M990,141,2024-02-09,2026-03-09,A11,2025-06-12
1046,2501-L044,32,2025-01-09,2028-02-09,D10,2026-06-21
1046,2506-F848,6,2025-06-09,2028-08-09,D1,2025-11-13
1047,2410-J298,177,2024-10-09,2027-09-09,D13,2026-06-15
1047,2508-X116,131,2025-08-09,2027-10-09,C20,2025-10-26
1047,2603-N978,114,2026-03-09,2029-09-09,D16,2026-06-25
1048,2412-A874,130,2024-12-09,2027-07-09,C1,2025-02-26
1048,2504-D784,89,2025-04-09,2028-05-09,Rayon8,2026-07-01
1048,2602-K977,76,2026-02-09,2029-04-09,Rayon1,2026-06-11
1049,2411-L378,113,2024-11-09,2027-08-09,C20,2025-12-04
1049,2504-X914,103,2025-04-09,2028-01-09,C4,2025-06-15
1050,2312-A937,135,2023-12-09,2026-06-09,Rayon1,2025-09-24
1050,2407-J836,183,2024-07-09,2026-11-09,B20,2025-10-18
1051,2406-B255,37,2024-06-09,2027-09-09,A1,2024-09-18
1051,2412-J734,189,2024-12-09,2027-11-09,Rayon1,2026-02-18
1052,2311-J110,164,2023-11-09,2026-12-09,A20,2026-01-01
1052,2407-Z710,193,2024-07-09,2027-12-09,B4,2024-08-06
1052,2507-C637,85,2025-07-09,2028-11-09,D15,2026-01-02
1053,2412-J189,69,2024-12-09,2028-01-09,C5,2025-08-22
1053,2512-C228,54,2025-12-09,2029-04-09,A19,2026-06-14
1053,2607-Z311,174,2026-07-09,2029-06-09,B5,2026-07-10
1054,2407-L220,26,2024-07-09,2027-03-09,D20,2024-10-28
1054,2507-T046,125,2025-07-09,2027-09-09,D9,2025-09-27
1054,2601-T855,130,2026-01-09,2029-03-09,A17,2026-03-07
1055,2405-P066,104,2024-05-09,2027-10-09,A9,2024-05-17
1055,2502-A366,82,2025-02-09,2028-07-09,B5,2025-11-21
1055,2510-A741,158,2025-10-09,2028-12-09,D9,2026-06-27
1056,2412-Z681,48,2024-12-09,2027-08-09,A20,2025-11-03
1056,2507-E818,149,2025-07-09,2028-01-09,C14,2026-05-20
1056,2511-M015,88,2025-11-09,2028-04-09,B20,2026-02-27
1057,2403-F928,179,2024-03-09,2026-12-09,B2,2025-02-02
1057,2412-P264,58,2024-12-09,2027-05-09,D14,2024-12-23
1057,2511-J035,48,2025-11-09,2028-04-09,B13,2026-05-09
1058,2406-N893,170,2024-06-09,2027-02-09,C20,2025-11-08
1058,2412-X492,34,2024-12-09,2027-08-09,C17,2025-05-15
1058,2509-L119,147,2025-09-09,2028-01-09,D18,2026-06-01
1059,2402-Y618,144,2024-02-09,2026-07-09,B17,2025-10-07
1059,2411-G046,73,2024-11-09,2028-01-09,C12,2025-01-31
1059,2510-J398,143,2025-10-09,2028-06-09,D6,2026-05-01
1060,2403-Y966,73,2024-03-09,2026-12-09,B20,2024-10-25
1060,2408-B366,89,2024-08-09,2027-01-09,D17,2026-01-02
1061,2408-R026,73,2024-08-09,2027-09-09,Rayon1,2024-10-16
1061,2505-X837,95,2025-05-09,2027-12-09,Rayon3,2025-06-05
1062,2309-C105,89,2023-09-09,2026-11-09,B20,2026-06-08
1062,2408-D380,77,2024-08-09,2027-07-09,C19,2025-04-07
1062,2506-W222,106,2025-06-09,2027-11-09,D15,2026-01-19
1063,2407-H164,161,2024-07-09,2026-11-09,C12,2026-07-08
1063,2503-N793,167,2025-03-09,2028-02-09,Rayon3,2025-05-15
1063,2602-J708,57,2026-02-09,2028-05-09,C20,2026-03-02
1064,2402-G495,133,2024-02-09,2026-12-09,A3,2026-05-18
1064,2409-D308,153,2024-09-09,2027-07-09,D4,2025-09-26
1065,2312-E519,163,2023-12-09,2027-04-09,C2,2024-09-19
1065,2409-N255,87,2024-09-09,2027-06-09,B16,2025-08-22
1066,2401-A850,199,2024-01-09,2026-03-09,B13,2025-02-17
1066,2412-F073,194,2024-12-09,2028-06-09,A10,2026-03-05
1067,2312-X125,21,2023-12-09,2025-12-09,Rayon2,2024-08-02
1067,2407-L755,29,2024-07-09,2027-10-09,C9,2025-04-15
1068,2401-M577,43,2024-01-09,2026-11-09,D4,2024-11-27
1068,2501-M982,127,2025-01-09,2027-06-09,D1,2026-06-07
1068,2507-C818,95,2025-07-09,2028-09-09,B3,2026-04-06
1069,2403-G195,15,2024-03-09,2026-12-09,D8,2024-10-29
1069,2503-V382,45,2025-03-09,2027-08-09,C12,2025-08-02
1070,2412-J608,162,2024-12-09,2027-08-09,Rayon7,2025-04-11
1070,2507-J854,48,2025-07-09,2027-12-09,A3,2026-02-15
1070,2511-Z828,130,2025-11-09,2028-08-09,A15,2026-05-14
1071,2403-X134,70,2024-03-09,2026-07-09,D9,2024-07-28
1071,2502-R692,26,2025-02-09,2027-11-09,B1,2026-01-26
1072,2403-A043,102,2024-03-09,2027-02-09,B12,2025-02-20
1072,2501-C579,107,2025-01-09,2027-12-09,B11,2026-02-16
1073,2405-P478,121,2024-05-09,2027-07-09,Rayon5,2025-03-31
1073,2412-P788,175,2024-12-09,2028-03-09,C5,2025-12-21
1074,2410-H872,81,2024-10-09,2027-07-09,A12,2026-01-21
1074,2505-W686,177,2025-05-09,2028-11-09,C1,2026-03-26
1074,2604-Y425,170,2026-04-09,2029-04-09,B20,2026-05-24
1075,2501-F024,156,2025-01-09,2027-01-09,C11,2025-04-01
1075,2505-Z858,105,2025-05-09,2028-01-09,B4,2026-06-13
1076,2405-M290,13,2024-05-09,2026-10-09,C9,2024-05-20
1076,2412-D989,14,2024-12-09,2027-06-09,B10,2026-02-09
1076,2504-D684,53,2025-04-09,2028-01-09,D13,2025-07-06
1077,2405-A244,152,2024-05-09,2026-09-09,C14,2026-05-08
1077,2503-K876,137,2025-03-09,2027-10-09,D2,2025-05-11
1077,2508-B521,108,2025-08-09,2029-02-09,B8,2025-10-27
1078,2412-W935,19,2024-12-09,2027-08-09,C14,2025-05-06
1078,2510-T471,146,2025-10-09,2028-03-09,A20,2026-03-18
1079,2310-K485,156,2023-10-09,2025-11-09,A16,2025-12-08
1079,2408-K680,134,2024-08-09,2027-03-09,D10,2025-09-16
1079,2412-W186,42,2024-12-09,2027-04-09,Rayon8,2025-02-01
1080,2406-N928,51,2024-06-09,2027-12-09,Rayon5,2025-01-03
1080,2411-P140,164,2024-11-09,2028-02-09,D11,2025-07-15
1080,2508-H400,131,2025-08-09,2028-08-09,C19,2025-10-17
1081,2408-E673,67,2024-08-09,2027-03-09,C12,2024-12-24
1081,2507-M188,20,2025-07-09,2027-08-09,B3,2026-06-11
1081,2601-P173,113,2026-01-09,2028-11-09,B16,2026-07-05
1082,2501-C661,46,2025-01-09,2028-04-09,A10,2026-05-16
1082,2601-B237,30,2026-01-09,2029-04-09,B15,2026-06-19
1082,2606-E436,128,2026-06-09,2029-11-09,A5,2026-06-10
1083,2402-K620,95,2024-02-09,2026-09-09,A13,2024-09-18
1083,2408-C778,20,2024-08-09,2027-07-09,Rayon9,2025-09-04
1084,2401-N885,65,2024-01-09,2026-03-09,Rayon6,2024-08-03
1084,2409-R174,161,2024-09-09,2026-10-09,Rayon1,2025-08-24
1085,2402-G347,37,2024-02-09,2027-02-09,B2,2024-12-22
1085,2501-C801,193,2025-01-09,2027-10-09,B7,2026-04-02
1086,2412-E257,147,2024-12-09,2027-06-09,D16,2025-01-31
1086,2511-K840,87,2025-11-09,2028-12-09,Rayon7,2026-03-30
1087,2403-M057,171,2024-03-09,2026-12-09,Rayon5,2025-07-22
1087,2502-M001,6,2025-02-09,2028-02-09,Rayon9,2026-05-11
1088,2407-M320,182,2024-07-09,2027-05-09,C7,2026-04-07
1088,2502-X341,80,2025-02-09,2027-09-09,C12,2025-10-09
1088,2602-B993,199,2026-02-09,2028-02-09,B3,2026-06-12
1089,2407-B636,200,2024-07-09,2027-10-09,D6,2026-03-09
1089,2504-Z022,16,2025-04-09,2028-08-09,B4,2026-07-01
1089,2510-N592,11,2025-10-09,2028-09-09,Rayon6,2026-02-13
1090,2409-Y338,7,2024-09-09,2026-09-09,A14,2025-08-16
1090,2503-P129,53,2025-03-09,2027-08-09,A8,2026-03-16
1091,2407-F617,185,2024-07-09,2027-05-09,C16,2025-12-08
1091,2411-Z331,156,2024-11-09,2027-12-09,D11,2025-03-27
1091,2508-K550,162,2025-08-09,2028-10-09,B15,2025-10-11
1092,2309-T197,85,2023-09-09,2026-08-09,C13,2025-03-16
1092,2404-J971,192,2024-04-09,2026-09-09,D3,2026-06-10
1093,2406-X321,122,2024-06-09,2027-08-09,C2,2024-10-24
1093,2411-J401,59,2024-11-09,2028-02-09,C13,2025-06-22
1093,2508-D159,129,2025-08-09,2028-07-09,A14,2025-10-28
1094,2409-Y417,171,2024-09-09,2027-10-09,A1,2025-01-11
1094,2506-M438,44,2025-06-09,2028-01-09,C19,2026-04-07
1095,2408-X343,145,2024-08-09,2027-03-09,B6,2025-06-13
1095,2508-X044,65,2025-08-09,2028-01-09,B6,2026-07-01
1096,2312-W174,37,2023-12-09,2026-07-09,Rayon8,2024-08-19
1096,2411-J444,39,2024-11-09,2027-02-09,C16,2025-10-18
1097,2312-B808,63,2023-12-09,2027-03-09,A3,2025-02-06
1097,2406-N090,70,2024-06-09,2027-07-09,D18,2024-12-30
1097,2411-K359,101,2024-11-09,2028-05-09,C19,2025-09-11
1098,2410-Y830,148,2024-10-09,2027-02-09,A17,2024-10-17
1098,2506-F794,28,2025-06-09,2027-06-09,A20,2025-06-21
1098,2604-B033,10,2026-04-09,2028-04-09,B16,2026-05-14
1099,2408-L393,100,2024-08-09,2027-07-09,Rayon9,2025-07-01
1099,2507-N773,169,2025-07-09,2028-08-09,A17,2025-10-29
1100,2410-K915,121,2024-10-09,2027-07-09,A6,2024-11-07
1100,2509-B919,177,2025-09-09,2027-10-09,B15,2026-02-14
1100,2606-F123,190,2026-06-09,2029-03-09,Rayon4,2026-07-01
1101,2411-N075,9,2024-11-09,2027-05-09,A3,2025-02-18
1101,2505-A177,86,2025-05-09,2027-11-09,A20,2025-10-08
1101,2510-B558,10,2025-10-09,2028-05-09,Rayon6,2026-05-23
1102,2409-B626,96,2024-09-09,2027-02-09,B2,2025-10-18
1102,2505-F819,115,2025-05-09,2027-08-09,C16,2025-12-29
1103,2312-A838,196,2023-12-09,2027-04-09,D7,2024-01-14
1103,2406-N915,132,2024-06-09,2027-07-09,A13,2025-07-01
1103,2501-F704,41,2025-01-09,2028-01-09,Rayon6,2025-06-18
1104,2407-T846,176,2024-07-09,2027-06-09,A19,2024-12-08
1104,2506-G612,117,2025-06-09,2028-04-09,Rayon5,2026-05-13
1105,2412-T049,134,2024-12-09,2028-05-09,D14,2025-03-02
1105,2511-A753,123,2025-11-09,2028-07-09,C11,2025-11-18
1106,2409-F053,171,2024-09-09,2028-01-09,B13,2026-04-03
1106,2504-V548,88,2025-04-09,2028-09-09,B20,2026-01-06
1106,2509-H635,167,2025-09-09,2029-01-09,Rayon2,2026-06-09
1107,2312-L439,69,2023-12-09,2026-03-09,C9,2025-09-17
1107,2409-E500,129,2024-09-09,2027-04-09,C9,2025-09-18
1107,2508-G479,78,2025-08-09,2028-05-09,A11,2025-08-19
1108,2403-Y988,72,2024-03-09,2026-10-09,C16,2026-02-05
1108,2407-N856,176,2024-07-09,2027-12-09,C4,2026-06-04
1109,2406-N605,127,2024-06-09,2026-12-09,B11,2025-03-17
1109,2503-H365,172,2025-03-09,2028-05-09,B10,2025-11-29
1110,2407-P313,54,2024-07-09,2027-02-09,D8,2024-07-13
1110,2504-G957,39,2025-04-09,2028-06-09,C5,2025-10-22
1110,2601-T216,188,2026-01-09,2028-10-09,B2,2026-02-13
1111,2408-M770,197,2024-08-09,2027-12-09,Rayon6,2025-03-26
1111,2505-E627,12,2025-05-09,2028-06-09,C15,2026-02-28
1111,2512-L289,130,2025-12-09,2029-01-09,A5,2025-12-19
1112,2501-L015,157,2025-01-09,2027-06-09,Rayon4,2026-01-06
1112,2505-M995,182,2025-05-09,2028-01-09,A17,2025-08-07
1113,2310-X011,60,2023-10-09,2027-02-09,D16,2024-01-11
1113,2407-M465,91,2024-07-09,2027-09-09,C17,2024-10-11
1114,2401-V007,179,2024-01-09,2027-07-09,B16,2025-09-08
1114,2410-Z097,61,2024-10-09,2027-12-09,Rayon2,2026-02-06
1115,2309-W994,150,2023-09-09,2026-01-09,D5,2024-06-28
1115,2404-Z836,54,2024-04-09,2026-08-09,Rayon4,2024-09-05
1116,2402-M419,87,2024-02-09,2027-08-09,B11,2024-09-03
1116,2502-F487,76,2025-02-09,2027-11-09,Rayon1,2025-12-24
1117,2412-E161,124,2024-12-09,2027-09-09,B3,2026-02-04
1117,2510-R752,138,2025-10-09,2029-03-09,Rayon8,2026-03-03
1118,2406-L236,121,2024-06-09,2026-12-09,B13,2025-05-14
1118,2412-C143,28,2024-12-09,2027-08-09,D18,2026-02-01
1118,2506-F785,41,2025-06-09,2027-10-09,D4,2026-01-15
1119,2412-P393,137,2024-12-09,2028-05-09,D6,2025-11-07
1119,2510-H616,127,2025-10-09,2028-09-09,C9,2025-12-25
1120,2408-G083,43,2024-08-09,2027-10-09,C17,2025-11-26
1120,2504-C632,171,2025-04-09,2028-01-09,D10,2025-07-12
1120,2510-X601,94,2025-10-09,2028-05-09,D6,2026-04-26
1121,2403-G238,21,2024-03-09,2026-11-09,Rayon1,2026-02-07
1121,2502-V973,157,2025-02-09,2028-04-09,A18,2025-10-09
1121,2509-B366,20,2025-09-09,2028-09-09,Rayon9,2025-10-18
1122,2408-Y033,36,2024-08-09,2027-09-09,D4,2024-11-23
1122,2502-G470,40,2025-02-09,2028-01-09,D13,2026-04-09
1123,2310-L317,162,2023-10-09,2025-11-09,D18,2025-07-07
1123,2410-W350,70,2024-10-09,2027-12-09,C16,2025-10-31
1123,2506-T969,76,2025-06-09,2028-04-09,A2,2025-10-28
1124,2404-F944,113,2024-04-09,2027-10-09,C7,2024-06-26
1124,2411-B367,109,2024-11-09,2028-05-09,D11,2025-03-02
1125,2410-V806,88,2024-10-09,2028-01-09,Rayon4,2025-10-23
1125,2506-D627,102,2025-06-09,2028-06-09,A13,2026-05-28
1125,2605-H703,27,2026-05-09,2029-02-09,C10,2026-05-31
1126,2408-Y604,67,2024-08-09,2027-07-09,Rayon7,2025-04-15
1126,2505-C539,132,2025-05-09,2027-09-09,D9,2025-06-08
1126,2601-M618,120,2026-01-09,2029-01-09,B2,2026-02-14
1127,2401-E549,98,2024-01-09,2026-05-09,Rayon9,2025-12-14
1127,2408-P709,139,2024-08-09,2027-01-09,C5,2025-06-24
1128,2403-H009,112,2024-03-09,2027-05-09,Rayon4,2026-05-28
1128,2407-P360,151,2024-07-09,2027-12-09,B9,2026-06-21
1129,2410-R219,160,2024-10-09,2027-09-09,Rayon6,2025-06-27
1129,2503-G995,168,2025-03-09,2028-03-09,C19,2026-05-03
1130,2403-L730,62,2024-03-09,2026-06-09,D7,2024-06-29
1130,2501-C024,56,2025-01-09,2027-07-09,C5,2026-01-30
1131,2412-F424,142,2024-12-09,2027-04-09,D6,2026-06-11
1131,2512-Y869,51,2025-12-09,2029-01-09,C11,2026-02-19
1131,2607-M820,14,2026-07-09,2029-02-09,C19,2026-07-10
1132,2309-W737,137,2023-09-09,2026-10-09,Rayon9,2026-02-24
1132,2408-B410,197,2024-08-09,2027-12-09,D19,2025-11-17
1133,2411-H255,127,2024-11-09,2027-04-09,A12,2025-08-23
1133,2511-H612,67,2025-11-09,2029-01-09,Rayon8,2026-05-13
1133,2605-H769,17,2026-05-09,2029-03-09,A11,2026-05-15
1134,2311-Z333,111,2023-11-09,2026-02-09,A6,2024-04-11
1134,2403-Z086,34,2024-03-09,2026-09-09,D9,2025-07-17
1135,2309-P455,111,2023-09-09,2026-06-09,C3,2024-08-18
1135,2404-K986,187,2024-04-09,2027-03-09,Rayon4,2025-12-23
1136,2408-Z509,19,2024-08-09,2027-08-09,D20,2026-06-15
1136,2508-L578,129,2025-08-09,2028-05-09,Rayon9,2026-03-23
1136,2607-F995,63,2026-07-09,2030-01-09,A13,2026-07-09
1137,2501-F741,13,2025-01-09,2027-11-09,A16,2026-05-23
1137,2511-C880,49,2025-11-09,2029-01-09,Rayon9,2026-01-24
1137,2606-N831,157,2026-06-09,2029-12-09,C1,2026-06-18
1138,2406-J119,142,2024-06-09,2026-08-09,B8,2025-06-20
1138,2412-M848,61,2024-12-09,2027-10-09,A18,2025-08-17
1139,2411-C337,109,2024-11-09,2027-05-09,Rayon8,2025-08-16
1139,2511-F225,40,2025-11-09,2028-12-09,B9,2026-02-04
1140,2402-Z060,176,2024-02-09,2026-07-09,C15,2026-03-09
1140,2412-Z016,60,2024-12-09,2027-07-09,A4,2025-06-15
1140,2512-H110,87,2025-12-09,2029-04-09,B8,2026-03-07
1141,2407-D842,181,2024-07-09,2026-08-09,Rayon8,2025-11-15
1141,2506-C820,22,2025-06-09,2027-08-09,Rayon8,2025-10-11
1142,2411-R324,32,2024-11-09,2027-08-09,B4,2025-07-11
1142,2510-A237,163,2025-10-09,2027-10-09,D8,2026-05-22
1143,2402-Z910,47,2024-02-09,2027-03-09,Rayon4,2024-07-08
1143,2406-F293,167,2024-06-09,2027-12-09,B14,2026-05-10
1144,2406-Y038,154,2024-06-09,2027-02-09,C16,2024-11-20
1144,2412-J736,126,2024-12-09,2028-01-09,A15,2024-12-28
1145,2412-Z802,73,2024-12-09,2027-10-09,B17,2026-06-29
1145,2505-A272,116,2025-05-09,2028-06-09,D12,2026-01-16
1145,2512-N226,106,2025-12-09,2028-07-09,Rayon4,2026-04-12
1146,2312-E668,148,2023-12-09,2026-07-09,Rayon2,2024-03-10
1146,2407-T851,18,2024-07-09,2027-04-09,B20,2025-10-29
1147,2412-G671,83,2024-12-09,2028-05-09,C5,2025-12-29
1147,2510-M264,128,2025-10-09,2028-09-09,C5,2026-06-29
1147,2604-K422,192,2026-04-09,2029-03-09,A14,2026-05-19
1148,2312-F548,65,2023-12-09,2026-11-09,C16,2025-09-17
1148,2407-M838,9,2024-07-09,2027-11-09,A18,2025-04-08
1149,2310-H317,134,2023-10-09,2026-10-09,A3,2024-03-30
1149,2405-K430,166,2024-05-09,2027-07-09,C20,2025-08-01
1149,2411-D184,124,2024-11-09,2028-05-09,A17,2025-09-01
1150,2410-G791,180,2024-10-09,2028-01-09,C4,2024-10-12
1150,2504-K149,25,2025-04-09,2028-10-09,A2,2025-05-05
1151,2410-N523,93,2024-10-09,2026-10-09,A6,2026-01-11
1151,2502-H265,139,2025-02-09,2027-11-09,D3,2025-03-07
1151,2507-D541,53,2025-07-09,2028-05-09,A1,2026-06-08
1152,2310-L421,185,2023-10-09,2027-02-09,Rayon3,2026-03-23
1152,2406-L234,22,2024-06-09,2027-08-09,Rayon2,2025-03-19
1153,2403-B902,14,2024-03-09,2026-10-09,C10,2024-12-18
1153,2408-T013,144,2024-08-09,2027-08-09,D7,2025-02-28
1154,2310-V687,54,2023-10-09,2027-02-09,B13,2024-08-10
1154,2404-B198,142,2024-04-09,2027-05-09,D3,2024-12-23
1154,2411-V758,94,2024-11-09,2027-08-09,Rayon7,2025-10-14
1155,2411-A962,76,2024-11-09,2028-02-09,A18,2025-09-23
1155,2510-N824,25,2025-10-09,2029-02-09,Rayon4,2026-07-01
1156,2409-F466,50,2024-09-09,2027-02-09,D4,2024-12-04
1156,2506-X409,191,2025-06-09,2028-11-09,C4,2025-09-18
1156,2606-K495,128,2026-06-09,2029-02-09,B16,2026-06-24
1157,2409-Z636,161,2024-09-09,2027-02-09,Rayon3,2025-10-01
1157,2508-L083,105,2025-08-09,2028-06-09,A15,2026-05-24
1158,2309-N913,37,2023-09-09,2026-11-09,A19,2023-09-16
1158,2404-X669,110,2024-04-09,2027-04-09,Rayon2,2026-03-27
1159,2408-W731,121,2024-08-09,2026-08-09,Rayon7,2024-11-03
1159,2507-B233,73,2025-07-09,2027-07-09,C1,2026-04-07
1160,2405-B765,55,2024-05-09,2027-05-09,A3,2025-05-05
1160,2504-V449,150,2025-04-09,2028-01-09,C17,2026-04-12
1161,2501-N593,187,2025-01-09,2027-02-09,C10,2025-04-01
1161,2506-R518,98,2025-06-09,2028-12-09,D14,2026-06-26
1161,2512-C332,102,2025-12-09,2029-03-09,B4,2026-04-19
1162,2401-H751,106,2024-01-09,2027-05-09,A14,2024-03-04
1162,2405-L978,109,2024-05-09,2027-07-09,A11,2024-08-29
1162,2409-W116,180,2024-09-09,2027-10-09,Rayon9,2025-07-10
1163,2408-V740,17,2024-08-09,2027-09-09,D8,2024-12-27
1163,2507-H687,23,2025-07-09,2028-09-09,A19,2025-10-03
1164,2402-P899,114,2024-02-09,2027-03-09,B4,2025-12-15
1164,2411-P555,61,2024-11-09,2027-11-09,C7,2025-03-18
1164,2503-R533,12,2025-03-09,2028-07-09,A15,2026-02-19
1165,2312-B684,138,2023-12-09,2026-03-09,Rayon4,2024-08-27
1165,2408-X356,173,2024-08-09,2027-08-09,C3,2026-05-26
1166,2412-X217,46,2024-12-09,2027-11-09,B8,2025-03-29
1166,2510-R796,19,2025-10-09,2028-10-09,B10,2026-06-09
1166,2604-N573,175,2026-04-09,2029-06-09,Rayon7,2026-07-08
1167,2411-K877,115,2024-11-09,2027-07-09,B2,2025-02-18
1167,2511-E007,74,2025-11-09,2029-02-09,Rayon5,2026-01-11
1168,2408-J439,48,2024-08-09,2027-04-09,D19,2025-11-15
1168,2507-W941,28,2025-07-09,2028-08-09,A6,2025-09-04
1169,2406-X373,61,2024-06-09,2027-05-09,D14,2025-01-16
1169,2505-R523,104,2025-05-09,2027-10-09,Rayon7,2025-05-31
1170,2411-Z963,9,2024-11-09,2027-04-09,Rayon9,2026-06-04
1170,2506-P772,105,2025-06-09,2027-08-09,A3,2025-09-03
1171,2409-M666,38,2024-09-09,2027-02-09,Rayon9,2025-05-11
1171,2507-C992,4,2025-07-09,2027-10-09,C19,2026-06-27
1171,2601-J601,20,2026-01-09,2029-01-09,A19,2026-07-07
1172,2406-M832,102,2024-06-09,2026-07-09,Rayon6,2026-05-10
1172,2504-F893,163,2025-04-09,2027-06-09,D8,2025-04-27
1173,2402-Z377,80,2024-02-09,2026-06-09,A19,2025-12-06
1173,2411-N821,48,2024-11-09,2027-02-09,D1,2025-09-05
1174,2405-V590,34,2024-05-09,2026-12-09,D7,2025-09-23
1174,2412-E061,164,2024-12-09,2027-04-09,C15,2025-09-23
1174,2509-K282,40,2025-09-09,2028-10-09,B18,2026-02-23
1175,2311-T518,56,2023-11-09,2026-10-09,Rayon7,2025-01-21
1175,2406-C560,32,2024-06-09,2027-12-09,A3,2024-09-14
1176,2311-A372,71,2023-11-09,2026-03-09,A20,2023-12-10
1176,2407-G374,195,2024-07-09,2028-01-09,B1,2025-06-06
1176,2504-N485,32,2025-04-09,2028-02-09,C4,2025-07-24
1177,2410-M136,72,2024-10-09,2027-08-09,B17,2024-12-17
1177,2505-W981,135,2025-05-09,2028-06-09,B15,2025-09-23
1177,2602-M146,87,2026-02-09,2029-04-09,D8,2026-06-04
1178,2407-G221,45,2024-07-09,2027-05-09,Rayon8,2025-04-10
1178,2502-H777,165,2025-02-09,2027-09-09,C19,2026-01-14
1178,2512-R321,32,2025-12-09,2029-01-09,D7,2026-05-11
1179,2312-E896,140,2023-12-09,2026-11-09,B12,2024-01-30
1179,2404-V921,10,2024-04-09,2027-01-09,D6,2024-12-02
1179,2409-X746,89,2024-09-09,2027-07-09,C6,2025-04-21
1180,2406-R085,169,2024-06-09,2026-08-09,D16,2024-11-29
1180,2411-N449,116,2024-11-09,2027-11-09,B9,2025-10-01
1181,2409-Y259,190,2024-09-09,2026-09-09,C14,2024-11-16
1181,2509-H921,112,2025-09-09,2028-02-09,D1,2026-04-23
1181,2603-K068,156,2026-03-09,2029-07-09,Rayon1,2026-05-01
1182,2401-X847,165,2024-01-09,2026-10-09,B13,2025-11-15
1182,2411-J854,128,2024-11-09,2027-07-09,A17,2025-05-26
1182,2507-B012,189,2025-07-09,2028-01-09,D12,2026-06-09
1183,2311-X579,140,2023-11-09,2027-04-09,C10,2025-03-15
1183,2409-N162,30,2024-09-09,2028-01-09,B17,2025-12-07
1183,2507-J944,94,2025-07-09,2028-04-09,D9,2025-09-20
1184,2410-H529,79,2024-10-09,2027-09-09,A8,2025-02-01
1184,2506-L727,74,2025-06-09,2027-10-09,Rayon5,2025-06-28
1184,2604-Y074,144,2026-04-09,2029-02-09,A2,2026-04-16
1185,2407-V687,185,2024-07-09,2027-07-09,B18,2025-11-17
1185,2507-J915,79,2025-07-09,2028-05-09,D6,2026-02-12
1185,2605-W348,105,2026-05-09,2029-05-09,A7,2026-07-09
1186,2309-W726,18,2023-09-09,2025-12-09,D17,2024-09-07
1186,2407-N017,98,2024-07-09,2027-01-09,C13,2024-08-28
1187,2411-P108,133,2024-11-09,2027-06-09,A12,2025-10-14
1187,2511-W539,54,2025-11-09,2028-08-09,A12,2026-01-16
1187,2607-R823,42,2026-07-09,2029-08-09,B16,2026-07-09
1188,2412-E916,173,2024-12-09,2027-08-09,A14,2025-03-13
1188,2510-H383,52,2025-10-09,2029-03-09,D5,2025-12-07
1188,2607-N266,141,2026-07-09,2029-08-09,A9,2026-07-09
1189,2501-E385,37,2025-01-09,2027-05-09,Rayon4,2026-06-06
1189,2511-V464,73,2025-11-09,2028-01-09,C6,2025-11-14
1190,2405-T429,164,2024-05-09,2027-05-09,A12,2025-11-24
1190,2410-M471,102,2024-10-09,2027-08-09,D10,2025-08-20
1190,2504-C006,89,2025-04-09,2028-10-09,Rayon9,2025-12-17
1191,2411-R685,125,2024-11-09,2027-09-09,C8,2025-08-18
1191,2510-M442,172,2025-10-09,2028-06-09,C1,2026-03-06
1192,2403-V461,194,2024-03-09,2026-06-09,Rayon8,2025-07-10
1192,2501-G331,148,2025-01-09,2028-04-09,B3,2026-03-28
1192,2511-Y726,152,2025-11-09,2028-10-09,Rayon6,2025-12-04
1193,2312-M520,200,2023-12-09,2026-01-09,C10,2026-05-05
1193,2407-H715,30,2024-07-09,2026-09-09,B11,2024-09-23
1193,2501-T951,182,2025-01-09,2027-05-09,C15,2026-06-15
1194,2404-K041,95,2024-04-09,2026-10-09,D10,2025-02-02
1194,2501-K864,41,2025-01-09,2028-06-09,C12,2026-02-08
1194,2601-F929,199,2026-01-09,2029-03-09,D19,2026-06-10
1195,2412-E392,200,2024-12-09,2028-06-09,B20,2026-04-12
1195,2507-L374,187,2025-07-09,2028-08-09,Rayon5,2026-06-06
1195,2604-M522,179,2026-04-09,2029-05-09,C15,2026-06-11
1196,2408-M956,66,2024-08-09,2027-08-09,B9,2025-04-24
1196,2506-M176,63,2025-06-09,2028-08-09,Rayon5,2026-06-17
1197,2402-F295,121,2024-02-09,2027-03-09,D15,2025-12-22
1197,2412-T823,145,2024-12-09,2027-08-09,A1,2025-07-28
1198,2408-G878,100,2024-08-09,2026-08-09,B1,2026-01-10
1198,2501-W549,174,2025-01-09,2028-06-09,Rayon6,2026-01-24
1198,2506-F823,55,2025-06-09,2028-08-09,C13,2026-06-16
1199,2410-D349,45,2024-10-09,2027-11-09,D13,2024-12-04
1199,2509-B482,123,2025-09-09,2028-09-09,B14,2026-04-05
1199,2607-C918,50,2026-07-09,2029-02-09,D10,2026-07-10
1200,2408-C930,75,2024-08-09,2026-09-09,B16,2025-09-12
1200,2503-K371,62,2025-03-09,2027-07-09,C10,2026-03-06
1201,2401-H522,34,2024-01-09,2027-05-09,A2,2025-07-26
1201,2407-L594,54,2024-07-09,2027-11-09,D6,2025-12-24
1201,2506-M670,161,2025-06-09,2028-09-09,B20,2025-09-23
1202,2410-L168,188,2024-10-09,2028-02-09,C10,2024-11-25
1202,2505-K097,32,2025-05-09,2028-07-09,B3,2026-02-26
1203,2312-Y221,4,2023-12-09,2026-09-09,Rayon4,2025-05-28
1203,2410-Y043,142,2024-10-09,2028-03-09,B1,2026-02-20
1204,2412-Y209,154,2024-12-09,2027-12-09,B15,2026-03-11
1204,2511-Z191,199,2025-11-09,2029-01-09,B8,2026-05-01
1205,2402-W226,193,2024-02-09,2026-08-09,D20,2026-02-09
1205,2502-N768,162,2025-02-09,2028-02-09,Rayon6,2026-06-27
1205,2508-F474,5,2025-08-09,2029-01-09,C19,2025-10-31
1206,2410-A719,189,2024-10-09,2028-03-09,D3,2026-01-14
1206,2506-A902,97,2025-06-09,2028-05-09,C3,2026-03-04
1206,2602-W477,171,2026-02-09,2029-03-09,A18,2026-04-11
1207,2309-Z787,160,2023-09-09,2027-01-09,Rayon4,2025-01-22
1207,2406-C234,42,2024-06-09,2027-05-09,A2,2025-03-11
1208,2412-L507,165,2024-12-09,2027-07-09,Rayon4,2025-05-19
1208,2511-G394,199,2025-11-09,2028-09-09,B16,2026-05-06
1208,2605-A849,27,2026-05-09,2029-07-09,D3,2026-06-02
1209,2411-V682,105,2024-11-09,2027-07-09,Rayon6,2026-05-12
1209,2508-E545,118,2025-08-09,2028-11-09,A6,2026-02-13
1209,2605-R978,40,2026-05-09,2029-04-09,A4,2026-05-25
1210,2409-P946,195,2024-09-09,2026-12-09,C16,2024-10-06
1210,2503-D784,34,2025-03-09,2027-09-09,D9,2025-04-07
1211,2409-W246,114,2024-09-09,2026-12-09,D11,2025-08-25
1211,2503-F155,141,2025-03-09,2028-02-09,A2,2025-06-19
1212,2403-Y650,64,2024-03-09,2027-02-09,A14,2025-03-29
1212,2502-L466,110,2025-02-09,2028-01-09,C9,2026-05-08
1212,2506-Y588,128,2025-06-09,2028-12-09,B15,2025-07-25
1213,2409-D546,43,2024-09-09,2027-01-09,A18,2026-04-30
1213,2502-V584,101,2025-02-09,2028-07-09,Rayon7,2026-04-10
1214,2406-C641,56,2024-06-09,2026-08-09,C13,2026-01-06
1214,2411-G881,180,2024-11-09,2026-11-09,A9,2026-01-28
1214,2504-L430,15,2025-04-09,2027-07-09,B18,2025-10-20
1215,2408-C547,32,2024-08-09,2027-02-09,B15,2025-11-25
1215,2502-N000,29,2025-02-09,2028-02-09,A8,2025-11-10
1215,2507-D708,85,2025-07-09,2028-07-09,B20,2025-10-14
1216,2409-G796,117,2024-09-09,2027-08-09,B12,2024-10-29
1216,2509-Z466,49,2025-09-09,2028-03-09,D15,2025-10-30
1217,2411-F287,157,2024-11-09,2027-12-09,Rayon9,2025-11-25
1217,2505-B865,98,2025-05-09,2028-02-09,D7,2025-05-09
1218,2404-G952,186,2024-04-09,2027-01-09,A15,2025-07-07
1218,2503-W062,72,2025-03-09,2028-05-09,A19,2025-05-30
1219,2412-A051,81,2024-12-09,2027-01-09,D15,2025-08-02
1219,2510-W688,14,2025-10-09,2028-03-09,C7,2026-01-01
1220,2407-T762,158,2024-07-09,2026-12-09,C17,2025-05-25
1220,2505-H610,88,2025-05-09,2027-10-09,A5,2026-02-03
1221,2402-Y192,110,2024-02-09,2026-05-09,A10,2024-04-07
1221,2406-V903,76,2024-06-09,2027-07-09,A11,2026-03-28
1221,2411-Y544,99,2024-11-09,2027-09-09,B2,2025-05-24
1222,2408-D340,184,2024-08-09,2027-09-09,C1,2024-11-27
1222,2501-N616,134,2025-01-09,2028-05-09,D7,2025-05-18
1223,2402-H529,194,2024-02-09,2027-01-09,D11,2026-05-24
1223,2408-A958,135,2024-08-09,2027-02-09,Rayon7,2026-06-10
1224,2401-E010,152,2024-01-09,2026-09-09,B9,2025-06-08
1224,2412-V655,95,2024-12-09,2027-05-09,Rayon2,2025-05-18
1225,2309-W701,186,2023-09-09,2026-06-09,D18,2026-02-25
1225,2404-N963,136,2024-04-09,2026-10-09,D9,2025-10-08
1226,2401-B757,124,2024-01-09,2026-05-09,Rayon6,2025-03-16
1226,2406-N597,28,2024-06-09,2027-09-09,A16,2025-05-28
1227,2404-C421,18,2024-04-09,2027-08-09,Rayon5,2024-11-21
1227,2411-C845,89,2024-11-09,2027-11-09,Rayon5,2026-02-12
1227,2504-Z875,109,2025-04-09,2028-04-09,Rayon9,2025-11-22
1228,2405-X660,33,2024-05-09,2026-08-09,A14,2024-11-27
1228,2411-W783,166,2024-11-09,2028-04-09,A13,2025-08-13
1228,2511-T280,59,2025-11-09,2029-05-09,B15,2026-02-22
1229,2411-J993,134,2024-11-09,2027-11-09,Rayon1,2025-05-29
1229,2507-A807,66,2025-07-09,2029-01-09,C6,2025-11-11
1229,2603-A287,50,2026-03-09,2029-05-09,B19,2026-03-27
1230,2401-D045,90,2024-01-09,2026-03-09,A10,2026-05-04
1230,2411-E391,165,2024-11-09,2027-01-09,C13,2025-05-16
1231,2401-E088,107,2024-01-09,2027-07-09,C20,2024-11-09
1231,2408-N153,43,2024-08-09,2027-10-09,Rayon6,2026-02-02
1232,2403-A913,136,2024-03-09,2026-12-09,D4,2025-11-11
1232,2411-F339,61,2024-11-09,2028-01-09,C7,2024-11-27
1233,2310-Y602,25,2023-10-09,2026-01-09,C7,2025-11-30
1233,2408-D709,149,2024-08-09,2026-09-09,C15,2024-11-18
1234,2411-E248,152,2024-11-09,2027-08-09,B6,2025-04-10
1234,2509-R328,176,2025-09-09,2028-12-09,A17,2026-04-30
1235,2409-D179,54,2024-09-09,2027-02-09,B4,2025-02-05
1235,2508-C624,28,2025-08-09,2028-06-09,Rayon2,2026-05-12
1236,2312-X022,53,2023-12-09,2026-05-09,A16,2024-07-02
1236,2406-J135,151,2024-06-09,2026-08-09,Rayon1,2026-01-29
1236,2410-Y464,133,2024-10-09,2028-01-09,D11,2026-07-04
1237,2401-T557,85,2024-01-09,2026-07-09,D18,2025-02-22
1237,2406-M920,146,2024-06-09,2026-09-09,C19,2024-11-30
1238,2402-D775,194,2024-02-09,2026-07-09,Rayon8,2025-07-17
1238,2408-H755,134,2024-08-09,2027-11-09,D11,2026-04-02
1239,2407-R082,168,2024-07-09,2027-08-09,B5,2024-11-28
1239,2507-J655,27,2025-07-09,2028-08-09,D13,2025-07-29
1240,2408-J811,182,2024-08-09,2026-12-09,A10,2025-01-27
1240,2504-T934,178,2025-04-09,2027-07-09,A6,2025-05-20
1240,2511-R909,13,2025-11-09,2028-01-09,B10,2026-05-22
1241,2401-L902,167,2024-01-09,2026-09-09,A4,2025-04-14
1241,2409-Z880,54,2024-09-09,2027-11-09,Rayon2,2025-11-03
1242,2402-J151,52,2024-02-09,2026-05-09,A14,2026-03-28
1242,2411-D736,92,2024-11-09,2027-04-09,A16,2025-08-27
1242,2504-Y545,29,2025-04-09,2028-05-09,A2,2026-03-21
1243,2402-M003,73,2024-02-09,2026-10-09,Rayon1,2024-03-26
1243,2502-B474,6,2025-02-09,2027-11-09,A17,2026-03-02
1244,2405-A978,180,2024-05-09,2026-08-09,B17,2024-06-25
1244,2411-N820,94,2024-11-09,2027-10-09,B1,2024-12-15
1244,2506-Y597,16,2025-06-09,2028-10-09,C15,2025-11-03
1245,2412-M228,143,2024-12-09,2027-02-09,D9,2026-03-10
1245,2505-H383,15,2025-05-09,2027-08-09,D2,2026-02-18
1246,2402-K655,23,2024-02-09,2027-03-09,Rayon6,2024-12-19
1246,2501-E484,96,2025-01-09,2027-09-09,D6,2026-07-05
1247,2409-C424,197,2024-09-09,2027-10-09,Rayon1,2026-03-12
1247,2507-L258,153,2025-07-09,2029-01-09,C17,2026-01-26
1248,2311-Y479,194,2023-11-09,2026-08-09,C15,2025-07-15
1248,2405-H053,31,2024-05-09,2027-11-09,B17,2026-04-20
1249,2310-D100,139,2023-10-09,2025-11-09,D9,2024-12-07
1249,2409-G172,124,2024-09-09,2027-08-09,A11,2026-01-15
1250,2311-J008,56,2023-11-09,2027-03-09,C7,2025-01-16
1250,2405-B378,22,2024-05-09,2027-08-09,D4,2025-06-03
1251,2501-W636,192,2025-01-09,2028-03-09,Rayon9,2025-04-04
1251,2509-X785,138,2025-09-09,2028-09-09,C19,2026-04-08
1251,2602-A868,32,2026-02-09,2029-03-09,C15,2026-05-29
1252,2408-J638,98,2024-08-09,2026-09-09,D9,2024-10-08
1252,2501-P002,88,2025-01-09,2027-02-09,C17,2026-04-26
1252,2601-H112,118,2026-01-09,2028-05-09,Rayon4,2026-04-16
1253,2312-T323,95,2023-12-09,2027-05-09,B16,2026-06-28
1253,2405-W965,160,2024-05-09,2027-08-09,B3,2026-02-04
1253,2411-E088,79,2024-11-09,2027-11-09,A7,2025-10-04
1254,2312-K444,92,2023-12-09,2026-12-09,Rayon6,2023-12-17
1254,2405-T531,4,2024-05-09,2027-02-09,C9,2025-07-25
1254,2412-J763,20,2024-12-09,2027-07-09,A14,2025-03-06
1255,2405-V683,193,2024-05-09,2026-06-09,A6,2026-06-29
1255,2409-R683,138,2024-09-09,2027-07-09,Rayon6,2025-12-16
1256,2501-G176,48,2025-01-09,2027-07-09,C7,2025-02-26
1256,2508-B070,151,2025-08-09,2027-12-09,B15,2026-06-25
1256,2602-R672,17,2026-02-09,2029-08-09,C15,2026-05-03
1257,2407-G732,19,2024-07-09,2026-11-09,B3,2025-03-01
1257,2501-R963,94,2025-01-09,2027-05-09,C16,2026-01-28
1258,2408-L889,175,2024-08-09,2027-07-09,Rayon7,2025-10-28
1258,2501-G208,133,2025-01-09,2027-12-09,A5,2025-06-27
1258,2512-C369,76,2025-12-09,2028-04-09,D17,2025-12-30
1259,2412-M849,158,2024-12-09,2027-07-09,Rayon4,2026-03-16
1259,2510-H429,144,2025-10-09,2027-10-09,D15,2025-12-06
1260,2411-D272,81,2024-11-09,2027-05-09,B12,2024-12-11
1260,2503-B778,115,2025-03-09,2027-09-09,A6,2026-03-14
1261,2312-A513,76,2023-12-09,2025-12-09,B9,2024-12-23
1261,2405-V381,69,2024-05-09,2027-06-09,D11,2024-07-17
1261,2504-J436,8,2025-04-09,2028-04-09,A1,2026-02-25
1262,2312-J921,84,2023-12-09,2027-03-09,Rayon8,2026-03-31
1262,2406-X004,81,2024-06-09,2027-05-09,A13,2024-10-26
1262,2412-R843,76,2024-12-09,2027-08-09,Rayon6,2026-06-08
1263,2312-W588,192,2023-12-09,2026-06-09,B19,2024-07-06
1263,2411-E904,157,2024-11-09,2027-12-09,A10,2025-09-08
1263,2509-C908,112,2025-09-09,2028-02-09,D14,2026-07-04
1264,2311-H746,88,2023-11-09,2026-01-09,A18,2025-03-24
1264,2411-H576,88,2024-11-09,2028-02-09,Rayon5,2026-03-13
1265,2410-G597,122,2024-10-09,2027-07-09,A14,2025-08-17
1265,2506-V261,164,2025-06-09,2027-10-09,Rayon2,2025-11-14
1265,2606-V383,27,2026-06-09,2029-02-09,B6,2026-06-20
1266,2404-V301,28,2024-04-09,2027-08-09,A16,2025-12-17
1266,2501-Y822,11,2025-01-09,2028-01-09,A2,2026-06-26
1267,2409-P756,20,2024-09-09,2027-10-09,B10,2025-06-24
1267,2506-H026,143,2025-06-09,2028-01-09,B8,2026-03-05
1268,2404-P523,166,2024-04-09,2027-05-09,A10,2024-11-19
1268,2411-E831,70,2024-11-09,2027-11-09,B12,2025-12-22
1269,2309-R998,33,2023-09-09,2025-12-09,C11,2025-03-22
1269,2402-T784,28,2024-02-09,2026-09-09,Rayon4,2024-10-18
1270,2404-F911,132,2024-04-09,2027-01-09,Rayon9,2025-09-03
1270,2408-G484,42,2024-08-09,2027-04-09,B16,2026-05-31
1271,2312-N492,55,2023-12-09,2027-04-09,B5,2025-08-24
1271,2410-G185,47,2024-10-09,2027-07-09,A17,2025-09-27
1271,2502-F012,95,2025-02-09,2027-11-09,Rayon2,2026-01-09
1272,2401-A710,4,2024-01-09,2027-04-09,C20,2025-12-17
1272,2407-R595,130,2024-07-09,2027-06-09,D7,2025-11-29
1272,2506-M802,48,2025-06-09,2028-07-09,C19,2026-03-31
1273,2408-J363,169,2024-08-09,2026-12-09,D14,2026-04-18
1273,2508-N988,107,2025-08-09,2028-07-09,B16,2026-05-30
1274,2405-V636,19,2024-05-09,2026-05-09,C12,2025-06-20
1274,2409-F850,29,2024-09-09,2027-01-09,Rayon1,2024-09-25
1274,2501-M500,142,2025-01-09,2027-03-09,B11,2026-01-18
1275,2310-Y495,52,2023-10-09,2027-03-09,C18,2026-01-03
1275,2408-H652,152,2024-08-09,2027-04-09,D12,2025-11-06
1276,2401-D227,92,2024-01-09,2026-04-09,B2,2025-01-27
1276,2412-J509,146,2024-12-09,2027-05-09,D17,2025-02-23
1276,2510-W644,82,2025-10-09,2027-11-09,C14,2025-10-23
1277,2409-X562,122,2024-09-09,2028-03-09,Rayon1,2025-03-03
1277,2501-E462,27,2025-01-09,2028-05-09,D5,2025-05-08
1277,2508-M928,127,2025-08-09,2028-11-09,C12,2025-09-23
1278,2405-J275,192,2024-05-09,2027-06-09,A19,2026-02-28
1278,2409-E763,8,2024-09-09,2027-11-09,D9,2025-11-02
1278,2504-A927,26,2025-04-09,2028-01-09,B9,2026-03-31
1279,2410-P396,113,2024-10-09,2027-04-09,Rayon7,2024-10-23
1279,2508-D925,107,2025-08-09,2027-09-09,C18,2026-06-11
1279,2602-K705,144,2026-02-09,2029-08-09,D9,2026-05-25
1280,2412-Z510,86,2024-12-09,2027-03-09,B9,2025-09-15
1280,2512-H361,85,2025-12-09,2029-06-09,C6,2026-05-09
1281,2310-T561,40,2023-10-09,2025-10-09,C2,2024-06-18
1281,2402-P508,172,2024-02-09,2026-12-09,D17,2025-05-27
1282,2310-E761,105,2023-10-09,2026-08-09,B13,2024-10-07
1282,2408-H770,48,2024-08-09,2026-11-09,B19,2024-10-13
1282,2505-Y919,62,2025-05-09,2028-11-09,A12,2026-05-23
1283,2405-X577,89,2024-05-09,2027-11-09,B11,2024-08-22
1283,2503-J820,46,2025-03-09,2028-03-09,B11,2025-10-19
1284,2312-H238,89,2023-12-09,2027-04-09,C17,2024-07-31
1284,2407-R822,139,2024-07-09,2027-12-09,A3,2025-07-16
1285,2407-C582,120,2024-07-09,2027-07-09,C17,2026-03-23
1285,2504-J595,166,2025-04-09,2027-08-09,A16,2025-12-30
1286,2402-W227,66,2024-02-09,2027-07-09,C11,2026-01-18
1286,2412-F084,129,2024-12-09,2028-01-09,Rayon3,2025-12-28
1286,2511-P178,186,2025-11-09,2028-09-09,B4,2025-12-13
1287,2410-Z885,109,2024-10-09,2026-12-09,D6,2024-11-26
1287,2502-P932,112,2025-02-09,2028-04-09,Rayon3,2025-11-15
1288,2501-D918,81,2025-01-09,2027-01-09,Rayon8,2026-06-11
1288,2509-M318,20,2025-09-09,2028-12-09,C10,2026-04-29
1289,2310-F544,185,2023-10-09,2026-10-09,A1,2025-12-02
1289,2408-Z375,124,2024-08-09,2027-04-09,B5,2025-12-25
1289,2503-X493,195,2025-03-09,2027-08-09,A14,2025-08-25
1290,2408-N245,196,2024-08-09,2028-01-09,C5,2025-08-18
1290,2503-J924,116,2025-03-09,2028-03-09,A20,2026-07-09
1291,2411-B571,74,2024-11-09,2027-08-09,C17,2026-06-08
1291,2506-A119,171,2025-06-09,2028-02-09,B5,2025-11-29
1291,2512-A550,147,2025-12-09,2028-10-09,C17,2025-12-26
1292,2311-B922,107,2023-11-09,2025-11-09,A7,2025-10-30
1292,2403-C576,134,2024-03-09,2026-04-09,B16,2026-07-09
1293,2409-P262,55,2024-09-09,2027-12-09,Rayon4,2024-10-07
1293,2503-Y910,77,2025-03-09,2028-04-09,Rayon1,2026-01-13
1293,2507-K069,186,2025-07-09,2028-06-09,B16,2026-02-23
1294,2412-G080,43,2024-12-09,2027-01-09,C11,2025-06-21
1294,2506-H655,99,2025-06-09,2027-12-09,D14,2025-08-04
1295,2401-Z777,23,2024-01-09,2026-10-09,A14,2025-12-31
1295,2410-T938,182,2024-10-09,2027-01-09,B19,2025-01-13
1295,2505-C329,162,2025-05-09,2027-10-09,A18,2025-12-21
1296,2312-Z819,36,2023-12-09,2026-07-09,A11,2024-04-29
1296,2409-W089,58,2024-09-09,2027-09-09,C18,2025-09-21
1297,2311-P719,196,2023-11-09,2026-07-09,Rayon7,2025-06-19
1297,2405-D973,122,2024-05-09,2027-11-09,D16,2026-02-24
1297,2503-D337,101,2025-03-09,2028-02-09,B7,2025-06-24
1298,2402-V773,34,2024-02-09,2027-06-09,B6,2026-05-04
1298,2412-Y804,89,2024-12-09,2027-12-09,A9,2026-02-10
1299,2403-Z987,186,2024-03-09,2026-10-09,C15,2025-01-30
1299,2411-M203,121,2024-11-09,2027-11-09,C14,2026-04-09
1299,2504-B367,99,2025-04-09,2028-01-09,B17,2026-01-30
1300,2407-W754,89,2024-07-09,2027-06-09,Rayon5,2025-07-18
1300,2504-C678,200,2025-04-09,2027-09-09,C15,2026-04-18
1300,2604-A348,88,2026-04-09,2029-05-09,D3,2026-07-03
1301,2408-V547,114,2024-08-09,2028-01-09,D5,2026-02-06
1301,2502-R222,110,2025-02-09,2028-04-09,C12,2026-04-15
1301,2510-V959,169,2025-10-09,2028-06-09,A14,2025-12-26
1302,2406-Y930,149,2024-06-09,2027-07-09,D12,2024-09-11
1302,2503-H934,168,2025-03-09,2028-05-09,Rayon3,2026-03-20
1303,2407-H572,96,2024-07-09,2027-08-09,B10,2026-05-19
1303,2505-H273,56,2025-05-09,2028-01-09,D9,2025-10-04
1303,2601-V647,126,2026-01-09,2029-02-09,A14,2026-03-05
1304,2311-G057,58,2023-11-09,2027-05-09,A8,2026-02-15
1304,2409-K641,4,2024-09-09,2027-10-09,D15,2024-11-01
1305,2410-W874,37,2024-10-09,2027-09-09,A19,2025-03-02
1305,2502-L074,188,2025-02-09,2028-06-09,A5,2025-12-28
1306,2408-M548,125,2024-08-09,2026-08-09,C16,2024-11-25
1306,2503-B979,176,2025-03-09,2028-06-09,A19,2025-04-16
1306,2511-A925,28,2025-11-09,2028-12-09,B13,2025-11-13
1307,2309-M690,79,2023-09-09,2026-11-09,Rayon5,2025-12-03
1307,2405-G988,175,2024-05-09,2027-04-09,A11,2026-03-03
1307,2505-G574,56,2025-05-09,2028-04-09,A18,2025-10-24
1308,2310-B022,25,2023-10-09,2026-07-09,C15,2025-03-10
1308,2403-W029,196,2024-03-09,2027-03-09,D11,2024-05-12
1309,2411-T044,118,2024-11-09,2027-11-09,Rayon6,2025-06-27
1309,2505-L104,180,2025-05-09,2028-07-09,D8,2026-03-23
1310,2409-B331,84,2024-09-09,2027-03-09,Rayon1,2026-02-11
1310,2509-X918,45,2025-09-09,2028-10-09,Rayon7,2026-03-27
1310,2607-R935,186,2026-07-09,2029-08-09,Rayon5,2026-07-10
1311,2407-R519,30,2024-07-09,2027-06-09,A6,2026-01-18
1311,2501-H543,195,2025-01-09,2028-03-09,D20,2025-09-12
1312,2407-V627,5,2024-07-09,2026-10-09,D20,2025-03-13
1312,2503-V735,85,2025-03-09,2027-05-09,C10,2025-09-19
1313,2310-Z273,136,2023-10-09,2025-12-09,C5,2026-05-18
1313,2409-P782,185,2024-09-09,2026-10-09,Rayon4,2025-05-24
1314,2407-N775,107,2024-07-09,2028-01-09,D20,2025-09-02
1314,2505-P354,159,2025-05-09,2028-07-09,B17,2025-08-15
1315,2401-V933,28,2024-01-09,2026-12-09,A5,2026-05-07
1315,2407-D579,101,2024-07-09,2027-09-09,C3,2025-04-30
1316,2412-K718,183,2024-12-09,2027-08-09,C8,2025-03-23
1316,2510-H823,86,2025-10-09,2027-11-09,C14,2026-06-17
1317,2408-Z261,58,2024-08-09,2027-12-09,A2,2026-03-13
1317,2504-V994,198,2025-04-09,2028-07-09,A12,2026-05-12
1318,2403-Z343,176,2024-03-09,2027-06-09,C17,2024-03-28
1318,2501-L469,21,2025-01-09,2027-11-09,D4,2026-04-24
1319,2501-A937,131,2025-01-09,2027-05-09,B20,2026-03-30
1319,2508-J288,47,2025-08-09,2028-12-09,Rayon5,2025-08-28
1319,2605-V612,151,2026-05-09,2029-05-09,Rayon4,2026-05-26
1320,2405-M828,175,2024-05-09,2027-04-09,A13,2025-01-24
1320,2502-Z790,199,2025-02-09,2028-03-09,B12,2025-05-10
1320,2602-R305,8,2026-02-09,2029-01-09,D8,2026-06-02
1321,2311-W603,166,2023-11-09,2026-04-09,A10,2026-05-04
1321,2407-L528,61,2024-07-09,2027-07-09,Rayon7,2025-09-30
1322,2501-G552,17,2025-01-09,2028-05-09,A13,2025-04-05
1322,2510-J559,170,2025-10-09,2029-03-09,A10,2026-04-28
1322,2606-Y784,34,2026-06-09,2029-06-09,Rayon8,2026-06-24
1323,2311-K840,52,2023-11-09,2027-05-09,C1,2026-03-22
1323,2405-R833,178,2024-05-09,2027-08-09,D12,2025-10-31
1323,2505-T527,44,2025-05-09,2028-01-09,C11,2026-06-20
1324,2311-X535,82,2023-11-09,2026-07-09,Rayon1,2024-09-05
1324,2410-G101,56,2024-10-09,2027-11-09,A18,2025-07-30
1325,2403-E540,48,2024-03-09,2027-09-09,Rayon3,2025-07-19
1325,2410-G482,80,2024-10-09,2027-12-09,B19,2026-04-01
1325,2505-W182,65,2025-05-09,2028-06-09,Rayon1,2025-10-15
1326,2310-D530,126,2023-10-09,2025-11-09,D15,2025-07-11
1326,2402-R173,117,2024-02-09,2026-03-09,B15,2024-02-23
1327,2407-J074,71,2024-07-09,2026-12-09,Rayon4,2025-11-04
1327,2502-R718,180,2025-02-09,2027-12-09,A11,2025-10-26
1327,2602-A422,87,2026-02-09,2028-12-09,B4,2026-04-01
1328,2411-D648,155,2024-11-09,2027-03-09,A14,2026-04-13
1328,2505-H470,142,2025-05-09,2028-11-09,D4,2025-07-08
1328,2512-Z835,90,2025-12-09,2029-02-09,B15,2026-03-21
1329,2411-R309,85,2024-11-09,2027-01-09,Rayon8,2026-05-10
1329,2511-B218,47,2025-11-09,2028-04-09,B15,2026-06-21
1329,2607-F612,85,2026-07-09,2028-12-09,D2,2026-07-09
1330,2410-Z501,184,2024-10-09,2026-10-09,A18,2025-01-12
1330,2504-J937,190,2025-04-09,2027-09-09,A13,2025-11-30
1331,2408-C871,19,2024-08-09,2026-11-09,Rayon7,2025-11-25
1331,2503-A575,5,2025-03-09,2027-06-09,A15,2026-03-16
1332,2410-T385,23,2024-10-09,2027-12-09,Rayon2,2025-09-04
1332,2502-C958,111,2025-02-09,2028-04-09,B20,2026-06-11
1332,2602-F695,34,2026-02-09,2028-09-09,A12,2026-02-28
1333,2409-M521,73,2024-09-09,2027-04-09,B4,2026-06-09
1333,2507-L425,157,2025-07-09,2028-04-09,Rayon1,2026-06-04
1334,2311-T909,138,2023-11-09,2026-10-09,B9,2024-08-22
1334,2407-Z075,19,2024-07-09,2027-01-09,B3,2025-08-06
1334,2501-H344,111,2025-01-09,2027-12-09,D14,2025-11-02
1335,2401-N958,100,2024-01-09,2026-04-09,A5,2025-08-30
1335,2412-T207,125,2024-12-09,2026-12-09,D7,2025-07-26
1336,2410-K044,79,2024-10-09,2028-02-09,Rayon7,2026-02-27
1336,2507-W235,196,2025-07-09,2028-07-09,C10,2026-03-06
1337,2311-A574,133,2023-11-09,2026-04-09,D6,2025-06-15
1337,2405-N290,38,2024-05-09,2027-07-09,A11,2025-06-25
1338,2405-H918,99,2024-05-09,2027-10-09,D6,2026-07-05
1338,2502-G078,77,2025-02-09,2028-02-09,C13,2026-06-09
1338,2510-A047,77,2025-10-09,2029-02-09,C10,2025-12-04
1339,2501-C179,10,2025-01-09,2027-05-09,C13,2025-10-07
1339,2505-C269,99,2025-05-09,2027-06-09,A19,2026-02-26
1339,2510-H609,43,2025-10-09,2027-12-09,Rayon1,2025-10-11
1340,2402-C696,35,2024-02-09,2026-09-09,D14,2026-06-06
1340,2411-W463,39,2024-11-09,2027-09-09,A7,2025-02-08
1340,2507-N187,42,2025-07-09,2028-02-09,Rayon6,2026-06-06
1341,2406-K230,197,2024-06-09,2026-12-09,C7,2025-08-11
1341,2503-V632,108,2025-03-09,2028-06-09,C11,2026-03-25
1341,2603-N460,86,2026-03-09,2028-10-09,Rayon8,2026-04-26
1342,2409-C192,177,2024-09-09,2028-02-09,B12,2025-07-24
1342,2501-R033,143,2025-01-09,2028-04-09,Rayon4,2026-04-05
1342,2507-G843,136,2025-07-09,2028-08-09,B6,2026-04-17
1343,2409-F894,164,2024-09-09,2027-01-09,D20,2025-04-26
1343,2509-N636,118,2025-09-09,2028-01-09,D10,2025-10-29
1343,2601-E929,23,2026-01-09,2029-03-09,D3,2026-05-12
1344,2407-Y893,29,2024-07-09,2026-10-09,C17,2026-05-21
1344,2505-E958,53,2025-05-09,2028-03-09,Rayon3,2025-06-21
1344,2603-X551,58,2026-03-09,2029-01-09,D3,2026-06-17
1345,2402-A615,57,2024-02-09,2026-12-09,C11,2026-07-03
1345,2410-A699,150,2024-10-09,2027-12-09,B11,2025-08-06
1346,2404-R142,149,2024-04-09,2027-10-09,B5,2025-07-02
1346,2411-K303,22,2024-11-09,2028-02-09,Rayon2,2025-09-19
1346,2509-X116,156,2025-09-09,2028-05-09,B8,2026-05-08
1347,2309-H359,124,2023-09-09,2026-11-09,B9,2024-01-25
1347,2409-K007,184,2024-09-09,2027-02-09,B3,2024-11-26
1347,2509-F414,46,2025-09-09,2028-06-09,D5,2025-10-09
1348,2410-C958,19,2024-10-09,2027-09-09,D6,2024-11-17
1348,2510-G558,142,2025-10-09,2028-06-09,Rayon6,2026-02-21
1348,2606-X110,126,2026-06-09,2029-07-09,A17,2026-07-09
1349,2310-Y872,50,2023-10-09,2025-10-09,C9,2025-01-30
1349,2403-X629,79,2024-03-09,2026-05-09,Rayon5,2025-07-10
1350,2406-F244,154,2024-06-09,2027-09-09,D11,2025-03-05
1350,2410-K003,32,2024-10-09,2028-02-09,A12,2024-12-03
1351,2310-M572,157,2023-10-09,2025-11-09,A12,2024-11-04
1351,2405-C363,169,2024-05-09,2027-07-09,B2,2024-06-13
1351,2504-E053,167,2025-04-09,2028-09-09,A8,2025-09-27
1352,2311-R077,189,2023-11-09,2027-05-09,Rayon5,2026-01-28
1352,2409-T948,55,2024-09-09,2027-10-09,B4,2025-11-09
1353,2309-R920,81,2023-09-09,2025-09-09,A14,2026-01-02
1353,2407-A428,132,2024-07-09,2027-09-09,B11,2025-05-23
1354,2410-N822,92,2024-10-09,2027-08-09,Rayon7,2026-06-11
1354,2509-Y534,83,2025-09-09,2028-11-09,Rayon5,2026-03-29
1354,2607-M141,117,2026-07-09,2029-10-09,C6,2026-07-09
1355,2312-H658,44,2023-12-09,2026-05-09,D17,2026-06-07
1355,2412-A645,154,2024-12-09,2028-01-09,D19,2026-03-29
1356,2312-A036,135,2023-12-09,2027-03-09,C6,2024-05-22
1356,2407-C014,168,2024-07-09,2027-05-09,A1,2025-03-16
1356,2504-M653,11,2025-04-09,2028-01-09,Rayon9,2026-06-08
1357,2401-L649,28,2024-01-09,2027-03-09,D6,2024-11-17
1357,2407-M786,18,2024-07-09,2028-01-09,A17,2025-11-12
1357,2507-H006,200,2025-07-09,2028-03-09,A17,2025-09-23
1358,2311-T967,133,2023-11-09,2026-07-09,A3,2026-02-18
1358,2405-V191,30,2024-05-09,2026-11-09,Rayon5,2025-09-10
1358,2412-X836,52,2024-12-09,2027-07-09,Rayon8,2026-03-15
1359,2309-M197,41,2023-09-09,2026-12-09,A12,2026-06-22
1359,2405-H554,103,2024-05-09,2027-03-09,Rayon5,2025-09-07
1359,2410-P501,5,2024-10-09,2027-09-09,C10,2026-04-20
1360,2402-A353,163,2024-02-09,2026-05-09,A11,2026-06-21
1360,2410-P702,187,2024-10-09,2027-03-09,C3,2024-10-25
1361,2501-P594,164,2025-01-09,2028-07-09,C1,2025-09-22
1361,2512-A320,28,2025-12-09,2029-01-09,B16,2026-06-09
1362,2309-W612,44,2023-09-09,2026-12-09,B19,2026-01-17
1362,2403-F660,59,2024-03-09,2027-05-09,A8,2024-03-28
1362,2410-B896,4,2024-10-09,2027-11-09,B6,2024-11-12
1363,2408-T114,173,2024-08-09,2027-08-09,C12,2026-01-03
1363,2503-J967,40,2025-03-09,2027-10-09,B16,2025-10-21
1364,2501-F682,61,2025-01-09,2027-04-09,Rayon5,2025-08-12
1364,2510-E454,36,2025-10-09,2028-03-09,D9,2026-05-02
1365,2501-F751,72,2025-01-09,2027-04-09,C17,2025-05-04
1365,2505-H797,102,2025-05-09,2027-07-09,A5,2026-01-14
1365,2510-B351,125,2025-10-09,2028-08-09,C15,2026-05-01
1366,2309-V857,179,2023-09-09,2025-11-09,B17,2024-03-14
1366,2405-L121,40,2024-05-09,2027-05-09,C20,2025-05-06
1367,2309-A245,116,2023-09-09,2026-01-09,D19,2026-06-08
1367,2404-W190,25,2024-04-09,2027-08-09,Rayon9,2024-09-05
1368,2401-B612,9,2024-01-09,2026-12-09,B9,2025-04-19
1368,2407-P901,87,2024-07-09,2027-06-09,C3,2024-12-11
1369,2405-W739,124,2024-05-09,2026-09-09,D5,2025-01-15
1369,2411-P703,139,2024-11-09,2027-02-09,A15,2026-06-22
1370,2310-Y294,63,2023-10-09,2027-02-09,D7,2023-10-10
1370,2409-W704,119,2024-09-09,2027-06-09,C6,2024-12-17
1371,2405-D166,32,2024-05-09,2027-11-09,D5,2024-11-18
1371,2410-T122,108,2024-10-09,2028-02-09,Rayon5,2026-03-07
1371,2502-G381,24,2025-02-09,2028-05-09,C11,2025-10-02
1372,2312-T761,176,2023-12-09,2026-09-09,B2,2026-03-16
1372,2405-C122,195,2024-05-09,2027-08-09,Rayon1,2025-02-06
1372,2503-J534,200,2025-03-09,2027-09-09,C20,2025-11-30
1373,2406-N623,193,2024-06-09,2027-01-09,A1,2025-04-03
1373,2503-L921,11,2025-03-09,2027-06-09,C8,2026-01-26
1373,2510-A019,158,2025-10-09,2029-03-09,D8,2026-01-18
1374,2501-B745,165,2025-01-09,2028-02-09,A14,2026-03-08
1374,2509-M339,29,2025-09-09,2028-07-09,Rayon5,2026-06-08
1375,2501-V456,199,2025-01-09,2027-09-09,C6,2025-05-17
1375,2505-P144,122,2025-05-09,2028-03-09,B11,2025-08-02
1375,2509-H717,33,2025-09-09,2028-07-09,A3,2026-05-18
1376,2406-D931,131,2024-06-09,2027-08-09,D8,2026-02-19
1376,2411-K979,135,2024-11-09,2028-01-09,B6,2025-12-13
1377,2410-Y522,150,2024-10-09,2027-01-09,Rayon1,2025-03-21
1377,2505-L289,27,2025-05-09,2028-08-09,D13,2026-03-02
1377,2603-X488,107,2026-03-09,2029-01-09,C4,2026-03-29
1378,2408-P937,64,2024-08-09,2027-11-09,B8,2026-07-01
1378,2504-G711,129,2025-04-09,2028-07-09,A15,2026-02-06
1378,2604-V232,112,2026-04-09,2029-01-09,A18,2026-06-02
1379,2405-L521,10,2024-05-09,2026-08-09,Rayon4,2025-03-28
1379,2505-H205,92,2025-05-09,2028-07-09,B2,2025-08-12
1379,2604-R652,75,2026-04-09,2028-09-09,A3,2026-04-10
1380,2401-D317,43,2024-01-09,2027-06-09,Rayon6,2024-12-17
1380,2501-K979,94,2025-01-09,2027-08-09,C13,2025-04-29
1380,2507-J694,52,2025-07-09,2027-12-09,D5,2025-12-11
1381,2409-G521,188,2024-09-09,2027-07-09,A13,2026-04-17
1381,2502-N248,41,2025-02-09,2028-04-09,B13,2026-05-18
1381,2602-P412,180,2026-02-09,2028-12-09,D19,2026-06-26
1382,2402-N162,82,2024-02-09,2027-02-09,C1,2026-05-14
1382,2501-B824,31,2025-01-09,2027-09-09,D6,2025-03-13
1382,2506-E966,49,2025-06-09,2027-11-09,B9,2025-07-05
1383,2310-R527,138,2023-10-09,2027-02-09,B8,2025-02-16
1383,2409-P733,81,2024-09-09,2027-07-09,D18,2024-10-09
1383,2503-Y501,125,2025-03-09,2027-11-09,B13,2025-10-01
1384,2411-R991,111,2024-11-09,2028-04-09,Rayon6,2026-05-21
1384,2504-L488,129,2025-04-09,2028-10-09,C6,2025-07-14
1385,2401-F523,71,2024-01-09,2027-07-09,B8,2024-10-31
1385,2408-M325,18,2024-08-09,2027-09-09,B1,2025-04-18
1386,2409-V475,193,2024-09-09,2026-11-09,Rayon6,2025-09-23
1386,2507-K782,198,2025-07-09,2028-05-09,C1,2025-07-24
1387,2501-T755,10,2025-01-09,2027-05-09,D11,2025-02-13
1387,2510-A257,31,2025-10-09,2027-11-09,A6,2026-01-17
1388,2412-N895,123,2024-12-09,2028-06-09,C13,2026-07-06
1388,2511-V059,190,2025-11-09,2028-09-09,C16,2025-12-22
1389,2403-X115,84,2024-03-09,2026-11-09,A4,2024-11-30
1389,2409-W529,24,2024-09-09,2027-05-09,A20,2025-02-28
1389,2509-H840,124,2025-09-09,2027-10-09,B7,2025-12-10
1390,2501-K036,89,2025-01-09,2027-09-09,B18,2026-01-15
1390,2505-X007,103,2025-05-09,2028-01-09,B2,2026-03-31
1390,2605-P122,46,2026-05-09,2028-11-09,C6,2026-05-23
1391,2407-R984,72,2024-07-09,2026-08-09,C13,2025-05-12
1391,2505-X352,96,2025-05-09,2028-10-09,D14,2026-05-31
1392,2401-L055,91,2024-01-09,2026-04-09,A15,2025-02-14
1392,2405-R886,60,2024-05-09,2027-10-09,D7,2024-05-18
1393,2312-V691,85,2023-12-09,2026-07-09,D18,2025-04-06
1393,2412-J114,22,2024-12-09,2028-04-09,Rayon8,2026-04-07
1393,2510-K245,90,2025-10-09,2028-08-09,Rayon6,2026-05-22
1394,2407-Y138,177,2024-07-09,2026-08-09,Rayon7,2025-09-10
1394,2507-F090,191,2025-07-09,2027-12-09,Rayon6,2026-07-02
1394,2606-Z342,45,2026-06-09,2029-11-09,D9,2026-07-03
1395,2401-V332,169,2024-01-09,2026-04-09,B16,2025-02-13
1395,2501-K035,124,2025-01-09,2027-05-09,A18,2025-05-22
1395,2510-D531,111,2025-10-09,2028-09-09,Rayon8,2026-05-09
1396,2408-G448,137,2024-08-09,2028-02-09,A12,2025-09-01
1396,2503-W490,93,2025-03-09,2028-05-09,C14,2025-08-10
1397,2411-E061,110,2024-11-09,2027-05-09,D2,2025-02-01
1397,2504-G749,164,2025-04-09,2028-08-09,D17,2025-07-07
1397,2602-L873,51,2026-02-09,2029-08-09,B14,2026-03-16
1398,2403-L884,58,2024-03-09,2026-07-09,A1,2024-07-28
1398,2409-R771,142,2024-09-09,2026-11-09,D6,2025-07-06
1399,2405-V244,146,2024-05-09,2027-10-09,B3,2026-03-18
1399,2409-V287,140,2024-09-09,2027-12-09,D8,2025-05-22
1399,2502-P919,176,2025-02-09,2028-01-09,D3,2025-10-24
1400,2405-K005,58,2024-05-09,2027-11-09,B2,2024-05-28
1400,2504-W894,124,2025-04-09,2028-03-09,A16,2026-07-06
1400,2509-P261,160,2025-09-09,2028-06-09,B4,2026-03-14
1401,2410-J580,178,2024-10-09,2027-01-09,Rayon1,2025-01-30
1401,2508-E549,20,2025-08-09,2028-05-09,Rayon7,2025-12-27
1402,2408-F544,72,2024-08-09,2027-03-09,C18,2025-04-13
1402,2505-W012,152,2025-05-09,2028-03-09,Rayon5,2025-09-13
1403,2401-M912,190,2024-01-09,2027-01-09,D1,2025-04-12
1403,2412-T547,67,2024-12-09,2027-05-09,Rayon2,2026-06-01
1404,2312-N306,114,2023-12-09,2027-01-09,A15,2024-09-20
1404,2405-B469,92,2024-05-09,2027-05-09,C19,2024-06-08
1404,2410-G841,198,2024-10-09,2027-08-09,A12,2024-11-05
1405,2312-K828,49,2023-12-09,2026-04-09,B2,2026-05-21
1405,2405-L169,94,2024-05-09,2026-10-09,B19,2024-08-31
1405,2502-G597,78,2025-02-09,2028-08-09,A19,2026-03-12
1406,2412-L221,85,2024-12-09,2027-11-09,Rayon4,2024-12-29
1406,2512-G359,30,2025-12-09,2028-04-09,A3,2025-12-10
1407,2309-E456,94,2023-09-09,2026-05-09,A7,2024-05-11
1407,2402-H288,123,2024-02-09,2026-10-09,C2,2024-10-09
1407,2409-P512,138,2024-09-09,2027-11-09,A1,2025-11-09
1408,2403-M837,66,2024-03-09,2026-10-09,A6,2026-02-13
1408,2407-G759,139,2024-07-09,2026-12-09,D18,2025-10-10
1408,2501-M106,106,2025-01-09,2027-01-09,D18,2025-09-27
1409,2406-Z987,195,2024-06-09,2026-06-09,Rayon4,2025-03-29
1409,2501-Z724,54,2025-01-09,2028-06-09,B13,2025-06-02
1410,2406-E156,138,2024-06-09,2027-02-09,Rayon2,2024-07-05
1410,2501-D717,7,2025-01-09,2027-04-09,D13,2025-04-23
1410,2510-A079,182,2025-10-09,2028-05-09,B9,2026-05-10
1411,2309-T818,26,2023-09-09,2027-03-09,D10,2025-03-08
1411,2403-J570,110,2024-03-09,2027-08-09,Rayon4,2025-01-31
1411,2408-N198,69,2024-08-09,2027-11-09,A8,2025-05-30
1412,2310-P273,195,2023-10-09,2025-10-09,B3,2024-08-11
1412,2405-Z181,158,2024-05-09,2027-08-09,D2,2024-05-16
1412,2504-Z498,26,2025-04-09,2028-02-09,A15,2025-04-20
1413,2403-N025,140,2024-03-09,2026-04-09,Rayon7,2026-04-15
1413,2410-C491,111,2024-10-09,2026-12-09,C18,2025-06-09
1413,2506-P749,113,2025-06-09,2028-08-09,B18,2026-04-29
1414,2411-W290,168,2024-11-09,2027-08-09,D8,2025-07-31
1414,2508-F916,88,2025-08-09,2028-09-09,B19,2026-01-11
1414,2607-L741,122,2026-07-09,2028-11-09,D9,2026-07-10
1415,2404-E786,148,2024-04-09,2026-06-09,Rayon9,2025-02-20
1415,2502-V879,146,2025-02-09,2027-12-09,B8,2026-05-20
1415,2508-Z218,99,2025-08-09,2028-08-09,B2,2025-10-05
1416,2412-E114,98,2024-12-09,2027-08-09,C12,2025-11-05
1416,2511-E044,62,2025-11-09,2028-09-09,D1,2025-12-18
1416,2603-G242,127,2026-03-09,2028-11-09,B11,2026-04-26
1417,2312-V163,135,2023-12-09,2026-03-09,Rayon6,2026-06-30
1417,2410-D841,7,2024-10-09,2028-01-09,A10,2025-03-15
1417,2505-K010,38,2025-05-09,2028-02-09,C2,2025-08-05
1418,2403-M088,70,2024-03-09,2026-12-09,C14,2025-08-25
1418,2503-L733,105,2025-03-09,2027-05-09,B9,2025-09-06
1419,2405-J178,145,2024-05-09,2026-12-09,A10,2024-12-17
1419,2409-L955,134,2024-09-09,2027-06-09,D14,2026-07-09
1419,2506-J387,90,2025-06-09,2027-12-09,C18,2026-05-29
1420,2501-F465,6,2025-01-09,2028-03-09,B17,2025-07-08
1420,2509-M674,74,2025-09-09,2028-09-09,C4,2025-09-21
1421,2407-X687,162,2024-07-09,2026-08-09,C14,2025-04-17
1421,2501-R687,91,2025-01-09,2027-04-09,C4,2026-04-03
1422,2405-B569,63,2024-05-09,2027-08-09,B15,2025-02-04
1422,2504-X979,94,2025-04-09,2028-07-09,Rayon2,2025-12-17
1423,2311-L088,33,2023-11-09,2026-05-09,A11,2025-10-20
1423,2403-R872,143,2024-03-09,2027-04-09,A6,2025-05-02
1423,2409-F259,115,2024-09-09,2027-07-09,A4,2025-03-01
1424,2309-C083,46,2023-09-09,2026-04-09,B18,2026-02-15
1424,2404-W891,149,2024-04-09,2026-09-09,B16,2024-04-19
1425,2311-T066,73,2023-11-09,2026-06-09,D12,2026-05-31
1425,2405-Z492,173,2024-05-09,2026-09-09,Rayon2,2025-06-14
1426,2312-W130,30,2023-12-09,2026-10-09,D2,2024-06-04
1426,2409-C295,77,2024-09-09,2027-11-09,Rayon8,2025-09-24
1426,2505-H555,86,2025-05-09,2028-03-09,C15,2025-08-07
1427,2405-G060,75,2024-05-09,2026-05-09,C3,2025-10-29
1427,2412-H987,181,2024-12-09,2028-04-09,C12,2025-07-26
1428,2404-T695,93,2024-04-09,2026-08-09,A10,2025-09-22
1428,2502-A992,158,2025-02-09,2028-04-09,Rayon3,2025-04-11
1429,2312-H237,20,2023-12-09,2026-08-09,B4,2025-06-29
1429,2408-D352,102,2024-08-09,2026-12-09,C4,2025-01-05
1430,2310-M201,154,2023-10-09,2026-08-09,B15,2023-11-24
1430,2409-D640,192,2024-09-09,2027-02-09,C5,2024-10-13
1430,2509-L385,160,2025-09-09,2027-09-09,D11,2026-04-25
1431,2401-Z223,65,2024-01-09,2027-05-09,A14,2025-01-11
1431,2411-J092,128,2024-11-09,2028-01-09,B12,2025-05-20
1431,2509-V250,25,2025-09-09,2028-03-09,A1,2026-05-07
1432,2403-P925,19,2024-03-09,2027-03-09,A4,2024-04-25
1432,2408-W749,69,2024-08-09,2027-06-09,D17,2026-04-17
1432,2502-N552,66,2025-02-09,2027-10-09,C5,2026-02-19
1433,2404-V801,78,2024-04-09,2026-07-09,C14,2025-08-31
1433,2502-R310,145,2025-02-09,2028-01-09,Rayon4,2025-05-17
1433,2511-Y323,192,2025-11-09,2028-06-09,A18,2026-02-28
1434,2309-B703,112,2023-09-09,2027-03-09,C6,2026-02-18
1434,2407-Z746,150,2024-07-09,2027-07-09,Rayon8,2024-09-03
1434,2411-C850,43,2024-11-09,2027-12-09,Rayon2,2025-07-27
1435,2409-T135,183,2024-09-09,2027-02-09,C17,2026-04-16
1435,2504-C685,178,2025-04-09,2028-06-09,C1,2025-10-04
1435,2508-P209,179,2025-08-09,2028-08-09,B2,2026-07-09
1436,2401-Y028,68,2024-01-09,2026-12-09,C19,2025-10-23
1436,2410-E078,171,2024-10-09,2028-03-09,A2,2025-01-06
1436,2506-C924,106,2025-06-09,2028-07-09,A5,2025-12-04
1437,2312-L456,85,2023-12-09,2027-01-09,Rayon9,2024-10-12
1437,2404-D597,98,2024-04-09,2027-07-09,A8,2026-05-10
1437,2501-J143,112,2025-01-09,2027-10-09,Rayon9,2025-09-07
1438,2408-W860,152,2024-08-09,2026-10-09,B7,2024-10-28
1438,2508-E416,95,2025-08-09,2028-10-09,B12,2025-12-09
1439,2408-V526,137,2024-08-09,2027-04-09,C9,2025-03-23
1439,2508-Z318,4,2025-08-09,2028-04-09,C5,2025-11-01
1440,2409-P760,20,2024-09-09,2027-03-09,C4,2026-06-20
1440,2503-N861,165,2025-03-09,2028-02-09,Rayon3,2025-04-09
1440,2510-T711,116,2025-10-09,2028-04-09,Rayon7,2026-01-10
1441,2410-P004,94,2024-10-09,2026-11-09,D12,2025-04-03
1441,2509-E919,13,2025-09-09,2029-02-09,C3,2026-07-02
1441,2606-Z240,34,2026-06-09,2029-08-09,C20,2026-07-07
1442,2310-D191,35,2023-10-09,2025-12-09,A17,2023-12-14
1442,2404-T732,106,2024-04-09,2026-07-09,D4,2026-01-09
1442,2408-W090,199,2024-08-09,2027-04-09,D16,2025-03-18
1443,2407-X469,56,2024-07-09,2026-08-09,B16,2025-07-22
1443,2502-Y843,197,2025-02-09,2027-09-09,Rayon5,2026-03-26
1444,2410-L870,100,2024-10-09,2028-04-09,D3,2026-02-17
1444,2505-H149,170,2025-05-09,2028-07-09,Rayon7,2026-05-23
1445,2311-P678,10,2023-11-09,2026-01-09,C10,2024-09-09
1445,2411-P086,134,2024-11-09,2027-01-09,B19,2025-07-27
1445,2509-M076,164,2025-09-09,2028-05-09,B20,2026-01-31
1446,2401-D665,198,2024-01-09,2027-03-09,D10,2024-08-20
1446,2410-T271,52,2024-10-09,2027-09-09,C9,2025-04-29
1446,2508-X259,26,2025-08-09,2027-10-09,D18,2026-01-17
1447,2310-P897,75,2023-10-09,2026-01-09,Rayon9,2025-07-08
1447,2408-B085,197,2024-08-09,2027-04-09,Rayon8,2026-04-12
1448,2310-M119,30,2023-10-09,2026-12-09,B1,2025-04-06
1448,2408-X791,31,2024-08-09,2028-02-09,D14,2026-06-29
1448,2508-H395,101,2025-08-09,2029-02-09,A13,2026-06-18
1449,2412-M017,195,2024-12-09,2027-03-09,C13,2026-04-15
1449,2505-T702,14,2025-05-09,2028-07-09,B13,2025-12-19
1449,2601-K181,114,2026-01-09,2029-05-09,C2,2026-02-24
1450,2402-R420,27,2024-02-09,2027-04-09,Rayon8,2026-07-01
1450,2502-J447,75,2025-02-09,2028-07-09,D12,2025-03-24
1451,2403-R056,190,2024-03-09,2027-07-09,A12,2025-10-03
1451,2407-D253,112,2024-07-09,2027-11-09,Rayon4,2026-01-17
1452,2410-V948,126,2024-10-09,2027-02-09,D4,2025-03-23
1452,2505-V702,152,2025-05-09,2027-10-09,B15,2026-05-30
1452,2603-Y385,113,2026-03-09,2028-07-09,A10,2026-03-29
1453,2407-W513,50,2024-07-09,2027-04-09,D11,2026-01-25
1453,2501-L186,198,2025-01-09,2027-10-09,Rayon2,2025-07-29
1453,2507-N046,32,2025-07-09,2028-03-09,C16,2026-01-26
1454,2410-C753,69,2024-10-09,2028-02-09,C17,2025-02-06
1454,2502-Y441,181,2025-02-09,2028-07-09,Rayon6,2026-06-01
1454,2602-H896,145,2026-02-09,2028-10-09,B10,2026-04-30
1455,2405-W137,148,2024-05-09,2026-12-09,D5,2026-04-12
1455,2504-J551,103,2025-04-09,2028-05-09,D12,2025-06-09
1455,2509-Y636,82,2025-09-09,2028-11-09,B17,2026-05-01
1456,2406-H224,171,2024-06-09,2026-10-09,Rayon4,2025-01-16
1456,2412-P203,176,2024-12-09,2027-12-09,B11,2026-03-04
1457,2312-G075,157,2023-12-09,2027-03-09,Rayon3,2025-07-28
1457,2404-M745,126,2024-04-09,2027-07-09,C19,2026-02-17
1458,2408-E410,102,2024-08-09,2027-03-09,D3,2025-02-20
1458,2412-W358,177,2024-12-09,2027-09-09,Rayon6,2025-03-30
1458,2508-J913,154,2025-08-09,2027-12-09,A2,2026-03-01
1459,2311-K446,194,2023-11-09,2027-04-09,D7,2025-05-01
1459,2408-V239,200,2024-08-09,2027-12-09,C9,2024-11-26
1459,2504-T106,35,2025-04-09,2028-02-09,C3,2025-07-29
1460,2402-T160,18,2024-02-09,2026-07-09,B6,2024-02-11
1460,2407-D036,45,2024-07-09,2026-11-09,A2,2025-01-02
1461,2406-N252,101,2024-06-09,2026-06-09,B10,2025-04-23
1461,2501-R719,84,2025-01-09,2028-03-09,B14,2025-07-02
1462,2411-T369,144,2024-11-09,2027-05-09,D1,2025-08-16
1462,2504-J230,196,2025-04-09,2027-09-09,B14,2025-06-02
1463,2410-W040,170,2024-10-09,2027-09-09,B16,2025-12-03
1463,2509-X571,78,2025-09-09,2028-04-09,B13,2026-02-05
1463,2606-N498,60,2026-06-09,2029-09-09,D5,2026-06-22
1464,2401-A000,61,2024-01-09,2027-03-09,B5,2024-06-14
1464,2407-Z555,88,2024-07-09,2027-09-09,Rayon6,2026-03-29
1464,2505-B891,59,2025-05-09,2028-09-09,A13,2025-08-08
1465,2401-K828,195,2024-01-09,2027-07-09,D12,2025-09-09
1465,2408-K644,67,2024-08-09,2027-10-09,A3,2026-02-07
1466,2501-J834,57,2025-01-09,2027-03-09,D11,2025-02-09
1466,2512-K940,77,2025-12-09,2028-06-09,Rayon7,2026-06-22
1466,2604-A176,73,2026-04-09,2028-07-09,Rayon4,2026-07-02
1467,2401-P393,25,2024-01-09,2027-01-09,C19,2025-03-20
1467,2501-G856,173,2025-01-09,2027-03-09,D5,2025-10-23
1468,2407-N128,164,2024-07-09,2027-02-09,B10,2024-07-20
1468,2501-W050,85,2025-01-09,2028-06-09,Rayon9,2025-03-19
1468,2508-E074,159,2025-08-09,2029-01-09,D10,2026-07-01
1469,2404-A631,13,2024-04-09,2026-12-09,D5,2024-11-30
1469,2410-K085,175,2024-10-09,2027-02-09,A13,2025-08-23
1470,2409-R524,51,2024-09-09,2027-03-09,A1,2025-04-14
1470,2501-W163,159,2025-01-09,2028-03-09,C1,2025-01-11
1470,2510-R236,197,2025-10-09,2028-10-09,Rayon2,2026-02-16
1471,2408-M936,166,2024-08-09,2027-06-09,D15,2025-05-16
1471,2504-E989,85,2025-04-09,2027-09-09,A4,2025-11-14
1471,2604-E642,99,2026-04-09,2029-09-09,Rayon8,2026-05-07
1472,2409-A690,19,2024-09-09,2027-06-09,A2,2025-07-19
1472,2507-H049,40,2025-07-09,2027-07-09,A6,2025-08-20
1472,2512-H462,166,2025-12-09,2028-09-09,Rayon6,2026-02-24
1473,2412-G032,187,2024-12-09,2028-01-09,D8,2026-03-13
1473,2510-G333,51,2025-10-09,2028-06-09,A12,2026-06-04
1474,2501-M939,50,2025-01-09,2027-06-09,C11,2025-12-01
1474,2508-V032,55,2025-08-09,2029-02-09,A7,2026-01-18
1474,2607-Z741,115,2026-07-09,2029-04-09,A14,2026-07-10
1475,2312-R680,75,2023-12-09,2026-06-09,Rayon4,2025-05-24
1475,2405-T427,43,2024-05-09,2027-09-09,C18,2024-08-05
1476,2409-G972,114,2024-09-09,2027-07-09,B13,2026-06-05
1476,2506-M406,196,2025-06-09,2028-07-09,Rayon6,2025-08-27
1476,2510-T326,198,2025-10-09,2028-10-09,B10,2025-10-13
1477,2412-B332,80,2024-12-09,2027-09-09,A2,2025-05-17
1477,2505-P111,167,2025-05-09,2028-05-09,D15,2026-01-20
1477,2604-R219,43,2026-04-09,2028-12-09,B11,2026-06-26
1478,2408-R135,23,2024-08-09,2027-09-09,C6,2024-10-31
1478,2501-M162,28,2025-01-09,2028-02-09,D9,2026-06-05
1478,2505-V084,143,2025-05-09,2028-04-09,B8,2025-09-27
1479,2404-T614,41,2024-04-09,2027-03-09,D15,2025-07-14
1479,2412-B715,46,2024-12-09,2027-08-09,A1,2026-02-03
1480,2309-N259,115,2023-09-09,2026-06-09,A11,2025-04-24
1480,2409-R739,27,2024-09-09,2028-02-09,A1,2026-05-17
1481,2402-E893,130,2024-02-09,2027-03-09,Rayon6,2025-04-16
1481,2502-K462,60,2025-02-09,2028-05-09,A12,2026-03-18
1481,2508-T783,184,2025-08-09,2028-11-09,A15,2026-04-21
1482,2402-Y051,86,2024-02-09,2027-04-09,C14,2026-04-03
1482,2411-W433,91,2024-11-09,2028-04-09,A3,2026-02-03
1482,2507-V090,78,2025-07-09,2028-11-09,C14,2026-01-16
1483,2309-T726,150,2023-09-09,2026-07-09,B16,2026-06-13
1483,2402-Y335,16,2024-02-09,2027-03-09,A15,2026-04-02
1484,2311-P783,90,2023-11-09,2025-11-09,C5,2025-02-24
1484,2407-D160,149,2024-07-09,2027-07-09,D20,2026-04-02
1484,2505-F350,172,2025-05-09,2027-11-09,Rayon8,2026-01-24
1485,2404-E394,160,2024-04-09,2026-08-09,Rayon2,2026-03-23
1485,2503-J518,102,2025-03-09,2027-04-09,D20,2025-05-14
1486,2402-T331,110,2024-02-09,2027-02-09,D4,2026-03-14
1486,2410-R621,49,2024-10-09,2028-01-09,A4,2025-09-13
1486,2505-L150,105,2025-05-09,2028-10-09,D8,2025-05-11
1487,2311-R457,70,2023-11-09,2026-03-09,A17,2024-03-13
1487,2409-W996,77,2024-09-09,2027-01-09,A1,2026-04-06
1487,2508-Z572,177,2025-08-09,2027-12-09,D5,2025-11-01
1488,2408-J709,167,2024-08-09,2027-02-09,B4,2024-09-14
1488,2507-W668,162,2025-07-09,2027-12-09,B12,2026-03-06
1489,2312-Y306,12,2023-12-09,2026-03-09,D3,2024-09-08
1489,2408-G842,161,2024-08-09,2027-02-09,B11,2024-10-13
1490,2404-D746,155,2024-04-09,2026-07-09,Rayon9,2025-04-29
1490,2409-Z292,150,2024-09-09,2028-01-09,C3,2025-06-21
1490,2506-Z970,80,2025-06-09,2028-06-09,B9,2025-12-06
1491,2406-Z648,42,2024-06-09,2027-02-09,A4,2024-12-18
1491,2501-E659,120,2025-01-09,2028-05-09,A16,2025-11-05
1492,2402-P369,20,2024-02-09,2026-08-09,C20,2024-09-20
1492,2406-Z255,161,2024-06-09,2027-10-09,D5,2025-07-09
1493,2312-V096,188,2023-12-09,2027-04-09,Rayon7,2025-10-31
1493,2404-F972,111,2024-04-09,2027-06-09,D7,2025-12-17
1494,2410-T640,195,2024-10-09,2028-02-09,D7,2025-09-30
1494,2509-N927,103,2025-09-09,2028-05-09,D18,2026-05-05
1495,2410-R363,75,2024-10-09,2028-04-09,B4,2025-01-06
1495,2507-Z846,120,2025-07-09,2028-07-09,D9,2026-02-21
1495,2606-R749,133,2026-06-09,2029-02-09,A11,2026-06-12
1496,2402-M532,131,2024-02-09,2026-03-09,A6,2025-07-17
1496,2411-T290,72,2024-11-09,2028-03-09,A4,2026-01-06
1497,2410-A379,19,2024-10-09,2027-02-09,D19,2025-05-25
1497,2507-K165,97,2025-07-09,2028-08-09,C19,2026-04-06
1498,2312-M772,70,2023-12-09,2026-09-09,A11,2026-05-13
1498,2409-Y587,16,2024-09-09,2027-07-09,Rayon4,2026-06-18
1498,2506-M072,127,2025-06-09,2028-02-09,C19,2025-10-30
1499,2309-F204,60,2023-09-09,2026-04-09,D18,2025-08-19
1499,2403-J310,185,2024-03-09,2026-10-09,A17,2025-11-27
1500,2406-D003,93,2024-06-09,2026-06-09,D17,2025-09-29
1500,2411-N277,35,2024-11-09,2027-04-09,D18,2026-01-04
1500,2505-G218,92,2025-05-09,2028-07-09,A15,2025-10-28
1501,2310-J032,145,2023-10-09,2026-02-09,D9,2025-12-18
1501,2408-M563,68,2024-08-09,2027-06-09,A17,2025-03-20
1501,2508-H067,38,2025-08-09,2028-11-09,D12,2026-02-02
1502,2310-Y424,17,2023-10-09,2026-07-09,D7,2025-05-28
1502,2404-G433,136,2024-04-09,2027-08-09,C16,2026-02-05
1503,2412-R258,23,2024-12-09,2026-12-09,D6,2025-05-26
1503,2508-L691,124,2025-08-09,2027-09-09,B12,2026-02-11
1503,2604-Y159,18,2026-04-09,2028-12-09,Rayon8,2026-05-14
1504,2404-G712,122,2024-04-09,2027-05-09,C15,2025-08-19
1504,2504-M732,131,2025-04-09,2027-11-09,D12,2025-09-18
1505,2407-Y249,156,2024-07-09,2027-01-09,B11,2025-09-06
1505,2503-E656,156,2025-03-09,2027-03-09,C18,2026-03-21
1505,2511-N049,92,2025-11-09,2028-01-09,C2,2026-03-09
1506,2410-L546,176,2024-10-09,2028-01-09,Rayon6,2025-03-12
1506,2504-E936,175,2025-04-09,2028-04-09,D20,2025-05-18
1507,2406-M797,118,2024-06-09,2027-08-09,B13,2024-10-21
1507,2411-T434,49,2024-11-09,2027-11-09,B17,2025-12-10
1507,2509-J267,64,2025-09-09,2028-06-09,C20,2026-06-03
1508,2311-N426,155,2023-11-09,2026-11-09,Rayon1,2024-07-18
1508,2404-F828,44,2024-04-09,2027-01-09,A20,2025-11-30
1509,2312-E003,125,2023-12-09,2026-11-09,Rayon9,2026-01-06
1509,2412-B471,51,2024-12-09,2027-01-09,B6,2026-05-13
1510,2407-X864,111,2024-07-09,2026-10-09,B16,2025-07-21
1510,2412-J788,196,2024-12-09,2027-04-09,C9,2025-11-25
1510,2511-Y877,12,2025-11-09,2028-04-09,A5,2026-03-27
1511,2407-W540,130,2024-07-09,2027-03-09,D8,2026-04-19
1511,2506-Y322,126,2025-06-09,2027-06-09,Rayon3,2026-07-05
1512,2407-V965,62,2024-07-09,2026-10-09,Rayon2,2024-10-13
1512,2504-E503,101,2025-04-09,2028-05-09,C18,2025-06-07
1512,2508-Z203,65,2025-08-09,2028-11-09,A3,2026-03-11
1513,2412-R168,154,2024-12-09,2027-10-09,B3,2025-03-30
1513,2512-L997,100,2025-12-09,2028-11-09,C11,2026-04-05
1513,2607-T682,121,2026-07-09,2029-01-09,C15,2026-07-10
1514,2405-W620,167,2024-05-09,2027-06-09,D8,2026-06-09
1514,2410-G583,99,2024-10-09,2027-10-09,D18,2024-11-12
1515,2412-X227,196,2024-12-09,2026-12-09,A3,2025-01-27
1515,2511-G336,130,2025-11-09,2029-01-09,D18,2026-04-06
1516,2408-P628,187,2024-08-09,2026-12-09,Rayon8,2025-09-25
1516,2507-N223,16,2025-07-09,2028-10-09,Rayon5,2025-09-15
1517,2501-M454,92,2025-01-09,2027-03-09,Rayon9,2026-01-22
1517,2509-E051,153,2025-09-09,2029-03-09,D2,2026-06-19
1518,2402-T151,70,2024-02-09,2027-04-09,Rayon6,2024-08-18
1518,2409-A227,73,2024-09-09,2027-06-09,C17,2024-10-15
1518,2508-P896,99,2025-08-09,2027-09-09,A20,2026-01-05
1519,2406-C714,159,2024-06-09,2027-03-09,D8,2025-12-28
1519,2506-X856,52,2025-06-09,2027-11-09,C7,2025-11-23
1519,2604-K061,191,2026-04-09,2029-10-09,D16,2026-05-04
1520,2407-E917,117,2024-07-09,2027-12-09,C8,2026-06-09
1520,2505-Y516,33,2025-05-09,2028-05-09,Rayon8,2026-07-04
1521,2412-G567,134,2024-12-09,2027-11-09,D12,2025-05-22
1521,2512-D049,61,2025-12-09,2028-06-09,Rayon4,2026-06-11
1522,2311-B654,196,2023-11-09,2027-03-09,A3,2026-03-23
1522,2407-W953,159,2024-07-09,2028-01-09,B13,2024-09-02
1522,2506-E500,159,2025-06-09,2028-04-09,C18,2025-11-20
1523,2406-K330,6,2024-06-09,2027-05-09,A6,2024-09-05
1523,2501-V609,33,2025-01-09,2028-01-09,D16,2025-07-23
1523,2506-R630,131,2025-06-09,2028-04-09,D10,2026-06-06
1524,2310-B072,14,2023-10-09,2025-11-09,A5,2024-02-19
1524,2404-B048,21,2024-04-09,2027-07-09,C8,2025-08-10
1525,2409-D368,54,2024-09-09,2028-03-09,C19,2025-04-03
1525,2505-X794,19,2025-05-09,2028-07-09,Rayon9,2026-02-16
1525,2602-J198,11,2026-02-09,2028-09-09,D4,2026-02-20
1526,2501-H512,188,2025-01-09,2028-04-09,D5,2025-01-10
1526,2506-X101,134,2025-06-09,2028-09-09,Rayon6,2025-07-15
1527,2404-X350,59,2024-04-09,2026-04-09,Rayon6,2025-03-24
1527,2408-T123,167,2024-08-09,2027-11-09,A7,2025-04-22
1528,2408-K634,94,2024-08-09,2026-12-09,B9,2025-06-17
1528,2501-H769,70,2025-01-09,2027-01-09,A4,2025-06-02
1528,2506-L508,104,2025-06-09,2027-11-09,B20,2025-11-26
1529,2407-W876,109,2024-07-09,2026-09-09,C8,2025-04-09
1529,2504-J535,167,2025-04-09,2028-08-09,A10,2026-06-13
1530,2310-P584,43,2023-10-09,2027-01-09,Rayon6,2025-05-03
1530,2403-W698,50,2024-03-09,2027-07-09,C4,2026-02-22
1531,2312-Y911,76,2023-12-09,2025-12-09,B6,2025-06-14
1531,2407-K331,74,2024-07-09,2027-05-09,B12,2025-12-31
1532,2401-P965,4,2024-01-09,2027-06-09,Rayon3,2025-08-09
1532,2410-T164,193,2024-10-09,2027-10-09,Rayon3,2026-05-21
1533,2501-H443,42,2025-01-09,2028-06-09,Rayon3,2025-07-16
1533,2511-R640,52,2025-11-09,2028-10-09,B10,2026-02-15
1533,2605-F073,168,2026-05-09,2029-03-09,D17,2026-06-08
1534,2405-J259,123,2024-05-09,2027-07-09,C18,2024-05-10
1534,2501-P593,37,2025-01-09,2027-10-09,C9,2025-02-01
1535,2402-M387,198,2024-02-09,2026-12-09,Rayon4,2024-11-11
1535,2410-B264,163,2024-10-09,2028-04-09,C16,2025-09-22
1535,2503-G125,123,2025-03-09,2028-06-09,A3,2025-06-22
1536,2410-J814,174,2024-10-09,2027-04-09,B12,2025-02-09
1536,2503-C218,131,2025-03-09,2028-08-09,Rayon3,2026-04-24
1536,2510-L143,198,2025-10-09,2029-02-09,D15,2025-12-01
1537,2410-V508,148,2024-10-09,2026-12-09,Rayon1,2026-06-30
1537,2505-N971,100,2025-05-09,2028-05-09,D19,2026-07-05
1538,2402-W352,102,2024-02-09,2027-02-09,D8,2024-02-19
1538,2409-G046,68,2024-09-09,2027-08-09,C14,2025-12-15
1538,2506-D908,178,2025-06-09,2028-10-09,C7,2025-11-05
1539,2411-K146,100,2024-11-09,2027-05-09,B4,2025-07-07
1539,2503-J947,6,2025-03-09,2028-08-09,Rayon1,2026-05-28
1540,2408-K073,130,2024-08-09,2027-04-09,B16,2025-03-25
1540,2501-V064,181,2025-01-09,2027-07-09,A12,2025-05-13
1541,2312-R653,106,2023-12-09,2026-03-09,D18,2024-09-05
1541,2412-V758,107,2024-12-09,2028-01-09,A17,2025-08-01
1541,2509-K722,77,2025-09-09,2028-07-09,A15,2026-06-21
1542,2403-Y743,112,2024-03-09,2026-06-09,B4,2025-12-05
1542,2409-G360,86,2024-09-09,2027-01-09,A2,2025-04-14
1542,2509-G568,35,2025-09-09,2028-09-09,C8,2026-04-17
1543,2411-E850,121,2024-11-09,2027-11-09,A13,2025-04-30
1543,2510-W232,147,2025-10-09,2028-07-09,Rayon5,2025-11-04
1543,2607-P571,135,2026-07-09,2029-07-09,B3,2026-07-09
1544,2402-C930,48,2024-02-09,2026-02-09,C18,2025-08-01
1544,2502-T032,159,2025-02-09,2028-07-09,D6,2025-07-22
1545,2501-D734,26,2025-01-09,2027-07-09,Rayon8,2025-08-12
1545,2510-G432,156,2025-10-09,2027-12-09,B8,2025-11-02
1546,2409-V516,65,2024-09-09,2027-10-09,B13,2026-02-01
1546,2509-L563,178,2025-09-09,2028-02-09,B13,2025-10-22
1546,2606-Y902,145,2026-06-09,2029-03-09,B7,2026-06-21
1547,2406-V085,121,2024-06-09,2027-10-09,B2,2025-10-30
1547,2502-F445,54,2025-02-09,2027-12-09,B13,2026-05-26
1547,2602-L795,135,2026-02-09,2028-10-09,D17,2026-02-14
1548,2405-M144,79,2024-05-09,2027-04-09,D9,2026-06-28
1548,2501-M038,58,2025-01-09,2028-06-09,B2,2025-02-24
1548,2507-Z003,44,2025-07-09,2028-09-09,D12,2026-01-02
1549,2402-V083,179,2024-02-09,2027-06-09,Rayon4,2025-06-11
1549,2406-G546,152,2024-06-09,2027-12-09,B10,2024-06-26
1550,2310-R425,181,2023-10-09,2027-03-09,A20,2025-10-13
1550,2407-V647,12,2024-07-09,2027-09-09,Rayon5,2026-05-25
1550,2503-X681,180,2025-03-09,2028-03-09,Rayon3,2025-11-03
1551,2411-H888,177,2024-11-09,2026-12-09,C18,2025-05-20
1551,2504-V683,83,2025-04-09,2028-03-09,D11,2025-10-04
1551,2512-T404,67,2025-12-09,2028-07-09,B9,2026-07-03
1552,2311-D238,107,2023-11-09,2026-03-09,Rayon7,2024-03-23
1552,2403-W975,52,2024-03-09,2027-09-09,Rayon7,2024-05-06
1552,2411-J327,154,2024-11-09,2028-03-09,C8,2025-07-24
1553,2310-F082,18,2023-10-09,2027-02-09,A12,2025-12-25
1553,2405-G170,34,2024-05-09,2027-07-09,D7,2026-02-21
1553,2504-E725,40,2025-04-09,2027-11-09,D4,2025-12-06
1554,2401-L692,192,2024-01-09,2026-04-09,B14,2025-12-10
1554,2412-T572,171,2024-12-09,2027-12-09,Rayon6,2026-05-20
1554,2505-M283,136,2025-05-09,2028-03-09,A10,2025-09-04
1555,2405-N364,74,2024-05-09,2026-06-09,B10,2025-01-17
1555,2411-L134,122,2024-11-09,2028-05-09,C4,2024-11-14
1555,2504-J327,178,2025-04-09,2028-09-09,A11,2025-08-07
1556,2407-W086,125,2024-07-09,2027-04-09,C7,2026-05-27
1556,2503-J612,172,2025-03-09,2028-07-09,Rayon7,2026-06-28
1556,2508-D869,121,2025-08-09,2029-01-09,B1,2026-05-30
1557,2410-G905,178,2024-10-09,2027-06-09,B11,2025-03-10
1557,2509-H558,143,2025-09-09,2028-03-09,B7,2025-10-02
1558,2403-P289,5,2024-03-09,2026-11-09,C4,2024-03-20
1558,2408-C292,12,2024-08-09,2027-05-09,C8,2026-02-12
1558,2505-Y455,115,2025-05-09,2028-03-09,A7,2025-12-12
1559,2405-Z628,168,2024-05-09,2027-10-09,A13,2026-03-08
1559,2411-C369,133,2024-11-09,2028-03-09,B7,2025-07-19
1559,2509-Y298,184,2025-09-09,2028-07-09,Rayon5,2025-10-26
1560,2404-Z616,174,2024-04-09,2027-06-09,C15,2024-06-03
1560,2501-M751,138,2025-01-09,2027-12-09,Rayon4,2026-07-06
1561,2310-H431,69,2023-10-09,2027-02-09,D11,2024-08-20
1561,2410-E526,26,2024-10-09,2027-12-09,D13,2026-06-24
1562,2406-M559,200,2024-06-09,2026-11-09,C15,2025-08-26
1562,2506-A847,130,2025-06-09,2027-12-09,D8,2026-03-13
1562,2512-G732,185,2025-12-09,2028-06-09,Rayon5,2026-03-07
1563,2406-E371,150,2024-06-09,2026-08-09,D5,2025-02-05
1563,2501-K396,20,2025-01-09,2027-09-09,D20,2025-07-13
1564,2409-K401,190,2024-09-09,2027-05-09,C17,2025-12-15
1564,2508-Z976,7,2025-08-09,2028-08-09,C18,2026-01-27
1565,2410-X903,150,2024-10-09,2028-03-09,Rayon2,2025-03-23
1565,2508-D852,178,2025-08-09,2029-02-09,Rayon3,2026-01-20
1565,2606-N822,191,2026-06-09,2029-07-09,A10,2026-07-07
1566,2409-W661,178,2024-09-09,2026-12-09,Rayon8,2024-11-09
1566,2501-N282,40,2025-01-09,2028-06-09,Rayon5,2025-11-17
1566,2508-Z647,39,2025-08-09,2028-11-09,Rayon1,2025-11-03
1567,2404-A137,45,2024-04-09,2026-12-09,D16,2024-05-24
1567,2504-L431,194,2025-04-09,2027-04-09,C6,2025-09-02
1568,2402-P160,69,2024-02-09,2026-12-09,A9,2026-01-13
1568,2408-D114,149,2024-08-09,2027-03-09,A20,2026-05-25
1569,2310-P274,36,2023-10-09,2025-12-09,D9,2024-07-13
1569,2403-D344,172,2024-03-09,2027-05-09,D3,2025-04-03
1570,2410-P019,125,2024-10-09,2027-07-09,A1,2025-01-07
1570,2503-T403,86,2025-03-09,2028-01-09,D14,2026-05-03
1571,2408-X318,153,2024-08-09,2028-01-09,D19,2024-09-22
1571,2505-V363,182,2025-05-09,2028-07-09,C3,2026-03-11
1571,2602-G392,69,2026-02-09,2028-08-09,Rayon1,2026-04-28
1572,2312-E723,48,2023-12-09,2026-07-09,A20,2026-01-15
1572,2407-N500,120,2024-07-09,2026-09-09,B7,2024-09-21
1572,2503-K737,193,2025-03-09,2028-06-09,A12,2026-05-27
1573,2408-X750,91,2024-08-09,2027-01-09,C10,2025-01-26
1573,2502-G432,58,2025-02-09,2027-02-09,A9,2025-08-13
1574,2403-B083,183,2024-03-09,2026-05-09,D17,2025-02-20
1574,2502-L964,54,2025-02-09,2027-05-09,D14,2025-09-09
1575,2404-X712,150,2024-04-09,2026-04-09,D11,2025-02-01
1575,2504-D719,136,2025-04-09,2028-04-09,A13,2025-08-02
1575,2509-Y873,159,2025-09-09,2028-10-09,A17,2026-05-13
1576,2411-C892,11,2024-11-09,2028-05-09,C7,2026-05-11
1576,2510-D844,178,2025-10-09,2029-01-09,C13,2026-01-04
1576,2606-T295,195,2026-06-09,2029-06-09,Rayon6,2026-07-01
1577,2410-R658,24,2024-10-09,2027-06-09,B18,2026-03-13
1577,2504-H267,61,2025-04-09,2028-08-09,D9,2026-07-06
1577,2601-D765,4,2026-01-09,2029-01-09,A5,2026-05-04
1578,2409-M310,178,2024-09-09,2028-01-09,A12,2024-10-31
1578,2507-A957,103,2025-07-09,2028-10-09,B11,2025-07-24
1579,2404-P342,187,2024-04-09,2027-08-09,Rayon4,2026-04-16
1579,2502-D113,55,2025-02-09,2027-09-09,D7,2025-05-28
1580,2402-B089,100,2024-02-09,2026-02-09,B20,2024-11-07
1580,2412-G075,112,2024-12-09,2028-03-09,A20,2026-04-25
1580,2506-H679,52,2025-06-09,2028-12-09,A8,2025-11-24
1581,2311-C293,64,2023-11-09,2026-11-09,B3,2025-05-08
1581,2406-A116,36,2024-06-09,2027-09-09,A19,2024-11-15
1582,2412-T178,50,2024-12-09,2027-02-09,Rayon5,2025-11-21
1582,2504-Y223,94,2025-04-09,2027-10-09,D6,2025-11-07
1582,2510-F069,110,2025-10-09,2028-04-09,C3,2026-02-16
1583,2407-Y461,117,2024-07-09,2026-11-09,B5,2024-08-15
1583,2505-P461,126,2025-05-09,2027-09-09,Rayon8,2026-04-13
1584,2501-P611,58,2025-01-09,2028-03-09,Rayon3,2025-11-13
1584,2512-H288,16,2025-12-09,2028-05-09,D15,2026-02-11
1584,2604-N087,90,2026-04-09,2028-07-09,Rayon3,2026-06-15
1585,2404-K050,138,2024-04-09,2027-01-09,D1,2024-12-21
1585,2412-N503,114,2024-12-09,2028-06-09,A1,2025-07-06
1586,2401-E193,75,2024-01-09,2026-04-09,C9,2026-06-07
1586,2410-T356,106,2024-10-09,2028-03-09,C13,2025-10-29
1587,2412-M306,200,2024-12-09,2027-08-09,Rayon3,2025-03-07
1587,2510-Y142,85,2025-10-09,2029-04-09,A13,2026-02-04
1588,2309-G176,71,2023-09-09,2026-07-09,D12,2026-03-07
1588,2403-F440,24,2024-03-09,2026-12-09,A14,2024-08-20
1589,2311-W456,195,2023-11-09,2027-01-09,Rayon8,2024-03-22
1589,2403-D416,5,2024-03-09,2027-08-09,B15,2025-10-14
1589,2409-L942,194,2024-09-09,2027-12-09,A14,2024-10-30
1590,2501-N897,68,2025-01-09,2028-07-09,Rayon3,2026-02-13
1590,2512-L797,193,2025-12-09,2028-11-09,D1,2025-12-09
1590,2605-N628,107,2026-05-09,2029-03-09,C7,2026-05-25
1591,2310-E653,173,2023-10-09,2026-03-09,Rayon4,2025-11-02
1591,2406-E760,62,2024-06-09,2026-09-09,C3,2024-10-08
1591,2506-R349,189,2025-06-09,2027-08-09,D7,2025-10-01
1592,2406-K459,9,2024-06-09,2026-08-09,Rayon9,2025-10-26
1592,2506-A970,116,2025-06-09,2028-04-09,Rayon3,2025-12-14
1592,2604-G959,182,2026-04-09,2029-05-09,Rayon8,2026-05-23
1593,2407-P153,130,2024-07-09,2027-02-09,B1,2024-10-06
1593,2412-B224,148,2024-12-09,2028-01-09,B6,2025-02-08
1593,2510-X382,143,2025-10-09,2029-04-09,Rayon1,2026-04-25
1594,2311-H109,142,2023-11-09,2027-05-09,B9,2025-12-11
1594,2408-Y917,19,2024-08-09,2027-07-09,Rayon6,2025-04-23
1595,2403-P898,123,2024-03-09,2026-11-09,Rayon1,2026-04-16
1595,2503-J903,140,2025-03-09,2027-08-09,A1,2025-04-02
1595,2511-R296,24,2025-11-09,2028-02-09,C2,2026-05-27
1596,2501-W000,18,2025-01-09,2028-04-09,C2,2025-05-07
1596,2509-A000,53,2025-09-09,2029-01-09,A2,2026-04-30
1597,2407-H060,163,2024-07-09,2027-06-09,B10,2024-09-28
1597,2504-W151,7,2025-04-09,2028-02-09,C4,2026-01-16
1597,2601-H046,187,2026-01-09,2028-05-09,Rayon7,2026-06-03
1598,2310-V643,12,2023-10-09,2026-03-09,D4,2025-03-31
1598,2406-H408,164,2024-06-09,2027-01-09,D19,2024-06-27
1598,2410-Z277,7,2024-10-09,2027-07-09,Rayon8,2025-04-27
1599,2310-M358,169,2023-10-09,2026-05-09,D13,2024-05-20
1599,2407-P025,64,2024-07-09,2026-07-09,B13,2025-06-03
1600,2309-H021,83,2023-09-09,2026-01-09,Rayon2,2026-06-23
1600,2404-B040,145,2024-04-09,2026-07-09,B13,2025-09-16
1601,2310-A295,107,2023-10-09,2025-12-09,Rayon3,2026-04-03
1601,2409-H694,184,2024-09-09,2027-07-09,Rayon6,2025-10-15
1602,2312-L979,129,2023-12-09,2026-06-09,B16,2026-03-22
1602,2404-M364,122,2024-04-09,2027-03-09,D16,2026-03-04
1603,2407-L893,195,2024-07-09,2027-08-09,D10,2025-05-05
1603,2411-Z420,7,2024-11-09,2027-11-09,Rayon7,2025-09-16
1603,2510-B050,84,2025-10-09,2028-08-09,B13,2026-03-01
1604,2312-Z228,63,2023-12-09,2026-12-09,C10,2026-01-29
1604,2405-C775,142,2024-05-09,2027-08-09,A14,2025-06-29
1605,2402-D817,187,2024-02-09,2026-11-09,B18,2024-05-04
1605,2408-D478,77,2024-08-09,2028-01-09,A11,2026-01-26
1606,2412-J625,180,2024-12-09,2027-04-09,Rayon3,2026-01-31
1606,2511-Z270,16,2025-11-09,2029-04-09,A10,2026-06-17
1606,2607-J590,187,2026-07-09,2029-06-09,Rayon8,2026-07-10
1607,2309-T901,65,2023-09-09,2026-02-09,B14,2025-03-16
1607,2409-T353,197,2024-09-09,2027-04-09,Rayon6,2024-11-24
1608,2412-K815,157,2024-12-09,2027-09-09,Rayon4,2025-11-26
1608,2511-R169,122,2025-11-09,2028-07-09,B20,2026-06-15
1609,2311-C896,121,2023-11-09,2026-11-09,D12,2024-05-15
1609,2409-T082,103,2024-09-09,2027-12-09,A14,2025-09-10
1609,2501-B129,90,2025-01-09,2028-02-09,C3,2026-03-08
1610,2311-L783,54,2023-11-09,2026-07-09,C19,2025-07-25
1610,2409-L837,132,2024-09-09,2027-08-09,D19,2025-02-10
1610,2509-D996,109,2025-09-09,2029-03-09,D9,2026-07-01
1611,2412-E684,59,2024-12-09,2027-10-09,A14,2026-03-05
1611,2506-V080,176,2025-06-09,2027-11-09,C17,2026-06-05
1611,2510-E208,147,2025-10-09,2028-11-09,B16,2026-02-06
1612,2402-Z648,199,2024-02-09,2026-07-09,C1,2024-12-18
1612,2406-L758,102,2024-06-09,2027-03-09,D16,2025-03-24
1613,2402-X631,57,2024-02-09,2026-02-09,A1,2025-04-15
1613,2412-G258,17,2024-12-09,2027-02-09,Rayon8,2026-05-17
1614,2410-A389,67,2024-10-09,2027-09-09,C14,2025-05-13
1614,2508-R183,167,2025-08-09,2027-12-09,C13,2025-12-03
1614,2512-G246,44,2025-12-09,2029-03-09,B12,2026-04-09
1615,2409-W114,6,2024-09-09,2028-01-09,A5,2026-02-04
1615,2509-T118,112,2025-09-09,2028-11-09,Rayon8,2026-01-08
1616,2411-X568,89,2024-11-09,2026-11-09,Rayon8,2025-02-17
1616,2508-H938,85,2025-08-09,2027-11-09,D20,2026-06-07
1617,2311-M083,138,2023-11-09,2025-12-09,Rayon1,2024-07-14
1617,2404-J778,91,2024-04-09,2027-01-09,Rayon3,2024-10-26
1618,2405-A470,116,2024-05-09,2027-09-09,C13,2024-09-23
1618,2412-P991,50,2024-12-09,2028-05-09,D9,2025-05-14
1618,2510-K732,113,2025-10-09,2028-07-09,Rayon6,2025-10-27
1619,2501-R520,31,2025-01-09,2027-11-09,D4,2025-03-28
1619,2507-H331,147,2025-07-09,2028-03-09,C7,2025-10-14
1619,2511-W330,77,2025-11-09,2028-09-09,Rayon6,2026-03-15
1620,2311-Z095,123,2023-11-09,2026-02-09,D12,2024-06-06
1620,2403-K153,108,2024-03-09,2027-02-09,D20,2025-04-09
1621,2403-W342,162,2024-03-09,2027-05-09,B7,2025-03-11
1621,2407-C464,7,2024-07-09,2027-10-09,Rayon2,2025-06-29
1621,2412-D219,34,2024-12-09,2027-12-09,C4,2025-08-07
1622,2412-R665,93,2024-12-09,2027-06-09,B1,2025-12-02
1622,2504-D804,66,2025-04-09,2027-08-09,B19,2026-01-04
1623,2409-W323,159,2024-09-09,2026-11-09,Rayon1,2025-09-01
1623,2503-Y743,158,2025-03-09,2027-03-09,D4,2025-06-27
1624,2409-K114,6,2024-09-09,2027-01-09,D16,2025-01-10
1624,2505-M293,81,2025-05-09,2028-11-09,C19,2025-12-10
1624,2605-F244,62,2026-05-09,2029-04-09,C12,2026-06-01
1625,2412-A146,143,2024-12-09,2027-05-09,C3,2025-12-13
1625,2511-V418,40,2025-11-09,2028-06-09,Rayon7,2025-12-22
1625,2606-H760,200,2026-06-09,2028-12-09,C13,2026-06-11
1626,2309-W932,151,2023-09-09,2027-02-09,A16,2025-08-04
1626,2402-T639,14,2024-02-09,2027-04-09,D9,2025-12-08
1627,2406-Z865,15,2024-06-09,2027-05-09,C15,2025-07-18
1627,2505-A157,38,2025-05-09,2027-08-09,C18,2025-08-05
1628,2402-D290,57,2024-02-09,2027-08-09,A7,2025-10-08
1628,2502-N302,131,2025-02-09,2027-12-09,D16,2025-06-20
1628,2512-B470,34,2025-12-09,2028-05-09,C9,2026-01-30
1629,2403-V934,81,2024-03-09,2026-09-09,B19,2025-11-08
1629,2409-F036,158,2024-09-09,2027-04-09,A20,2025-10-16
1629,2506-R965,17,2025-06-09,2028-12-09,D14,2025-09-22
1630,2409-F774,163,2024-09-09,2028-03-09,A14,2026-01-14
1630,2502-P349,79,2025-02-09,2028-05-09,A16,2025-12-04
1630,2510-F269,126,2025-10-09,2028-07-09,C9,2026-06-12
1631,2401-P851,5,2024-01-09,2026-09-09,B5,2025-07-19
1631,2408-M157,177,2024-08-09,2027-01-09,B15,2025-06-21
1631,2503-N281,156,2025-03-09,2027-10-09,B19,2026-01-18
1632,2407-T943,77,2024-07-09,2027-12-09,C19,2026-01-11
1632,2507-Y967,9,2025-07-09,2028-06-09,C7,2025-09-23
1633,2403-M496,31,2024-03-09,2026-07-09,Rayon8,2024-12-28
1633,2411-F620,90,2024-11-09,2027-03-09,A18,2025-01-06
1634,2501-X647,63,2025-01-09,2028-01-09,B2,2025-07-17
1634,2508-C952,32,2025-08-09,2029-01-09,A7,2026-01-19
1635,2409-R973,155,2024-09-09,2027-07-09,Rayon2,2025-10-15
1635,2507-Z526,24,2025-07-09,2028-05-09,C6,2026-06-09
1635,2605-H557,12,2026-05-09,2029-09-09,Rayon2,2026-06-19
1636,2410-A899,82,2024-10-09,2028-04-09,D18,2025-01-21
1636,2506-A170,153,2025-06-09,2028-08-09,C5,2025-09-07
1636,2601-A014,186,2026-01-09,2028-10-09,D14,2026-03-17
1637,2411-X049,172,2024-11-09,2027-11-09,D20,2025-04-06
1637,2509-H506,74,2025-09-09,2028-08-09,C4,2026-06-05
1638,2408-G259,74,2024-08-09,2026-10-09,B13,2024-09-10
1638,2506-E290,130,2025-06-09,2027-09-09,D13,2026-01-31
1638,2603-E072,153,2026-03-09,2028-04-09,B11,2026-04-20
1639,2408-H183,115,2024-08-09,2026-10-09,C6,2024-12-19
1639,2505-R814,188,2025-05-09,2027-12-09,Rayon2,2026-05-23
1640,2311-N454,43,2023-11-09,2026-01-09,A11,2024-09-13
1640,2405-T133,158,2024-05-09,2027-06-09,C7,2024-05-24
1641,2310-X250,69,2023-10-09,2025-12-09,A19,2026-02-05
1641,2408-L499,121,2024-08-09,2027-01-09,Rayon8,2025-12-02
1642,2405-T289,200,2024-05-09,2027-04-09,A13,2024-06-19
1642,2411-Z324,190,2024-11-09,2027-11-09,Rayon3,2025-08-19
1643,2401-D143,20,2024-01-09,2027-01-09,D5,2026-02-04
1643,2501-Z826,183,2025-01-09,2028-03-09,B4,2025-11-08
1643,2601-M006,117,2026-01-09,2028-07-09,A2,2026-01-14
1644,2312-N747,114,2023-12-09,2026-05-09,C15,2026-03-21
1644,2410-C619,200,2024-10-09,2027-12-09,B16,2026-02-12
1645,2407-F814,175,2024-07-09,2027-08-09,B9,2024-10-26
1645,2411-G956,39,2024-11-09,2028-02-09,B13,2025-08-27
1645,2503-C384,178,2025-03-09,2028-04-09,A6,2026-06-23
1646,2310-E943,64,2023-10-09,2026-12-09,Rayon2,2026-01-11
1646,2404-Z154,153,2024-04-09,2027-04-09,A11,2024-09-01
1647,2501-R537,93,2025-01-09,2028-03-09,A13,2026-01-25
1647,2507-C103,35,2025-07-09,2029-01-09,A15,2025-12-11
1647,2603-P337,88,2026-03-09,2029-04-09,C2,2026-06-08
1648,2406-F692,110,2024-06-09,2027-03-09,D8,2025-04-07
1648,2410-B102,186,2024-10-09,2027-04-09,Rayon7,2026-03-05
1648,2502-J405,41,2025-02-09,2027-12-09,C7,2025-04-28
1649,2409-L339,129,2024-09-09,2027-10-09,D13,2024-12-17
1649,2508-X054,33,2025-08-09,2028-03-09,C5,2026-01-23
1649,2601-T262,49,2026-01-09,2028-07-09,Rayon7,2026-06-13
1650,2411-R168,171,2024-11-09,2027-10-09,B11,2025-09-16
1650,2509-H057,190,2025-09-09,2028-12-09,B20,2025-09-23
1651,2403-T393,59,2024-03-09,2027-04-09,C6,2026-06-04
1651,2501-C973,143,2025-01-09,2027-07-09,Rayon2,2025-02-27
1651,2505-W900,97,2025-05-09,2028-09-09,D7,2026-04-15
1652,2401-D966,112,2024-01-09,2027-01-09,C6,2025-04-25
1652,2501-A124,150,2025-01-09,2027-10-09,B4,2025-12-20
1652,2505-G620,14,2025-05-09,2027-11-09,A12,2025-06-13
1653,2501-W118,68,2025-01-09,2027-05-09,B10,2025-05-01
1653,2508-H206,86,2025-08-09,2028-11-09,B8,2025-11-01
1654,2404-E660,123,2024-04-09,2026-11-09,Rayon9,2025-07-13
1654,2411-V675,73,2024-11-09,2027-01-09,C13,2025-08-21
1654,2503-R129,159,2025-03-09,2027-10-09,Rayon2,2025-03-21
1655,2406-N898,189,2024-06-09,2027-02-09,B5,2026-03-11
1655,2412-L092,191,2024-12-09,2027-10-09,Rayon6,2025-06-09
1656,2412-D023,105,2024-12-09,2027-01-09,C18,2025-12-16
1656,2504-J079,82,2025-04-09,2028-04-09,Rayon6,2025-06-13
1656,2604-R464,78,2026-04-09,2029-07-09,D3,2026-06-17
1657,2501-R237,21,2025-01-09,2027-10-09,A5,2025-02-27
1657,2511-K584,106,2025-11-09,2028-05-09,Rayon3,2026-06-25
1657,2606-X071,102,2026-06-09,2028-07-09,A7,2026-06-21
1658,2501-A679,163,2025-01-09,2027-06-09,C14,2026-03-11
1658,2505-C324,185,2025-05-09,2027-09-09,Rayon9,2026-04-30
1659,2311-W442,91,2023-11-09,2027-04-09,D10,2026-05-16
1659,2404-F192,69,2024-04-09,2027-10-09,D11,2024-06-22
1659,2501-Z122,26,2025-01-09,2028-02-09,D17,2026-04-13
1660,2501-L110,100,2025-01-09,2028-06-09,C2,2025-12-14
1660,2601-H164,131,2026-01-09,2028-12-09,A8,2026-05-17
1661,2403-Z039,64,2024-03-09,2026-07-09,A10,2025-05-28
1661,2407-X147,160,2024-07-09,2026-11-09,A20,2026-02-14
1662,2406-E513,103,2024-06-09,2027-06-09,Rayon2,2025-07-14
1662,2412-X737,198,2024-12-09,2027-10-09,C6,2026-03-27
1662,2512-L816,24,2025-12-09,2028-07-09,B3,2026-01-20
1663,2401-X885,91,2024-01-09,2027-07-09,A9,2025-04-14
1663,2411-E023,86,2024-11-09,2027-11-09,B18,2026-02-01
1664,2402-J571,13,2024-02-09,2027-01-09,C9,2026-06-15
1664,2408-R539,53,2024-08-09,2027-07-09,A13,2026-04-30
1664,2507-Z237,51,2025-07-09,2028-03-09,D7,2025-12-26
1665,2309-G008,172,2023-09-09,2026-10-09,C8,2024-11-18
1665,2405-D478,52,2024-05-09,2027-08-09,Rayon6,2026-01-19
1665,2501-A627,112,2025-01-09,2027-12-09,A7,2025-02-03
1666,2407-W892,160,2024-07-09,2027-12-09,D10,2025-02-23
1666,2507-E963,196,2025-07-09,2028-08-09,B14,2025-11-19
1667,2402-Z696,103,2024-02-09,2026-07-09,B3,2025-03-07
1667,2412-E434,185,2024-12-09,2027-10-09,B10,2025-11-18
1667,2510-V889,9,2025-10-09,2028-06-09,A3,2025-12-10
1668,2406-N561,105,2024-06-09,2026-08-09,Rayon3,2024-10-20
1668,2412-E417,167,2024-12-09,2027-12-09,Rayon7,2025-06-08
1669,2410-D313,198,2024-10-09,2027-05-09,C19,2026-01-18
1669,2502-H658,58,2025-02-09,2028-06-09,C17,2026-02-18
1670,2411-N476,76,2024-11-09,2027-11-09,A5,2025-02-21
1670,2504-D646,6,2025-04-09,2028-05-09,B15,2025-09-09
1671,2309-F390,171,2023-09-09,2026-11-09,B14,2024-12-15
1671,2404-K847,104,2024-04-09,2027-05-09,A11,2024-12-09
1672,2409-F039,134,2024-09-09,2026-09-09,D7,2025-12-13
1672,2507-Y272,82,2025-07-09,2029-01-09,A19,2026-04-06
1672,2606-F289,147,2026-06-09,2029-10-09,C6,2026-07-03
1673,2309-R464,97,2023-09-09,2026-08-09,C9,2024-01-05
1673,2401-J537,20,2024-01-09,2027-02-09,B6,2025-06-03
1674,2407-T616,138,2024-07-09,2028-01-09,A16,2025-10-02
1674,2505-M518,158,2025-05-09,2028-08-09,B15,2026-03-25
1675,2405-K827,57,2024-05-09,2027-11-09,C12,2024-11-25
1675,2503-C067,146,2025-03-09,2028-08-09,B10,2026-01-21
1675,2603-X784,120,2026-03-09,2028-10-09,C15,2026-05-15
1676,2406-E333,162,2024-06-09,2027-03-09,D16,2024-06-18
1676,2501-F953,32,2025-01-09,2028-01-09,Rayon2,2025-04-29
1676,2601-P320,21,2026-01-09,2028-06-09,A15,2026-02-25
1677,2312-M100,106,2023-12-09,2027-05-09,B6,2024-02-04
1677,2408-Y330,169,2024-08-09,2027-07-09,B9,2026-05-19
1678,2408-X489,115,2024-08-09,2027-03-09,Rayon2,2026-01-01
1678,2508-W572,144,2025-08-09,2027-11-09,B4,2026-04-02
1679,2403-P333,146,2024-03-09,2027-03-09,C14,2024-11-14
1679,2407-L160,189,2024-07-09,2027-10-09,C19,2026-03-20
1679,2507-B640,80,2025-07-09,2028-12-09,Rayon1,2026-07-07
1680,2409-H999,153,2024-09-09,2027-06-09,B15,2025-08-29
1680,2508-Y246,131,2025-08-09,2028-01-09,A20,2026-06-02
1680,2512-P013,197,2025-12-09,2028-07-09,Rayon7,2026-03-29
1681,2406-R423,147,2024-06-09,2026-08-09,A3,2025-03-25
1681,2501-J716,115,2025-01-09,2028-04-09,D9,2026-03-09
1682,2411-B109,190,2024-11-09,2027-08-09,Rayon7,2025-09-02
1682,2510-M004,41,2025-10-09,2028-10-09,D12,2026-04-13
1683,2411-F733,193,2024-11-09,2027-08-09,Rayon6,2025-12-21
1683,2509-D698,71,2025-09-09,2028-04-09,D20,2026-02-20
1684,2310-L105,44,2023-10-09,2027-03-09,Rayon3,2024-03-28
1684,2407-T764,174,2024-07-09,2027-11-09,B11,2025-09-23
1685,2407-Y410,180,2024-07-09,2027-04-09,D14,2024-10-28
1685,2501-A335,170,2025-01-09,2027-09-09,A3,2026-06-08
1685,2512-W011,134,2025-12-09,2028-02-09,Rayon2,2026-02-01
1686,2310-R283,76,2023-10-09,2026-11-09,A19,2024-05-24
1686,2407-K620,136,2024-07-09,2027-05-09,D2,2025-10-06
1687,2407-V838,155,2024-07-09,2026-07-09,Rayon7,2026-04-14
1687,2502-F765,147,2025-02-09,2027-12-09,B19,2025-05-20
1687,2602-X167,146,2026-02-09,2029-07-09,B11,2026-07-06
1688,2404-Z420,66,2024-04-09,2027-04-09,B16,2024-06-01
1688,2504-T013,163,2025-04-09,2028-04-09,Rayon7,2025-10-06
1689,2412-X398,108,2024-12-09,2027-07-09,B13,2026-01-29
1689,2506-N527,61,2025-06-09,2027-10-09,C20,2026-03-30
1689,2511-E075,70,2025-11-09,2028-05-09,Rayon9,2026-01-06
1690,2311-J535,151,2023-11-09,2026-04-09,B3,2024-02-20
1690,2405-C719,72,2024-05-09,2027-08-09,A10,2025-12-21
1690,2412-F313,50,2024-12-09,2028-01-09,A12,2025-06-22
1691,2411-V930,182,2024-11-09,2027-10-09,Rayon3,2025-06-30
1691,2505-H156,200,2025-05-09,2028-01-09,A5,2025-07-18
1691,2512-H694,54,2025-12-09,2028-02-09,D5,2025-12-22
1692,2310-X644,183,2023-10-09,2027-02-09,D6,2024-05-08
1692,2406-F113,66,2024-06-09,2027-09-09,A12,2025-09-30
1692,2502-A608,18,2025-02-09,2027-11-09,B11,2025-05-14
1693,2311-B352,57,2023-11-09,2026-12-09,D8,2025-04-09
1693,2403-J914,178,2024-03-09,2027-06-09,D1,2024-10-23
1694,2403-N114,48,2024-03-09,2026-09-09,B16,2026-06-28
1694,2412-H571,45,2024-12-09,2027-01-09,C10,2025-02-24
1694,2511-D035,33,2025-11-09,2029-02-09,C8,2026-03-05
1695,2404-J175,71,2024-04-09,2027-09-09,Rayon2,2024-04-28
1695,2503-K390,154,2025-03-09,2027-11-09,D13,2025-03-17
1696,2412-G628,7,2024-12-09,2026-12-09,B1,2026-06-20
1696,2510-K147,144,2025-10-09,2029-01-09,Rayon4,2026-07-07
1697,2408-L522,6,2024-08-09,2026-10-09,D15,2024-09-13
1697,2505-X198,52,2025-05-09,2027-06-09,D9,2026-03-14
1697,2509-K800,22,2025-09-09,2027-11-09,A1,2026-06-22
1698,2310-L941,166,2023-10-09,2027-02-09,Rayon7,2025-04-29
1698,2403-F937,92,2024-03-09,2027-08-09,C11,2025-11-11
1699,2404-E726,169,2024-04-09,2027-06-09,B7,2025-08-16
1699,2408-R338,194,2024-08-09,2027-12-09,C15,2026-05-22
1699,2412-T772,193,2024-12-09,2028-04-09,A8,2026-04-28
1700,2311-M695,41,2023-11-09,2026-08-09,Rayon9,2025-11-27
1700,2403-F714,127,2024-03-09,2027-03-09,Rayon7,2025-08-08
1700,2410-V550,23,2024-10-09,2028-04-09,A3,2026-02-11
1701,2403-Z113,101,2024-03-09,2027-06-09,B11,2025-01-01
1701,2410-P099,136,2024-10-09,2027-11-09,C16,2025-11-13
1701,2504-B303,121,2025-04-09,2027-12-09,B14,2025-12-03
1702,2312-L642,137,2023-12-09,2026-11-09,C11,2025-01-17
1702,2411-Y636,190,2024-11-09,2028-01-09,C15,2025-06-24
1703,2311-E433,50,2023-11-09,2027-03-09,C6,2024-12-09
1703,2411-L481,49,2024-11-09,2027-08-09,A16,2025-07-01
1703,2511-H332,60,2025-11-09,2028-06-09,A13,2025-12-24
1704,2501-A392,4,2025-01-09,2027-09-09,C6,2025-03-24
1704,2506-Y653,123,2025-06-09,2028-12-09,D17,2026-01-26
1704,2601-W278,166,2026-01-09,2029-07-09,A19,2026-03-15
1705,2405-R030,189,2024-05-09,2027-09-09,C19,2025-09-21
1705,2505-W671,191,2025-05-09,2027-12-09,D20,2026-04-05
1706,2310-W123,181,2023-10-09,2026-01-09,Rayon3,2025-12-22
1706,2402-B036,133,2024-02-09,2027-07-09,Rayon8,2024-05-10
1706,2412-X155,59,2024-12-09,2028-02-09,B10,2026-01-18
1707,2310-K212,53,2023-10-09,2026-06-09,B3,2024-03-19
1707,2409-D666,73,2024-09-09,2027-11-09,D19,2024-10-07
1707,2506-L758,184,2025-06-09,2028-04-09,C12,2025-12-03
1708,2404-D151,186,2024-04-09,2027-09-09,D20,2024-06-17
1708,2504-A277,56,2025-04-09,2027-11-09,B19,2026-03-25
1708,2601-N801,124,2026-01-09,2028-12-09,D7,2026-05-25
1709,2404-K374,111,2024-04-09,2026-12-09,C15,2026-06-25
1709,2411-N634,176,2024-11-09,2027-08-09,C11,2025-05-08
1710,2405-K106,32,2024-05-09,2027-06-09,A19,2025-02-20
1710,2503-W171,39,2025-03-09,2028-04-09,D5,2026-02-23
1710,2601-G942,54,2026-01-09,2028-12-09,A5,2026-06-27
1711,2501-W100,163,2025-01-09,2028-07-09,C5,2025-06-03
1711,2511-L373,59,2025-11-09,2028-11-09,C20,2026-02-04
1712,2404-X421,146,2024-04-09,2026-05-09,Rayon7,2024-10-08
1712,2502-M098,164,2025-02-09,2027-03-09,A5,2025-04-19
1712,2601-C641,190,2026-01-09,2028-09-09,Rayon4,2026-05-06
1713,2310-E693,168,2023-10-09,2026-05-09,C6,2026-04-15
1713,2408-A393,94,2024-08-09,2027-02-09,Rayon5,2024-12-28
1713,2507-G904,70,2025-07-09,2029-01-09,C13,2025-09-17
1714,2403-D278,162,2024-03-09,2026-03-09,C7,2026-05-13
1714,2407-P412,168,2024-07-09,2026-12-09,B5,2026-01-20
1715,2407-Y879,160,2024-07-09,2027-03-09,A7,2025-05-04
1715,2506-P659,84,2025-06-09,2027-11-09,B17,2025-11-07
1715,2602-P800,106,2026-02-09,2028-05-09,A12,2026-04-27
1716,2404-D487,28,2024-04-09,2027-07-09,Rayon6,2026-04-06
1716,2502-X522,86,2025-02-09,2028-03-09,D16,2025-07-23
1717,2401-H363,197,2024-01-09,2027-07-09,A3,2025-02-12
1717,2410-A083,163,2024-10-09,2027-12-09,B14,2025-03-24
1717,2507-D525,17,2025-07-09,2028-04-09,B11,2025-10-27
1718,2409-W682,56,2024-09-09,2027-05-09,B16,2026-03-07
1718,2505-D560,24,2025-05-09,2027-07-09,Rayon5,2025-10-27
1718,2604-Y107,143,2026-04-09,2028-07-09,B8,2026-05-03
1719,2404-G309,4,2024-04-09,2027-05-09,D18,2024-07-02
1719,2502-N885,165,2025-02-09,2028-08-09,Rayon5,2025-12-17
1720,2405-F690,33,2024-05-09,2027-10-09,B19,2024-11-03
1720,2501-D100,171,2025-01-09,2027-12-09,D11,2026-06-12
1721,2402-V096,87,2024-02-09,2027-02-09,Rayon5,2025-10-21
1721,2409-D564,145,2024-09-09,2028-02-09,Rayon2,2024-12-22
1722,2402-D392,197,2024-02-09,2027-04-09,D20,2025-03-30
1722,2406-Y690,83,2024-06-09,2027-08-09,Rayon7,2026-03-23
1723,2410-W852,56,2024-10-09,2026-11-09,A9,2025-04-07
1723,2503-C176,76,2025-03-09,2027-12-09,Rayon6,2025-10-27
1723,2602-L940,27,2026-02-09,2029-07-09,Rayon6,2026-04-28
1724,2403-F832,148,2024-03-09,2026-10-09,C11,2025-01-19
1724,2407-L943,11,2024-07-09,2028-01-09,C18,2025-06-30
1725,2405-G611,39,2024-05-09,2026-08-09,B10,2025-07-21
1725,2412-X844,35,2024-12-09,2028-05-09,Rayon3,2025-03-17
1725,2506-X723,149,2025-06-09,2028-09-09,D20,2025-12-15
1726,2501-P878,14,2025-01-09,2028-05-09,C1,2025-12-11
1726,2507-F934,36,2025-07-09,2028-07-09,Rayon4,2026-02-09
1727,2412-V910,127,2024-12-09,2027-01-09,Rayon5,2025-11-14
1727,2512-V996,130,2025-12-09,2028-10-09,D11,2026-03-09
1727,2605-T394,74,2026-05-09,2029-05-09,B11,2026-07-02
1728,2309-G019,95,2023-09-09,2025-10-09,A4,2024-04-16
1728,2402-T924,40,2024-02-09,2026-09-09,B18,2025-02-11
1728,2412-K445,36,2024-12-09,2028-03-09,A13,2026-05-02
1729,2411-M797,189,2024-11-09,2027-06-09,D1,2026-04-08
1729,2503-T191,25,2025-03-09,2028-09-09,C12,2026-06-25
1730,2406-D426,163,2024-06-09,2027-07-09,A3,2024-06-11
1730,2411-P236,160,2024-11-09,2028-03-09,C7,2025-08-04
1730,2506-B912,32,2025-06-09,2028-08-09,A6,2026-05-10
1731,2401-K666,48,2024-01-09,2026-02-09,A4,2025-08-04
1731,2405-M242,100,2024-05-09,2026-10-09,D5,2025-02-09
1732,2411-P509,102,2024-11-09,2026-11-09,D6,2024-11-28
1732,2510-R067,117,2025-10-09,2028-10-09,C3,2026-01-24
1732,2607-P782,99,2026-07-09,2029-10-09,Rayon1,2026-07-10
1733,2411-D995,74,2024-11-09,2028-01-09,Rayon9,2026-01-02
1733,2511-V422,43,2025-11-09,2028-10-09,D7,2026-04-14
1733,2605-Y925,22,2026-05-09,2028-12-09,A20,2026-05-27
1734,2311-V194,83,2023-11-09,2026-12-09,D17,2025-10-05
1734,2411-C654,127,2024-11-09,2027-12-09,A4,2025-05-13
1735,2411-D707,33,2024-11-09,2027-05-09,C11,2026-05-06
1735,2507-V732,15,2025-07-09,2028-04-09,C6,2026-02-09
1736,2409-W507,19,2024-09-09,2026-12-09,C13,2026-04-17
1736,2503-D493,45,2025-03-09,2028-09-09,C2,2025-11-28
1737,2402-X196,46,2024-02-09,2026-09-09,A14,2025-02-19
1737,2409-C048,80,2024-09-09,2027-05-09,C18,2025-09-06
1737,2508-F291,151,2025-08-09,2028-01-09,Rayon6,2026-01-14
1738,2408-W052,190,2024-08-09,2027-09-09,C7,2025-02-19
1738,2501-B288,83,2025-01-09,2027-11-09,D17,2026-05-02
1739,2312-Z962,35,2023-12-09,2027-06-09,A17,2024-10-25
1739,2409-R859,101,2024-09-09,2028-03-09,A6,2026-03-30
1739,2509-Z694,59,2025-09-09,2028-07-09,A20,2025-12-19
1740,2407-K750,159,2024-07-09,2027-10-09,A9,2025-02-19
1740,2503-J345,5,2025-03-09,2028-06-09,D11,2026-03-06
1740,2601-P218,55,2026-01-09,2029-01-09,B6,2026-01-24
1741,2404-N952,137,2024-04-09,2027-03-09,A1,2025-09-20
1741,2503-E602,144,2025-03-09,2028-08-09,Rayon6,2026-01-11
1741,2512-V308,185,2025-12-09,2028-10-09,D15,2026-04-05
1742,2403-E279,184,2024-03-09,2027-08-09,B1,2026-07-08
1742,2412-P288,19,2024-12-09,2028-01-09,B15,2025-11-25
1742,2505-L521,25,2025-05-09,2028-04-09,Rayon8,2025-08-15
1743,2404-B165,179,2024-04-09,2027-09-09,D4,2026-01-12
1743,2501-R201,169,2025-01-09,2028-05-09,C16,2025-12-05
1744,2410-W765,21,2024-10-09,2028-03-09,Rayon2,2025-05-08
1744,2509-Z600,44,2025-09-09,2028-05-09,C3,2025-10-23
1744,2607-Y631,118,2026-07-09,2029-11-09,D18,2026-07-09
1745,2408-M075,5,2024-08-09,2027-04-09,A8,2025-01-04
1745,2506-B100,118,2025-06-09,2027-12-09,C9,2025-12-04
1746,2407-A303,51,2024-07-09,2026-07-09,A5,2024-08-14
1746,2502-V413,73,2025-02-09,2027-10-09,D19,2026-06-27
1746,2506-V748,172,2025-06-09,2028-01-09,B10,2025-08-15
1747,2402-K688,60,2024-02-09,2026-08-09,Rayon5,2025-05-30
1747,2410-E234,44,2024-10-09,2027-11-09,B6,2026-02-22
1747,2510-D190,165,2025-10-09,2028-02-09,C12,2026-07-07
1748,2312-J206,166,2023-12-09,2026-07-09,B11,2024-08-03
1748,2407-W774,22,2024-07-09,2027-10-09,C1,2026-01-31
1748,2506-N881,114,2025-06-09,2028-03-09,C18,2026-03-24
1749,2409-E902,130,2024-09-09,2026-11-09,C12,2025-02-06
1749,2504-R453,5,2025-04-09,2027-11-09,A2,2026-05-15
1749,2603-B370,77,2026-03-09,2029-02-09,C13,2026-06-30
1750,2312-H950,46,2023-12-09,2027-05-09,B15,2025-08-07
1750,2410-Z344,65,2024-10-09,2027-10-09,D9,2025-03-18
1751,2501-Z116,147,2025-01-09,2027-01-09,Rayon3,2025-07-12
1751,2511-C594,195,2025-11-09,2028-05-09,A7,2026-01-05
1752,2402-W821,17,2024-02-09,2026-07-09,C4,2024-09-04
1752,2407-X015,138,2024-07-09,2027-05-09,Rayon9,2026-06-16
1753,2410-E240,51,2024-10-09,2027-08-09,D15,2025-08-27
1753,2507-F126,138,2025-07-09,2027-10-09,B15,2026-02-12
1753,2605-N535,154,2026-05-09,2029-11-09,C17,2026-07-06
1754,2501-L325,61,2025-01-09,2027-07-09,B8,2026-04-03
1754,2601-T741,78,2026-01-09,2028-03-09,Rayon5,2026-05-25
1755,2410-J659,57,2024-10-09,2028-02-09,A4,2026-04-13
1755,2503-Y511,92,2025-03-09,2028-06-09,B11,2026-02-01
1756,2402-D684,107,2024-02-09,2027-03-09,C8,2024-07-17
1756,2409-H896,174,2024-09-09,2028-02-09,A14,2025-08-21
1756,2502-T621,120,2025-02-09,2028-07-09,B14,2025-09-03
1757,2412-J964,102,2024-12-09,2027-10-09,B4,2025-05-07
1757,2508-M021,60,2025-08-09,2028-01-09,B7,2026-05-13
1758,2401-G434,13,2024-01-09,2027-03-09,C10,2025-03-25
1758,2412-D439,195,2024-12-09,2027-09-09,B16,2025-09-24
1759,2403-N369,164,2024-03-09,2026-05-09,Rayon9,2026-02-16
1759,2407-B888,94,2024-07-09,2027-01-09,B15,2026-05-24
1759,2507-W421,106,2025-07-09,2027-08-09,A20,2026-02-28
1760,2403-D413,141,2024-03-09,2026-12-09,B10,2025-01-08
1760,2411-V500,36,2024-11-09,2028-05-09,D15,2026-06-23
1760,2508-C363,40,2025-08-09,2028-08-09,C17,2025-08-30
1761,2410-C970,32,2024-10-09,2026-12-09,B14,2025-06-19
1761,2509-W548,42,2025-09-09,2028-11-09,B20,2026-05-29
1762,2405-L188,154,2024-05-09,2027-02-09,Rayon6,2025-11-05
1762,2504-V984,36,2025-04-09,2028-03-09,C5,2025-07-04
1762,2512-Z804,49,2025-12-09,2028-04-09,C16,2026-04-19
1763,2412-L581,43,2024-12-09,2027-12-09,A19,2025-02-08
1763,2512-F449,111,2025-12-09,2028-08-09,B17,2026-03-28
1764,2403-W423,16,2024-03-09,2027-06-09,Rayon8,2025-08-21
1764,2501-M557,95,2025-01-09,2027-10-09,Rayon4,2025-02-12
1765,2407-R593,171,2024-07-09,2027-06-09,A4,2025-10-10
1765,2505-E512,92,2025-05-09,2027-11-09,C16,2025-06-15
1766,2402-L746,14,2024-02-09,2027-04-09,D2,2025-10-22
1766,2410-L688,162,2024-10-09,2027-10-09,B9,2025-04-02
1766,2503-D226,90,2025-03-09,2028-02-09,A20,2025-05-17
1767,2403-B050,110,2024-03-09,2027-02-09,D3,2026-05-16
1767,2502-C860,28,2025-02-09,2027-07-09,Rayon4,2025-10-23
1768,2408-E177,30,2024-08-09,2027-03-09,Rayon4,2026-04-01
1768,2503-K699,38,2025-03-09,2028-02-09,C15,2026-01-13
1769,2406-M567,59,2024-06-09,2026-12-09,B14,2025-03-15
1769,2412-J635,189,2024-12-09,2027-06-09,Rayon4,2025-01-11
1769,2510-R262,49,2025-10-09,2028-01-09,C20,2026-03-25
1770,2402-D263,103,2024-02-09,2027-02-09,Rayon2,2025-10-03
1770,2407-C389,103,2024-07-09,2027-11-09,D18,2024-08-18
1771,2410-B496,64,2024-10-09,2028-02-09,A17,2024-11-17
1771,2504-G310,117,2025-04-09,2028-05-09,B5,2026-06-11
1772,2402-T068,11,2024-02-09,2027-02-09,D17,2025-02-25
1772,2407-R534,124,2024-07-09,2027-07-09,A1,2025-01-18
1772,2504-Y477,159,2025-04-09,2028-03-09,B10,2025-12-30
1773,2405-F601,151,2024-05-09,2026-10-09,A5,2024-10-14
1773,2409-Z188,143,2024-09-09,2027-03-09,C1,2024-11-24
1774,2402-L385,135,2024-02-09,2027-01-09,B13,2026-02-08
1774,2411-P796,194,2024-11-09,2028-04-09,Rayon1,2025-03-25
1774,2509-J548,161,2025-09-09,2028-06-09,D19,2025-10-01
1775,2401-N874,49,2024-01-09,2026-08-09,Rayon8,2025-02-22
1775,2405-N083,26,2024-05-09,2027-06-09,C6,2025-12-25
1775,2412-Y761,173,2024-12-09,2027-09-09,Rayon2,2025-11-12
1776,2311-G473,188,2023-11-09,2026-08-09,D10,2026-03-29
1776,2405-H811,159,2024-05-09,2026-11-09,B11,2024-11-18
1777,2402-L113,32,2024-02-09,2026-09-09,B5,2025-07-19
1777,2501-E886,76,2025-01-09,2028-02-09,C1,2025-03-25
1777,2509-W679,83,2025-09-09,2028-08-09,D5,2025-10-18
1778,2403-H604,13,2024-03-09,2026-04-09,Rayon8,2026-06-29
1778,2411-Z253,174,2024-11-09,2027-03-09,A14,2025-03-31
1778,2507-G247,18,2025-07-09,2027-10-09,D8,2025-12-10
1779,2402-L295,5,2024-02-09,2026-03-09,A10,2025-03-11
1779,2502-Z677,162,2025-02-09,2027-05-09,B5,2025-02-15
1779,2602-V406,117,2026-02-09,2029-04-09,D16,2026-06-10
1780,2406-K300,114,2024-06-09,2026-06-09,D17,2025-11-04
1780,2502-B989,174,2025-02-09,2027-04-09,D20,2025-08-02
1780,2602-K154,104,2026-02-09,2028-08-09,C12,2026-02-24
1781,2405-K857,10,2024-05-09,2026-11-09,A10,2025-05-14
1781,2411-K419,137,2024-11-09,2027-01-09,C10,2025-03-03
1781,2510-V019,135,2025-10-09,2029-01-09,D14,2026-03-02
1782,2409-K646,153,2024-09-09,2027-11-09,A4,2025-10-14
1782,2504-D886,164,2025-04-09,2028-03-09,A12,2025-08-30
1782,2603-L120,129,2026-03-09,2028-12-09,Rayon4,2026-03-10
1783,2408-M784,155,2024-08-09,2027-09-09,A2,2025-10-15
1783,2506-L888,30,2025-06-09,2027-12-09,D3,2026-01-28
1783,2511-Z797,125,2025-11-09,2028-01-09,C5,2026-01-18
1784,2404-B672,11,2024-04-09,2026-08-09,D8,2026-04-04
1784,2504-L412,70,2025-04-09,2028-04-09,Rayon3,2025-08-28
1785,2402-Y811,33,2024-02-09,2026-09-09,D15,2025-05-30
1785,2408-L073,10,2024-08-09,2028-01-09,B20,2025-06-10
1786,2403-P791,26,2024-03-09,2027-02-09,A5,2025-07-14
1786,2412-R562,149,2024-12-09,2028-06-09,Rayon4,2025-04-19
1787,2501-X284,102,2025-01-09,2027-12-09,B16,2026-02-05
1787,2505-G415,19,2025-05-09,2028-04-09,C5,2026-03-06
1787,2512-N867,173,2025-12-09,2028-06-09,C12,2026-06-03
1788,2412-P147,180,2024-12-09,2028-04-09,Rayon3,2026-05-05
1788,2506-B570,199,2025-06-09,2028-12-09,C17,2025-06-26
1788,2512-H569,48,2025-12-09,2029-04-09,D10,2026-01-13
1789,2411-P831,149,2024-11-09,2027-04-09,B3,2026-04-02
1789,2511-T751,122,2025-11-09,2029-03-09,B1,2026-03-05
1789,2604-V606,135,2026-04-09,2029-05-09,B14,2026-06-21
1790,2403-H580,54,2024-03-09,2027-03-09,Rayon4,2024-10-01
1790,2409-E275,130,2024-09-09,2027-06-09,D10,2025-12-19
1790,2505-Y283,167,2025-05-09,2028-11-09,D10,2026-03-26
1791,2403-J535,133,2024-03-09,2027-01-09,B6,2026-06-14
1791,2411-E076,105,2024-11-09,2027-09-09,A5,2026-04-03
1791,2509-X090,72,2025-09-09,2028-02-09,B3,2026-03-26
1792,2402-N587,64,2024-02-09,2027-06-09,D16,2024-10-10
1792,2501-V725,173,2025-01-09,2028-07-09,Rayon8,2025-09-30
1793,2312-E533,120,2023-12-09,2026-10-09,Rayon8,2024-07-10
1793,2405-L591,141,2024-05-09,2027-04-09,C18,2026-02-22
1793,2504-E391,184,2025-04-09,2028-06-09,Rayon9,2025-12-01
1794,2406-C720,72,2024-06-09,2027-08-09,D4,2026-06-27
1794,2410-N665,34,2024-10-09,2028-03-09,D12,2025-11-30
1794,2502-E901,64,2025-02-09,2028-08-09,A19,2025-05-21
1795,2409-F042,60,2024-09-09,2027-09-09,D20,2026-03-08
1795,2503-T085,40,2025-03-09,2028-01-09,C11,2025-04-02
1795,2511-K417,113,2025-11-09,2029-01-09,Rayon5,2026-05-23
1796,2409-L420,183,2024-09-09,2027-02-09,C8,2025-06-19
1796,2504-R732,69,2025-04-09,2027-06-09,B13,2025-10-26
1796,2510-E743,20,2025-10-09,2028-02-09,D1,2025-12-16
1797,2401-Z642,192,2024-01-09,2026-08-09,B15,2025-01-26
1797,2409-N432,139,2024-09-09,2027-01-09,B7,2025-01-21
1797,2508-G908,59,2025-08-09,2027-11-09,C1,2026-03-04
1798,2311-B280,145,2023-11-09,2026-12-09,A20,2025-08-10
1798,2403-J923,46,2024-03-09,2027-05-09,Rayon1,2024-08-07
1798,2408-M209,88,2024-08-09,2027-10-09,Rayon3,2025-12-29
1799,2311-D613,85,2023-11-09,2027-04-09,A6,2025-06-18
1799,2411-P603,144,2024-11-09,2027-06-09,B16,2026-01-27
1800,2409-L997,93,2024-09-09,2027-10-09,B10,2026-01-18
1800,2503-E167,117,2025-03-09,2028-02-09,B6,2026-06-16
1801,2408-P121,157,2024-08-09,2027-02-09,Rayon6,2025-07-24
1801,2503-M056,89,2025-03-09,2028-05-09,D8,2025-04-14
1802,2401-L686,129,2024-01-09,2027-03-09,C15,2024-09-03
1802,2410-Z660,140,2024-10-09,2027-08-09,B2,2025-06-14
1803,2309-Z270,127,2023-09-09,2026-08-09,B13,2023-09-21
1803,2405-Z468,78,2024-05-09,2027-10-09,D1,2025-03-08
1804,2501-G651,81,2025-01-09,2027-11-09,A18,2025-12-25
1804,2507-D642,50,2025-07-09,2028-08-09,B13,2026-01-23
1805,2408-C299,33,2024-08-09,2028-02-09,A18,2024-11-08
1805,2501-V778,93,2025-01-09,2028-08-09,Rayon5,2025-01-27
1806,2310-V969,12,2023-10-09,2027-02-09,B12,2026-06-18
1806,2408-F545,132,2024-08-09,2027-06-09,B14,2024-12-24
1806,2504-L807,158,2025-04-09,2027-11-09,D14,2025-05-06
1807,2402-B166,50,2024-02-09,2027-04-09,D18,2025-01-05
1807,2502-Z915,41,2025-02-09,2028-07-09,C20,2025-05-24
1807,2509-A852,6,2025-09-09,2028-12-09,Rayon1,2025-11-06
1808,2405-D577,103,2024-05-09,2026-10-09,C19,2025-08-09
1808,2501-C008,87,2025-01-09,2027-11-09,Rayon3,2025-08-30
1808,2508-J150,39,2025-08-09,2028-05-09,C19,2026-07-02
1809,2403-H649,87,2024-03-09,2027-01-09,Rayon7,2026-06-08
1809,2501-Z879,77,2025-01-09,2027-10-09,A4,2026-04-19
1810,2412-A623,51,2024-12-09,2028-04-09,C9,2025-07-11
1810,2505-F417,15,2025-05-09,2028-10-09,B9,2026-05-30
1811,2404-M281,61,2024-04-09,2027-06-09,A19,2024-07-31
1811,2412-W710,75,2024-12-09,2028-03-09,Rayon3,2026-04-13
1811,2511-B834,99,2025-11-09,2028-11-09,D1,2026-04-16
1812,2409-W975,168,2024-09-09,2027-02-09,Rayon9,2025-04-08
1812,2509-F235,107,2025-09-09,2027-11-09,C11,2026-02-09
1813,2411-J433,57,2024-11-09,2027-06-09,Rayon7,2025-08-08
1813,2509-T468,53,2025-09-09,2028-11-09,D9,2026-06-01
1814,2312-M429,27,2023-12-09,2026-05-09,D14,2024-04-08
1814,2411-P015,183,2024-11-09,2027-09-09,A1,2026-06-23
1814,2505-B218,145,2025-05-09,2027-10-09,B19,2025-08-01
1815,2402-E518,111,2024-02-09,2027-03-09,C12,2024-09-30
1815,2410-K483,144,2024-10-09,2028-01-09,D9,2025-04-02
1816,2410-B318,72,2024-10-09,2027-08-09,D16,2025-09-05
1816,2505-J531,174,2025-05-09,2028-04-09,D14,2025-09-30
1817,2411-G222,48,2024-11-09,2026-12-09,B12,2025-01-16
1817,2510-C566,132,2025-10-09,2028-12-09,Rayon8,2026-05-15
1817,2606-V108,135,2026-06-09,2029-03-09,D2,2026-06-16
1818,2311-C882,18,2023-11-09,2026-12-09,Rayon9,2024-07-08
1818,2411-J524,164,2024-11-09,2027-03-09,D12,2025-04-17
1818,2509-L937,49,2025-09-09,2028-11-09,D11,2026-03-01
1819,2404-Y090,98,2024-04-09,2026-10-09,D1,2026-04-30
1819,2503-B583,93,2025-03-09,2027-06-09,B18,2026-01-29
1820,2404-G625,140,2024-04-09,2026-12-09,A6,2026-03-30
1820,2412-E776,143,2024-12-09,2028-06-09,A12,2025-12-10
1820,2506-H873,151,2025-06-09,2028-09-09,B17,2026-04-01
1821,2408-F555,198,2024-08-09,2028-02-09,D8,2026-01-31
1821,2505-R723,153,2025-05-09,2028-06-09,B11,2025-05-29
1821,2509-T033,187,2025-09-09,2028-09-09,B12,2026-06-21
1822,2309-X680,185,2023-09-09,2026-09-09,D8,2025-06-01
1822,2409-D443,196,2024-09-09,2028-03-09,D6,2025-01-02
1823,2501-T727,72,2025-01-09,2028-07-09,D8,2026-06-12
1823,2507-H141,18,2025-07-09,2028-12-09,D1,2026-02-03
1823,2511-K785,126,2025-11-09,2029-04-09,D7,2026-02-22
1824,2408-X652,38,2024-08-09,2027-12-09,C6,2024-10-20
1824,2503-A055,47,2025-03-09,2028-05-09,A14,2025-12-30
1825,2411-N444,132,2024-11-09,2027-05-09,Rayon6,2026-01-26
1825,2509-Y679,85,2025-09-09,2029-03-09,B12,2025-10-21
1825,2607-W280,21,2026-07-09,2029-07-09,A8,2026-07-09
1826,2411-T392,105,2024-11-09,2027-01-09,Rayon4,2025-09-13
1826,2504-W673,105,2025-04-09,2028-03-09,C19,2025-09-12
1827,2403-C899,185,2024-03-09,2027-03-09,Rayon7,2024-06-07
1827,2502-B344,140,2025-02-09,2028-06-09,D8,2026-03-27
1827,2508-M157,85,2025-08-09,2028-08-09,A10,2025-12-06
1828,2405-W062,140,2024-05-09,2026-05-09,C17,2024-11-22
1828,2503-R109,71,2025-03-09,2027-12-09,A3,2025-10-24
1829,2412-Y984,187,2024-12-09,2027-11-09,Rayon7,2026-02-28
1829,2510-M213,112,2025-10-09,2028-05-09,D20,2026-01-07
1830,2406-A485,112,2024-06-09,2026-09-09,Rayon4,2025-07-10
1830,2501-E418,183,2025-01-09,2028-04-09,A6,2025-10-13
1830,2510-D354,167,2025-10-09,2028-08-09,D14,2026-02-20
1831,2402-C429,181,2024-02-09,2027-06-09,A16,2024-05-07
1831,2502-B842,166,2025-02-09,2028-02-09,Rayon1,2025-07-12
1831,2506-D226,111,2025-06-09,2028-07-09,B18,2025-06-14
1832,2404-P445,177,2024-04-09,2027-06-09,A3,2026-02-28
1832,2408-T645,157,2024-08-09,2028-01-09,Rayon8,2025-06-24
1833,2407-E496,81,2024-07-09,2027-05-09,Rayon3,2025-08-20
1833,2411-A165,193,2024-11-09,2027-10-09,C6,2026-04-04
1834,2401-B718,195,2024-01-09,2026-02-09,D17,2025-09-20
1834,2411-J112,40,2024-11-09,2028-04-09,C14,2025-03-04
1834,2511-E803,80,2025-11-09,2029-02-09,Rayon2,2026-02-02
1835,2312-A568,159,2023-12-09,2027-05-09,A5,2024-09-25
1835,2409-C433,188,2024-09-09,2027-08-09,C11,2025-07-20
1836,2402-L231,30,2024-02-09,2027-02-09,B2,2026-01-31
1836,2409-Z123,166,2024-09-09,2027-07-09,A13,2025-02-22
1836,2509-V199,125,2025-09-09,2028-04-09,C9,2025-10-19
1837,2409-T250,105,2024-09-09,2027-10-09,D19,2025-12-18
1837,2505-Z523,144,2025-05-09,2028-10-09,D5,2025-07-17
1837,2603-T592,154,2026-03-09,2029-06-09,D13,2026-04-24
1838,2312-W597,88,2023-12-09,2027-02-09,C17,2025-08-19
1838,2412-A129,185,2024-12-09,2028-02-09,C19,2025-11-10
1839,2409-K294,61,2024-09-09,2027-06-09,A8,2025-09-22
1839,2507-Z597,86,2025-07-09,2028-08-09,A20,2026-06-16
1839,2511-N425,59,2025-11-09,2028-09-09,Rayon2,2026-03-27
1840,2411-C650,167,2024-11-09,2028-04-09,B19,2025-03-29
1840,2511-X217,134,2025-11-09,2028-08-09,Rayon2,2026-02-11
1840,2603-W161,117,2026-03-09,2029-01-09,Rayon3,2026-03-18
1841,2404-A606,128,2024-04-09,2026-09-09,B19,2025-03-14
1841,2411-C786,151,2024-11-09,2026-12-09,Rayon7,2025-09-06
1841,2507-L176,147,2025-07-09,2028-01-09,B9,2026-06-10
1842,2310-P673,142,2023-10-09,2027-01-09,A6,2024-06-06
1842,2408-E947,192,2024-08-09,2027-07-09,D2,2025-12-01
1843,2411-F022,104,2024-11-09,2027-04-09,Rayon9,2025-11-28
1843,2508-H469,165,2025-08-09,2028-04-09,D4,2026-04-14
1843,2603-K340,98,2026-03-09,2029-07-09,A10,2026-07-05
1844,2410-P707,52,2024-10-09,2027-07-09,B13,2025-01-25
1844,2503-F906,83,2025-03-09,2027-10-09,B14,2026-04-21
1844,2510-L755,93,2025-10-09,2028-07-09,Rayon7,2025-11-17
1845,2311-H783,64,2023-11-09,2026-04-09,B20,2025-05-22
1845,2408-A053,158,2024-08-09,2026-12-09,C1,2025-01-04
1845,2503-A570,200,2025-03-09,2027-11-09,B3,2025-05-20
1846,2404-E589,82,2024-04-09,2027-04-09,C18,2025-07-01
1846,2503-J864,13,2025-03-09,2028-01-09,D9,2025-03-25
1846,2507-L903,128,2025-07-09,2029-01-09,Rayon6,2026-05-27
1847,2401-T761,170,2024-01-09,2026-03-09,D10,2024-07-25
1847,2412-E485,141,2024-12-09,2027-05-09,B11,2025-11-16
1848,2404-G382,33,2024-04-09,2027-02-09,B16,2025-04-13
1848,2503-L835,52,2025-03-09,2027-04-09,D9,2025-08-25
1849,2412-M663,176,2024-12-09,2027-04-09,C16,2025-01-08
1849,2511-M306,182,2025-11-09,2028-06-09,A20,2025-12-01
1849,2606-Y034,102,2026-06-09,2028-08-09,B6,2026-07-05
1850,2405-X889,33,2024-05-09,2027-10-09,B19,2025-11-13
1850,2505-Y510,123,2025-05-09,2027-12-09,C6,2026-01-22
1850,2605-R537,12,2026-05-09,2029-06-09,B8,2026-06-13
1851,2402-W150,52,2024-02-09,2026-08-09,Rayon8,2026-02-21
1851,2501-T284,188,2025-01-09,2027-08-09,Rayon9,2026-01-09
1851,2511-G711,108,2025-11-09,2028-01-09,B10,2025-11-11
1852,2402-Z456,186,2024-02-09,2026-07-09,D8,2024-03-29
1852,2406-L736,117,2024-06-09,2026-11-09,C16,2024-10-02
1852,2503-B533,181,2025-03-09,2027-07-09,D18,2025-10-05
1853,2412-C169,197,2024-12-09,2027-03-09,A17,2025-11-11
1853,2510-C986,55,2025-10-09,2028-06-09,C16,2026-05-28
1854,2310-A853,131,2023-10-09,2026-10-09,Rayon5,2024-10-13
1854,2402-K579,44,2024-02-09,2027-01-09,A9,2026-06-26
1854,2502-E473,69,2025-02-09,2027-04-09,A8,2025-12-24
1855,2409-A552,94,2024-09-09,2027-06-09,B14,2025-07-14
1855,2502-Z534,15,2025-02-09,2028-05-09,Rayon2,2025-12-11
1855,2509-R355,145,2025-09-09,2029-02-09,C19,2025-09-23
1856,2310-L627,72,2023-10-09,2026-09-09,D16,2025-08-30
1856,2402-X672,192,2024-02-09,2027-07-09,B13,2025-09-08
1857,2402-Y710,51,2024-02-09,2026-08-09,B2,2025-04-11
1857,2409-M218,97,2024-09-09,2027-12-09,B16,2025-06-01
1857,2501-M766,104,2025-01-09,2028-05-09,Rayon7,2025-03-27
1858,2401-L262,123,2024-01-09,2026-02-09,Rayon4,2024-05-13
1858,2412-X797,29,2024-12-09,2028-05-09,D19,2026-02-04
1858,2504-W917,74,2025-04-09,2028-10-09,D14,2026-02-09
1859,2404-A292,46,2024-04-09,2027-02-09,C18,2025-11-29
1859,2503-T327,10,2025-03-09,2028-06-09,A13,2025-10-17
1859,2510-J997,192,2025-10-09,2028-10-09,B13,2025-11-22
1860,2412-V532,55,2024-12-09,2027-07-09,B16,2025-08-12
1860,2507-P374,118,2025-07-09,2028-12-09,A8,2025-10-15
1860,2604-Z235,51,2026-04-09,2029-03-09,Rayon6,2026-06-27
1861,2406-H336,187,2024-06-09,2026-08-09,C9,2026-07-08
1861,2502-N606,194,2025-02-09,2027-04-09,D17,2025-04-04
1862,2312-W969,178,2023-12-09,2026-09-09,D13,2025-02-08
1862,2411-J022,9,2024-11-09,2027-12-09,Rayon9,2024-12-30
1863,2412-Y292,90,2024-12-09,2028-04-09,D17,2025-08-03
1863,2506-G335,170,2025-06-09,2028-07-09,Rayon6,2025-07-20
1863,2602-P130,11,2026-02-09,2028-10-09,B3,2026-06-22
1864,2401-Z830,162,2024-01-09,2026-04-09,A8,2024-04-13
1864,2410-X365,165,2024-10-09,2027-09-09,A9,2024-12-13
1864,2505-N828,23,2025-05-09,2027-12-09,A13,2025-08-09
1865,2401-K606,88,2024-01-09,2026-09-09,B19,2024-04-10
1865,2406-A722,117,2024-06-09,2027-09-09,D7,2025-10-06
1865,2411-N737,103,2024-11-09,2028-01-09,A19,2025-09-30
1866,2309-L902,150,2023-09-09,2026-10-09,B12,2024-11-01
1866,2406-L272,181,2024-06-09,2027-01-09,D8,2026-05-13
1866,2504-Y237,37,2025-04-09,2027-08-09,B20,2026-05-04
1867,2412-V431,145,2024-12-09,2027-08-09,D18,2025-11-26
1867,2504-N522,7,2025-04-09,2028-01-09,D1,2025-11-13
1867,2604-Y491,49,2026-04-09,2029-09-09,Rayon2,2026-06-23
1868,2402-D246,56,2024-02-09,2026-10-09,D16,2026-06-05
1868,2502-M037,165,2025-02-09,2028-03-09,C4,2025-12-20
1868,2509-W702,58,2025-09-09,2028-09-09,A10,2026-04-29
1869,2409-P833,190,2024-09-09,2027-10-09,B18,2026-05-06
1869,2508-N285,178,2025-08-09,2028-07-09,B14,2026-05-21
1870,2311-V131,88,2023-11-09,2026-12-09,D17,2024-11-20
1870,2404-M679,103,2024-04-09,2027-06-09,C2,2024-07-17
1870,2501-A891,153,2025-01-09,2027-08-09,A1,2026-02-21
1871,2403-B432,19,2024-03-09,2026-04-09,D15,2025-03-23
1871,2501-T176,111,2025-01-09,2027-02-09,B11,2025-10-02
1872,2410-C985,182,2024-10-09,2028-03-09,Rayon3,2025-07-10
1872,2506-M630,49,2025-06-09,2028-08-09,Rayon5,2026-03-04
1872,2606-L641,120,2026-06-09,2029-11-09,Rayon5,2026-07-02
1873,2409-H283,48,2024-09-09,2028-02-09,Rayon7,2024-10-04
1873,2501-B750,96,2025-01-09,2028-05-09,D4,2026-06-06
1874,2404-H865,121,2024-04-09,2026-12-09,A8,2026-06-23
1874,2504-W727,49,2025-04-09,2028-08-09,B3,2025-10-28
1875,2404-R432,67,2024-04-09,2027-04-09,C6,2025-12-14
1875,2411-Y238,66,2024-11-09,2028-01-09,D9,2025-02-09
1875,2510-M729,55,2025-10-09,2028-10-09,B3,2026-02-19
1876,2311-G942,198,2023-11-09,2026-12-09,C14,2025-06-07
1876,2406-D496,122,2024-06-09,2027-10-09,A6,2024-07-01
1876,2411-H442,45,2024-11-09,2028-02-09,C19,2025-01-06
1877,2409-P082,133,2024-09-09,2026-10-09,Rayon3,2025-01-01
1877,2509-B884,26,2025-09-09,2028-08-09,A15,2026-03-21
1878,2311-T979,58,2023-11-09,2026-10-09,C20,2025-09-29
1878,2403-Z250,128,2024-03-09,2027-04-09,D3,2024-04-07
1879,2410-V352,148,2024-10-09,2027-08-09,Rayon8,2025-06-23
1879,2506-Z557,8,2025-06-09,2028-06-09,B12,2026-07-04
1879,2605-L631,148,2026-05-09,2029-09-09,C10,2026-05-17
1880,2408-D002,72,2024-08-09,2027-01-09,Rayon9,2026-03-26
1880,2505-V431,166,2025-05-09,2028-06-09,B1,2026-04-05
1881,2311-N291,46,2023-11-09,2026-11-09,B15,2024-02-10
1881,2409-H669,133,2024-09-09,2027-10-09,Rayon2,2024-11-07
1882,2406-P008,62,2024-06-09,2027-08-09,Rayon7,2024-12-28
1882,2410-D340,101,2024-10-09,2027-10-09,D11,2025-07-18
1882,2508-N425,132,2025-08-09,2028-01-09,C14,2025-08-13
1883,2312-X520,43,2023-12-09,2026-03-09,Rayon5,2025-02-03
1883,2409-D951,138,2024-09-09,2027-09-09,B20,2026-03-04
1884,2406-X365,184,2024-06-09,2027-01-09,B5,2026-04-18
1884,2410-K328,101,2024-10-09,2027-09-09,D15,2025-12-23
1884,2510-Y691,190,2025-10-09,2028-05-09,A3,2025-12-22
1885,2310-D654,139,2023-10-09,2026-12-09,D17,2026-07-09
1885,2403-T816,35,2024-03-09,2027-02-09,D11,2025-01-29
1886,2403-D538,149,2024-03-09,2026-09-09,A9,2024-08-12
1886,2410-K725,9,2024-10-09,2027-09-09,A13,2025-10-22
1886,2505-Z028,79,2025-05-09,2028-11-09,D16,2025-12-24
1887,2309-G359,32,2023-09-09,2026-05-09,D11,2026-02-22
1887,2408-X768,102,2024-08-09,2026-09-09,Rayon2,2025-07-04
1887,2503-Z205,186,2025-03-09,2027-09-09,Rayon8,2025-08-25
1888,2403-X690,18,2024-03-09,2027-05-09,A11,2026-03-15
1888,2503-G146,130,2025-03-09,2027-06-09,B9,2025-06-14
1888,2603-W431,50,2026-03-09,2028-04-09,B18,2026-03-20
1889,2312-V377,12,2023-12-09,2026-10-09,C14,2026-02-20
1889,2409-V662,99,2024-09-09,2026-11-09,A13,2025-02-18
1889,2503-T579,83,2025-03-09,2027-10-09,A20,2025-11-16
1890,2410-J918,160,2024-10-09,2026-12-09,D13,2024-10-23
1890,2504-E722,124,2025-04-09,2027-10-09,A6,2025-12-23
1890,2509-C935,67,2025-09-09,2027-11-09,C19,2026-03-23
1891,2408-R852,74,2024-08-09,2026-11-09,Rayon1,2024-08-20
1891,2412-T839,49,2024-12-09,2028-05-09,C9,2026-01-06
1892,2312-P291,111,2023-12-09,2027-05-09,C15,2026-03-09
1892,2409-W168,197,2024-09-09,2027-11-09,C2,2024-12-05
1893,2309-Z143,132,2023-09-09,2026-03-09,D9,2024-10-20
1893,2404-D810,132,2024-04-09,2027-03-09,D5,2026-01-30
1894,2310-T213,4,2023-10-09,2025-11-09,A16,2026-02-08
1894,2405-E909,56,2024-05-09,2026-12-09,D13,2025-01-20
1894,2410-N049,186,2024-10-09,2027-12-09,D7,2025-03-28
1895,2501-E061,82,2025-01-09,2027-08-09,A14,2025-04-12
1895,2510-Y326,192,2025-10-09,2028-06-09,A15,2026-01-01
1896,2311-W190,46,2023-11-09,2027-03-09,C12,2025-02-01
1896,2404-P173,178,2024-04-09,2027-06-09,C3,2026-03-25
1896,2408-K146,169,2024-08-09,2027-08-09,A20,2025-07-18
1897,2401-B577,70,2024-01-09,2026-03-09,A7,2024-01-14
1897,2408-C934,192,2024-08-09,2027-11-09,D19,2026-01-20
1898,2406-H724,94,2024-06-09,2026-11-09,Rayon2,2025-03-30
1898,2506-P524,130,2025-06-09,2028-11-09,C19,2026-03-24
1898,2603-F638,113,2026-03-09,2029-03-09,Rayon4,2026-05-30
1899,2409-X611,124,2024-09-09,2028-01-09,Rayon4,2025-11-23
1899,2508-E993,29,2025-08-09,2028-11-09,A14,2025-09-05
1899,2607-F197,97,2026-07-09,2029-03-09,D7,2026-07-10
1900,2406-K705,180,2024-06-09,2027-12-09,C14,2024-12-06
1900,2504-K526,122,2025-04-09,2028-06-09,A6,2025-10-07
1901,2411-H546,93,2024-11-09,2028-01-09,A17,2025-08-02
1901,2503-E439,130,2025-03-09,2028-03-09,B18,2025-04-20
1901,2603-W023,196,2026-03-09,2029-07-09,B8,2026-04-03
1902,2401-Z262,61,2024-01-09,2026-04-09,Rayon5,2024-02-10
1902,2408-Z827,129,2024-08-09,2027-06-09,Rayon4,2026-01-06
1902,2507-P404,164,2025-07-09,2028-03-09,B16,2026-04-17
1903,2403-D290,31,2024-03-09,2026-05-09,A17,2025-10-29
1903,2502-X629,164,2025-02-09,2028-08-09,B7,2025-08-18
1904,2404-Y252,50,2024-04-09,2026-11-09,A15,2024-11-07
1904,2504-D457,139,2025-04-09,2028-02-09,C11,2025-05-25
1904,2602-K063,192,2026-02-09,2028-11-09,D10,2026-04-29
1905,2405-P444,118,2024-05-09,2026-10-09,Rayon1,2025-06-25
1905,2412-Y457,128,2024-12-09,2028-04-09,A19,2026-06-29
1906,2310-Z472,58,2023-10-09,2025-11-09,A11,2025-11-09
1906,2403-W180,45,2024-03-09,2026-10-09,D1,2026-06-30
1906,2412-R405,14,2024-12-09,2028-02-09,Rayon1,2025-05-29
1907,2309-B350,198,2023-09-09,2026-05-09,A19,2024-09-27
1907,2409-C547,89,2024-09-09,2027-12-09,C8,2025-09-23
1907,2501-F725,47,2025-01-09,2028-01-09,B19,2025-12-10
1908,2311-B130,156,2023-11-09,2027-03-09,B12,2025-09-02
1908,2408-N752,134,2024-08-09,2027-06-09,Rayon4,2026-05-08
1908,2504-P295,149,2025-04-09,2028-07-09,A18,2025-04-25
1909,2410-H789,182,2024-10-09,2027-05-09,C17,2024-12-20
1909,2504-T828,137,2025-04-09,2028-09-09,A3,2025-09-09
1909,2604-L544,109,2026-04-09,2029-08-09,A11,2026-06-15
1910,2401-D341,159,2024-01-09,2026-05-09,Rayon4,2024-05-30
1910,2410-T652,115,2024-10-09,2026-12-09,C1,2024-10-26
1911,2501-V242,170,2025-01-09,2027-04-09,B17,2026-06-12
1911,2601-J027,190,2026-01-09,2029-04-09,A6,2026-06-10
1912,2310-K055,139,2023-10-09,2027-04-09,Rayon6,2025-06-12
1912,2405-B706,118,2024-05-09,2027-10-09,B2,2025-11-02
1913,2403-F372,174,2024-03-09,2027-06-09,A19,2024-11-05
1913,2501-V633,125,2025-01-09,2028-04-09,Rayon8,2026-04-28
1913,2507-V488,192,2025-07-09,2028-09-09,B4,2025-08-05
1914,2309-C701,158,2023-09-09,2026-11-09,B7,2025-10-21
1914,2401-H707,200,2024-01-09,2027-01-09,D9,2024-09-06
1915,2309-F898,27,2023-09-09,2025-11-09,D8,2023-12-07
1915,2404-J155,119,2024-04-09,2027-10-09,Rayon2,2026-01-05
1915,2412-G640,92,2024-12-09,2028-03-09,C17,2025-01-23
1916,2401-M956,131,2024-01-09,2027-02-09,C1,2025-07-28
1916,2409-D472,23,2024-09-09,2027-06-09,C2,2024-12-02
1916,2503-V471,16,2025-03-09,2028-09-09,Rayon5,2025-08-10
1917,2409-L239,148,2024-09-09,2027-06-09,Rayon6,2025-04-19
1917,2508-C970,130,2025-08-09,2027-11-09,A20,2025-12-22
1918,2401-C674,142,2024-01-09,2027-01-09,C2,2025-06-29
1918,2405-M528,63,2024-05-09,2027-04-09,Rayon2,2025-01-14
1918,2502-V355,195,2025-02-09,2027-10-09,B14,2025-12-08
1919,2405-K960,81,2024-05-09,2027-03-09,A10,2025-02-26
1919,2412-D001,107,2024-12-09,2027-11-09,A17,2025-11-12
1919,2508-H977,154,2025-08-09,2029-01-09,A7,2026-01-20
1920,2501-F549,160,2025-01-09,2028-06-09,A16,2025-01-29
1920,2508-M505,59,2025-08-09,2028-08-09,Rayon3,2025-08-13
1920,2604-B627,181,2026-04-09,2028-11-09,B17,2026-05-24
1921,2404-A065,145,2024-04-09,2026-12-09,D3,2026-04-04
1921,2409-Z907,47,2024-09-09,2027-09-09,Rayon6,2026-01-24
1922,2312-C683,128,2023-12-09,2027-02-09,C1,2024-05-16
1922,2408-H415,166,2024-08-09,2027-08-09,B2,2025-05-11
1922,2504-T864,151,2025-04-09,2028-02-09,C2,2025-08-31
1923,2409-A989,143,2024-09-09,2028-02-09,D2,2024-10-07
1923,2505-L505,177,2025-05-09,2028-03-09,A17,2026-01-24
1923,2605-F517,93,2026-05-09,2028-07-09,Rayon7,2026-06-14
1924,2406-P351,108,2024-06-09,2026-10-09,C5,2026-03-07
1924,2503-J984,40,2025-03-09,2027-12-09,A19,2026-03-23
1925,2501-A638,87,2025-01-09,2027-10-09,A19,2025-07-16
1925,2507-W996,94,2025-07-09,2028-07-09,D1,2026-03-20
1925,2605-N725,38,2026-05-09,2029-05-09,B6,2026-06-05
1926,2410-H804,82,2024-10-09,2027-03-09,A8,2026-02-27
1926,2509-J341,17,2025-09-09,2028-05-09,D19,2026-06-30
1927,2411-L406,141,2024-11-09,2028-03-09,Rayon4,2026-07-06
1927,2503-C761,140,2025-03-09,2028-05-09,A19,2025-10-27
1928,2412-R589,100,2024-12-09,2028-02-09,Rayon1,2026-03-28
1928,2511-X444,153,2025-11-09,2028-06-09,C7,2026-02-17
1929,2408-V921,173,2024-08-09,2027-07-09,Rayon4,2025-08-26
1929,2503-F936,145,2025-03-09,2027-08-09,B7,2025-09-05
1930,2310-G334,59,2023-10-09,2025-12-09,D7,2024-07-05
1930,2407-C264,98,2024-07-09,2027-09-09,B11,2025-06-02
1931,2410-H740,159,2024-10-09,2026-12-09,B9,2025-09-13
1931,2502-C380,105,2025-02-09,2028-05-09,B10,2025-08-09
1932,2311-G008,115,2023-11-09,2027-03-09,A20,2024-11-22
1932,2410-F254,103,2024-10-09,2028-03-09,A20,2025-11-03
1932,2505-F424,179,2025-05-09,2028-06-09,C19,2025-08-18
1933,2409-R915,106,2024-09-09,2027-01-09,B4,2026-01-24
1933,2502-N689,33,2025-02-09,2027-11-09,A6,2025-03-06
1934,2402-H964,171,2024-02-09,2027-05-09,B8,2024-09-27
1934,2407-G211,14,2024-07-09,2028-01-09,B19,2024-07-16
1935,2402-X957,83,2024-02-09,2026-04-09,A1,2025-01-17
1935,2408-W447,200,2024-08-09,2027-07-09,B9,2025-12-29
1935,2412-Y916,29,2024-12-09,2027-10-09,Rayon4,2025-08-02
1936,2311-T749,114,2023-11-09,2026-11-09,C6,2026-02-03
1936,2407-E692,179,2024-07-09,2027-10-09,A5,2025-07-27
1936,2505-C957,114,2025-05-09,2028-04-09,Rayon1,2025-10-29
1937,2401-W387,200,2024-01-09,2027-03-09,C3,2024-12-28
1937,2411-Y901,187,2024-11-09,2027-12-09,C11,2026-04-25
1937,2507-F757,41,2025-07-09,2028-08-09,D15,2025-11-18
1938,2409-W313,186,2024-09-09,2027-10-09,Rayon7,2025-06-20
1938,2506-B527,36,2025-06-09,2028-05-09,A6,2025-09-20
1939,2410-K115,71,2024-10-09,2027-01-09,C3,2025-07-13
1939,2508-N962,164,2025-08-09,2028-02-09,Rayon8,2025-12-27
1940,2412-F293,168,2024-12-09,2027-05-09,Rayon2,2025-11-07
1940,2505-Z044,19,2025-05-09,2028-03-09,Rayon4,2025-05-09
1940,2604-K645,183,2026-04-09,2029-07-09,A13,2026-04-17
1941,2405-T129,41,2024-05-09,2027-01-09,A6,2026-05-09
1941,2501-D531,42,2025-01-09,2027-06-09,D7,2025-09-15
1942,2407-W139,162,2024-07-09,2027-01-09,C6,2024-10-04
1942,2411-V042,153,2024-11-09,2027-03-09,D5,2025-07-23
1942,2506-L145,151,2025-06-09,2028-05-09,C20,2025-07-25
1943,2401-R523,55,2024-01-09,2026-07-09,D8,2025-12-01
1943,2410-L012,77,2024-10-09,2027-12-09,B19,2025-10-04
1943,2507-H962,144,2025-07-09,2028-05-09,A9,2025-10-13
1944,2412-F483,34,2024-12-09,2026-12-09,Rayon5,2025-03-20
1944,2504-H609,54,2025-04-09,2028-05-09,C11,2026-02-28
1945,2309-N009,48,2023-09-09,2026-12-09,B8,2025-06-09
1945,2408-F086,82,2024-08-09,2027-06-09,B12,2024-08-14
1946,2403-Y175,53,2024-03-09,2026-03-09,Rayon7,2025-03-04
1946,2410-B602,187,2024-10-09,2027-06-09,A13,2025-12-10
1947,2405-W859,124,2024-05-09,2027-09-09,B19,2025-03-12
1947,2410-Z960,189,2024-10-09,2028-03-09,A13,2025-09-22
1948,2403-T305,120,2024-03-09,2026-03-09,Rayon8,2026-07-07
1948,2503-P728,156,2025-03-09,2028-09-09,A6,2026-06-04
1949,2411-A247,185,2024-11-09,2028-02-09,Rayon2,2025-07-11
1949,2507-P849,114,2025-07-09,2028-04-09,D14,2026-04-04
1950,2404-G090,189,2024-04-09,2026-12-09,A15,2024-12-02
1950,2502-D187,63,2025-02-09,2027-03-09,C12,2026-05-09
1951,2311-D281,175,2023-11-09,2026-11-09,A20,2026-03-09
1951,2403-J767,133,2024-03-09,2027-05-09,C19,2025-02-06
1952,2401-E551,104,2024-01-09,2026-09-09,Rayon6,2026-06-08
1952,2411-L001,170,2024-11-09,2028-05-09,D6,2026-02-02
1952,2505-V823,158,2025-05-09,2028-07-09,C7,2026-03-06
1953,2309-L095,122,2023-09-09,2026-02-09,D1,2025-06-19
1953,2404-K726,113,2024-04-09,2026-08-09,Rayon5,2025-08-28
1954,2410-H549,163,2024-10-09,2027-12-09,C13,2025-07-18
1954,2509-H403,128,2025-09-09,2028-06-09,C5,2025-11-06
1954,2606-X198,28,2026-06-09,2029-10-09,C18,2026-07-09
1955,2411-J873,24,2024-11-09,2027-05-09,A13,2025-12-16
1955,2504-T713,79,2025-04-09,2027-10-09,Rayon7,2025-12-17
1955,2603-K793,184,2026-03-09,2029-05-09,B8,2026-06-02
1956,2309-X553,115,2023-09-09,2026-05-09,A1,2023-10-16
1956,2407-N731,138,2024-07-09,2026-07-09,A4,2026-01-20
1956,2503-Z589,158,2025-03-09,2027-03-09,C10,2025-10-25
1957,2408-G738,110,2024-08-09,2026-11-09,D3,2024-08-21
1957,2412-T065,104,2024-12-09,2028-06-09,D15,2025-07-30
1957,2504-C239,178,2025-04-09,2028-09-09,B11,2026-05-19
1958,2404-M670,137,2024-04-09,2026-06-09,B16,2025-08-07
1958,2410-L416,83,2024-10-09,2027-02-09,C17,2026-03-18
1959,2410-V037,39,2024-10-09,2027-01-09,B20,2025-07-28
1959,2508-A874,20,2025-08-09,2028-01-09,D12,2026-03-25
1960,2408-N579,50,2024-08-09,2027-03-09,B18,2026-06-30
1960,2502-Z761,185,2025-02-09,2028-07-09,B16,2025-03-17
1961,2409-B094,102,2024-09-09,2027-08-09,A6,2025-07-11
1961,2503-N185,103,2025-03-09,2028-09-09,D7,2026-01-23
1962,2311-T076,106,2023-11-09,2025-11-09,D15,2025-08-29
1962,2411-F353,107,2024-11-09,2027-08-09,A19,2024-12-04
1962,2504-D856,9,2025-04-09,2027-09-09,D20,2025-07-07
1963,2311-W750,148,2023-11-09,2025-12-09,A8,2025-03-16
1963,2408-E003,25,2024-08-09,2027-06-09,C15,2026-02-08
1964,2405-Y857,36,2024-05-09,2027-05-09,Rayon3,2025-02-21
1964,2410-B276,113,2024-10-09,2027-08-09,A1,2025-10-11
1965,2411-T658,153,2024-11-09,2027-05-09,Rayon7,2025-12-16
1965,2503-Z090,87,2025-03-09,2028-01-09,C4,2025-08-30
1965,2509-Z873,10,2025-09-09,2028-02-09,B13,2026-03-03
1966,2410-V108,187,2024-10-09,2027-02-09,B6,2025-06-04
1966,2508-A855,85,2025-08-09,2028-09-09,B8,2026-02-18
1967,2410-J014,47,2024-10-09,2026-12-09,Rayon8,2024-12-22
1967,2508-B309,162,2025-08-09,2027-11-09,C13,2026-06-29
1967,2606-Z343,77,2026-06-09,2029-04-09,D11,2026-07-04
1968,2406-W227,51,2024-06-09,2027-12-09,D17,2025-11-25
1968,2502-K231,54,2025-02-09,2028-06-09,Rayon7,2025-12-28
1969,2403-J095,32,2024-03-09,2026-10-09,D14,2025-11-17
1969,2412-C595,107,2024-12-09,2028-01-09,B8,2025-08-08
1970,2407-Y096,7,2024-07-09,2027-12-09,C7,2026-03-12
1970,2501-W481,99,2025-01-09,2028-06-09,C20,2025-02-08
1970,2507-E614,186,2025-07-09,2028-12-09,A7,2026-03-25
1971,2409-V094,198,2024-09-09,2027-01-09,Rayon3,2026-06-29
1971,2507-L915,190,2025-07-09,2028-05-09,B19,2025-12-10
1972,2404-K261,85,2024-04-09,2026-09-09,A14,2024-06-06
1972,2409-G056,174,2024-09-09,2027-05-09,A3,2025-10-11
1973,2401-A085,94,2024-01-09,2027-07-09,A8,2026-06-07
1973,2407-F115,191,2024-07-09,2027-10-09,D16,2024-08-14
1974,2407-M153,120,2024-07-09,2027-01-09,B5,2024-08-24
1974,2503-H153,121,2025-03-09,2027-12-09,A19,2025-09-04
1974,2508-L182,142,2025-08-09,2028-01-09,D11,2025-11-22
1975,2409-K779,177,2024-09-09,2026-09-09,Rayon7,2025-01-23
1975,2508-A131,74,2025-08-09,2028-09-09,C16,2026-05-03
1975,2606-K730,37,2026-06-09,2028-12-09,D19,2026-06-23
1976,2412-M493,40,2024-12-09,2027-11-09,D10,2025-02-24
1976,2511-J244,122,2025-11-09,2028-04-09,D10,2025-12-07
1976,2607-M990,147,2026-07-09,2028-08-09,Rayon3,2026-07-10
1977,2411-B991,174,2024-11-09,2027-09-09,A17,2026-03-06
1977,2510-G546,93,2025-10-09,2028-06-09,Rayon8,2026-05-03
1977,2604-H634,80,2026-04-09,2029-09-09,B14,2026-04-24
1978,2312-X021,167,2023-12-09,2026-08-09,C13,2025-08-30
1978,2410-G803,76,2024-10-09,2027-05-09,Rayon9,2025-01-12
1978,2507-K000,159,2025-07-09,2028-03-09,C7,2025-07-23
1979,2312-B914,49,2023-12-09,2026-01-09,Rayon1,2026-01-24
1979,2407-Y695,199,2024-07-09,2026-12-09,D15,2024-09-15
1980,2309-D922,134,2023-09-09,2026-10-09,B13,2024-01-05
1980,2405-E042,117,2024-05-09,2027-01-09,A7,2026-04-16
1981,2310-K479,100,2023-10-09,2026-06-09,A6,2025-06-05
1981,2404-B505,58,2024-04-09,2027-10-09,Rayon8,2026-02-25
1982,2410-C997,14,2024-10-09,2027-07-09,A16,2025-04-15
1982,2503-F912,126,2025-03-09,2028-08-09,C17,2026-05-20
1982,2507-L347,138,2025-07-09,2029-01-09,D15,2025-09-10
1983,2402-Y160,85,2024-02-09,2026-12-09,B3,2024-03-21
1983,2406-N874,49,2024-06-09,2027-11-09,A4,2024-11-20
1984,2403-W586,124,2024-03-09,2027-01-09,A15,2024-04-05
1984,2501-D891,29,2025-01-09,2027-05-09,C19,2025-07-25
1984,2509-R019,191,2025-09-09,2028-02-09,A19,2026-06-23
1985,2402-W140,106,2024-02-09,2027-08-09,D20,2025-10-16
1985,2501-L994,117,2025-01-09,2027-10-09,A2,2025-04-11
1986,2404-J253,125,2024-04-09,2026-07-09,B2,2025-08-30
1986,2412-G746,182,2024-12-09,2027-05-09,Rayon8,2025-05-08
1986,2506-N381,12,2025-06-09,2027-10-09,D13,2026-06-27
1987,2401-R805,177,2024-01-09,2026-11-09,C13,2024-01-13
1987,2407-T121,117,2024-07-09,2027-01-09,Rayon3,2024-12-24
1987,2505-C163,55,2025-05-09,2027-07-09,A5,2025-06-08
1988,2309-E258,130,2023-09-09,2027-01-09,D3,2025-04-04
1988,2408-A467,172,2024-08-09,2027-07-09,A8,2025-10-17
1989,2403-F214,181,2024-03-09,2026-06-09,A7,2025-07-03
1989,2407-R361,10,2024-07-09,2027-08-09,Rayon4,2026-02-19
1990,2312-G147,52,2023-12-09,2027-01-09,B9,2026-04-05
1990,2407-L481,71,2024-07-09,2027-06-09,B14,2025-09-02
1990,2412-T210,128,2024-12-09,2027-11-09,D8,2026-04-22
1991,2412-P920,195,2024-12-09,2027-05-09,D4,2025-07-26
1991,2508-Z998,43,2025-08-09,2028-04-09,C15,2026-04-21
1991,2606-A275,127,2026-06-09,2029-03-09,C5,2026-06-28
1992,2408-N055,198,2024-08-09,2027-12-09,B9,2025-01-11
1992,2502-C338,40,2025-02-09,2028-04-09,Rayon8,2025-03-03
1992,2508-N465,52,2025-08-09,2028-09-09,D5,2026-04-07
1993,2310-H685,6,2023-10-09,2026-12-09,Rayon6,2023-11-15
1993,2402-M762,136,2024-02-09,2027-05-09,Rayon1,2024-04-20
1993,2407-G840,24,2024-07-09,2027-07-09,A14,2024-08-02
1994,2408-Z179,49,2024-08-09,2027-04-09,D11,2024-09-01
1994,2412-B548,70,2024-12-09,2028-04-09,C9,2025-07-27
1995,2412-W344,81,2024-12-09,2028-05-09,B20,2026-05-01
1995,2509-B051,191,2025-09-09,2028-07-09,A6,2025-09-25
1996,2401-C186,43,2024-01-09,2027-07-09,D9,2025-07-27
1996,2501-L487,175,2025-01-09,2028-01-09,A9,2025-09-29
1996,2510-D385,185,2025-10-09,2028-07-09,B4,2025-10-11
1997,2408-C845,34,2024-08-09,2028-01-09,Rayon1,2025-12-18
1997,2502-V297,49,2025-02-09,2028-03-09,Rayon5,2025-09-13
1997,2510-T778,6,2025-10-09,2028-10-09,D20,2026-02-09
1998,2411-T371,43,2024-11-09,2026-12-09,A3,2026-07-01
1998,2506-C416,6,2025-06-09,2027-12-09,Rayon3,2025-07-28
1999,2409-K944,70,2024-09-09,2027-05-09,D10,2025-10-16
1999,2508-N654,98,2025-08-09,2028-06-09,A3,2026-03-12
2000,2404-T471,170,2024-04-09,2027-09-09,D15,2024-07-11
2000,2408-A856,188,2024-08-09,2028-01-09,C15,2024-08-24
2001,2411-M860,179,2024-11-09,2027-05-09,A7,2026-01-06
2001,2507-Z894,40,2025-07-09,2028-11-09,C5,2026-06-30
2002,2412-E493,188,2024-12-09,2027-10-09,D10,2025-04-30
2002,2504-J974,52,2025-04-09,2028-01-09,A3,2025-09-27
2002,2602-J113,61,2026-02-09,2028-06-09,B15,2026-06-06
2003,2409-N737,116,2024-09-09,2027-07-09,B10,2026-01-21
2003,2503-E173,124,2025-03-09,2027-10-09,D10,2026-02-28
2003,2511-M078,106,2025-11-09,2028-08-09,B15,2026-05-18
2004,2408-G727,133,2024-08-09,2027-11-09,B12,2024-12-12
2004,2508-T304,99,2025-08-09,2028-11-09,B12,2025-08-15
2004,2512-P399,9,2025-12-09,2029-04-09,A17,2026-03-30
2005,2407-B765,142,2024-07-09,2027-12-09,C13,2025-07-26
2005,2412-A749,131,2024-12-09,2028-04-09,D7,2025-01-13
2006,2309-L985,75,2023-09-09,2027-03-09,D3,2026-05-19
2006,2408-T368,56,2024-08-09,2027-07-09,C12,2025-05-14
2006,2503-A016,145,2025-03-09,2027-12-09,A18,2025-08-07
2007,2411-H819,32,2024-11-09,2028-02-09,C20,2026-05-04
2007,2510-J740,77,2025-10-09,2028-07-09,Rayon1,2026-03-27
2008,2402-A005,63,2024-02-09,2026-05-09,A17,2024-06-17
2008,2502-H766,185,2025-02-09,2028-01-09,D8,2025-08-10
2008,2601-E962,181,2026-01-09,2028-04-09,C18,2026-06-21
2009,2404-A818,115,2024-04-09,2027-07-09,B7,2024-12-13
2009,2408-E306,199,2024-08-09,2028-01-09,B15,2025-05-04
2009,2504-V035,83,2025-04-09,2028-06-09,C6,2026-01-03
2010,2402-H450,18,2024-02-09,2027-05-09,B12,2026-01-03
2010,2406-E752,94,2024-06-09,2027-09-09,B10,2025-11-07
2010,2501-G361,63,2025-01-09,2028-07-09,Rayon4,2025-04-06
2011,2501-N112,22,2025-01-09,2028-03-09,D18,2025-10-12
2011,2507-H587,66,2025-07-09,2028-08-09,B2,2026-04-18
2012,2309-T135,42,2023-09-09,2026-05-09,D6,2025-08-23
2012,2408-N739,63,2024-08-09,2027-09-09,B4,2026-03-08
2012,2507-F942,146,2025-07-09,2028-07-09,D20,2025-10-31
2013,2410-Y294,194,2024-10-09,2027-09-09,A9,2025-03-16
2013,2502-W838,15,2025-02-09,2028-03-09,C6,2026-04-24
2013,2507-M147,82,2025-07-09,2028-06-09,Rayon6,2025-08-31
2014,2309-V562,52,2023-09-09,2026-05-09,Rayon6,2025-09-20
2014,2405-B726,28,2024-05-09,2026-06-09,Rayon8,2024-06-11
2014,2504-V118,66,2025-04-09,2028-06-09,A1,2025-09-07
2015,2310-M675,105,2023-10-09,2026-06-09,A20,2025-01-10
2015,2405-H657,73,2024-05-09,2027-04-09,C5,2026-04-10
2016,2410-B513,80,2024-10-09,2027-03-09,A11,2025-01-21
2016,2508-M067,59,2025-08-09,2027-09-09,A13,2026-05-07
2017,2412-B790,117,2024-12-09,2028-06-09,D8,2025-05-11
2017,2507-T534,200,2025-07-09,2028-08-09,A18,2026-06-21
2018,2310-X872,98,2023-10-09,2026-11-09,D5,2024-11-02
2018,2403-Z047,63,2024-03-09,2027-01-09,C11,2025-08-08
2019,2501-C530,115,2025-01-09,2027-09-09,C3,2026-05-03
2019,2601-B300,200,2026-01-09,2028-01-09,Rayon5,2026-03-26
2019,2606-D040,54,2026-06-09,2028-11-09,B4,2026-06-27
2020,2404-M481,169,2024-04-09,2026-05-09,A19,2026-01-28
2020,2503-Y017,189,2025-03-09,2028-05-09,D16,2025-05-21
2021,2310-G667,172,2023-10-09,2025-10-09,A20,2024-04-16
2021,2402-L817,11,2024-02-09,2026-03-09,B16,2026-04-28
2022,2412-E539,173,2024-12-09,2027-03-09,D17,2026-05-22
2022,2504-Y174,59,2025-04-09,2028-07-09,B12,2026-01-24
2023,2403-D072,44,2024-03-09,2026-06-09,A7,2025-09-18
2023,2412-Y193,189,2024-12-09,2028-04-09,D6,2026-05-09
2023,2508-M090,143,2025-08-09,2029-02-09,C5,2025-12-08
2024,2402-Z148,54,2024-02-09,2026-08-09,B13,2025-07-28
2024,2411-Z487,172,2024-11-09,2028-05-09,C12,2026-03-19
2024,2505-E144,40,2025-05-09,2028-09-09,D10,2025-07-22
2025,2401-K782,166,2024-01-09,2027-06-09,D7,2025-04-02
2025,2412-X509,51,2024-12-09,2027-08-09,D8,2025-05-27
2025,2511-V143,20,2025-11-09,2028-01-09,A17,2025-11-17
2026,2309-L144,180,2023-09-09,2026-08-09,A12,2025-09-21
2026,2402-K554,49,2024-02-09,2026-09-09,A11,2025-06-02
2027,2309-H289,138,2023-09-09,2026-11-09,C2,2024-08-18
2027,2408-W364,165,2024-08-09,2026-12-09,B16,2025-07-02
2027,2501-P484,8,2025-01-09,2027-11-09,A11,2025-06-07
2028,2501-T014,77,2025-01-09,2027-06-09,C19,2025-05-30
2028,2510-F450,115,2025-10-09,2028-12-09,C7,2026-05-13
2029,2407-F000,46,2024-07-09,2026-12-09,Rayon5,2025-05-04
2029,2504-P999,64,2025-04-09,2027-06-09,Rayon9,2026-02-03
2030,2406-N022,65,2024-06-09,2027-02-09,D11,2025-01-03
2030,2412-T341,88,2024-12-09,2028-05-09,A20,2026-01-29
2031,2311-H549,190,2023-11-09,2027-01-09,A2,2023-11-30
2031,2409-K950,76,2024-09-09,2027-04-09,Rayon5,2026-06-13
2031,2503-F994,42,2025-03-09,2027-10-09,D18,2025-11-05
2032,2411-A434,177,2024-11-09,2027-10-09,C9,2025-10-13
2032,2510-E013,121,2025-10-09,2028-11-09,C15,2025-10-24
2033,2407-X677,97,2024-07-09,2026-09-09,C1,2026-04-28
2033,2412-Y243,8,2024-12-09,2027-09-09,Rayon8,2024-12-10
2034,2310-C886,169,2023-10-09,2025-12-09,Rayon6,2024-03-21
2034,2408-H490,35,2024-08-09,2026-11-09,D7,2026-01-27
2034,2508-N681,40,2025-08-09,2029-02-09,Rayon8,2025-08-22
2035,2412-F532,24,2024-12-09,2027-09-09,A19,2025-08-26
2035,2504-J384,118,2025-04-09,2028-07-09,B3,2026-02-09
2035,2602-H470,40,2026-02-09,2029-03-09,Rayon9,2026-02-10
2036,2408-R149,96,2024-08-09,2027-11-09,C8,2026-04-13
2036,2503-J815,44,2025-03-09,2028-03-09,A12,2025-07-20
2036,2511-J771,127,2025-11-09,2028-10-09,A2,2026-04-12
2037,2402-F337,28,2024-02-09,2026-12-09,C2,2024-06-28
2037,2410-Y374,129,2024-10-09,2027-01-09,A10,2026-02-19
2038,2311-T973,166,2023-11-09,2027-02-09,Rayon2,2023-12-22
2038,2407-R014,112,2024-07-09,2027-10-09,C17,2024-08-14
2038,2507-H776,171,2025-07-09,2028-11-09,B19,2026-05-19
2039,2501-E743,174,2025-01-09,2027-08-09,A6,2026-04-28
2039,2601-P531,40,2026-01-09,2029-06-09,B14,2026-01-28
2040,2309-B338,150,2023-09-09,2026-05-09,D8,2023-10-09
2040,2403-R891,166,2024-03-09,2026-07-09,B20,2024-03-22
2041,2406-B583,154,2024-06-09,2026-09-09,A11,2026-05-01
2041,2412-B554,72,2024-12-09,2027-08-09,A7,2025-07-18
2042,2312-X852,182,2023-12-09,2027-01-09,C8,2025-04-10
2042,2406-Y743,185,2024-06-09,2027-02-09,B19,2026-02-27
2043,2501-H847,114,2025-01-09,2028-05-09,Rayon5,2026-03-12
2043,2508-P271,192,2025-08-09,2028-08-09,D6,2025-09-29
2044,2403-A490,104,2024-03-09,2027-08-09,C20,2025-11-23
2044,2407-A378,151,2024-07-09,2027-12-09,C20,2026-04-24
2045,2411-K582,180,2024-11-09,2027-08-09,C2,2026-05-14
2045,2509-N340,165,2025-09-09,2029-02-09,C18,2026-06-05
2045,2607-T736,82,2026-07-09,2029-10-09,D5,2026-07-09
2046,2312-L630,48,2023-12-09,2027-03-09,A5,2025-08-21
2046,2404-V648,178,2024-04-09,2027-10-09,Rayon7,2024-11-08
2046,2411-H017,71,2024-11-09,2028-01-09,B14,2026-06-23
2047,2310-J527,14,2023-10-09,2025-10-09,B7,2026-04-16
2047,2403-F153,151,2024-03-09,2027-02-09,A3,2025-05-06
2047,2408-C455,193,2024-08-09,2027-04-09,Rayon2,2025-01-01
2048,2408-G355,15,2024-08-09,2027-02-09,C4,2025-12-06
2048,2505-P598,68,2025-05-09,2027-10-09,C5,2026-02-17
2048,2601-G667,155,2026-01-09,2029-03-09,A14,2026-02-21
2049,2407-A718,53,2024-07-09,2027-08-09,D17,2025-05-10
2049,2501-R058,139,2025-01-09,2028-02-09,C15,2025-04-20
2050,2312-M286,9,2023-12-09,2027-05-09,C20,2025-05-11
2050,2404-Y275,96,2024-04-09,2027-09-09,B16,2025-03-07
2051,2412-G298,59,2024-12-09,2027-06-09,B4,2025-01-05
2051,2512-R385,165,2025-12-09,2028-12-09,D10,2026-01-25
2051,2606-E990,193,2026-06-09,2029-02-09,A11,2026-07-07
2052,2404-C050,19,2024-04-09,2027-09-09,B13,2026-03-12
2052,2409-Y211,66,2024-09-09,2028-01-09,B11,2026-05-31
2053,2501-L230,145,2025-01-09,2027-04-09,Rayon5,2025-01-26
2053,2511-N542,196,2025-11-09,2028-06-09,D10,2026-01-20
2054,2408-T468,31,2024-08-09,2027-03-09,Rayon8,2024-11-10
2054,2502-X567,65,2025-02-09,2028-04-09,A19,2025-03-24
2054,2506-J303,55,2025-06-09,2028-12-09,Rayon2,2025-09-24
2055,2401-B029,134,2024-01-09,2026-06-09,B6,2026-01-13
2055,2411-T384,127,2024-11-09,2026-11-09,A13,2025-10-31
2056,2402-V610,200,2024-02-09,2027-08-09,A6,2025-04-26
2056,2411-Z777,114,2024-11-09,2028-01-09,Rayon6,2025-10-27
2057,2410-E701,197,2024-10-09,2027-07-09,D17,2026-06-29
2057,2505-K004,134,2025-05-09,2028-05-09,C18,2025-08-17
2057,2512-B315,52,2025-12-09,2028-07-09,Rayon2,2026-02-13
2058,2411-V286,193,2024-11-09,2028-04-09,A14,2025-09-29
2058,2504-W633,40,2025-04-09,2028-08-09,A1,2025-11-11
2059,2311-F729,74,2023-11-09,2025-12-09,Rayon2,2025-01-12
2059,2403-P276,135,2024-03-09,2027-01-09,D14,2025-06-16
2060,2310-Y754,119,2023-10-09,2026-02-09,D18,2024-05-17
2060,2404-W833,104,2024-04-09,2026-08-09,A2,2025-01-12
2060,2504-A395,7,2025-04-09,2028-03-09,Rayon6,2025-04-21
2061,2411-P259,102,2024-11-09,2028-04-09,Rayon3,2026-06-30
2061,2504-L452,127,2025-04-09,2028-07-09,A18,2025-12-13
2062,2408-M473,152,2024-08-09,2027-08-09,B6,2024-11-01
2062,2502-F045,14,2025-02-09,2028-01-09,C12,2026-02-06
2062,2508-L041,192,2025-08-09,2028-12-09,A20,2025-09-16
2063,2406-X854,83,2024-06-09,2027-04-09,D19,2025-10-05
2063,2502-J423,144,2025-02-09,2028-01-09,A18,2025-02-14
2063,2509-M831,104,2025-09-09,2028-12-09,A6,2026-05-21
2064,2404-Y758,195,2024-04-09,2026-04-09,D14,2024-05-17
2064,2408-H692,101,2024-08-09,2027-02-09,D16,2024-08-11
2065,2412-Y545,69,2024-12-09,2027-09-09,B7,2025-05-15
2065,2506-V119,162,2025-06-09,2028-05-09,D4,2026-03-13
2065,2601-N839,190,2026-01-09,2029-01-09,B19,2026-03-29
2066,2409-N949,94,2024-09-09,2027-01-09,Rayon7,2026-05-26
2066,2505-D336,71,2025-05-09,2028-02-09,A11,2025-11-23
2066,2603-B374,62,2026-03-09,2028-09-09,A16,2026-04-17
2067,2405-P549,158,2024-05-09,2027-02-09,B18,2025-02-14
2067,2503-F736,157,2025-03-09,2027-03-09,Rayon6,2026-04-20
2067,2507-T505,84,2025-07-09,2027-12-09,A8,2025-09-13
2068,2405-M940,154,2024-05-09,2026-09-09,Rayon7,2025-01-08
2068,2411-J319,42,2024-11-09,2027-02-09,C19,2025-02-01
2069,2310-X373,198,2023-10-09,2026-06-09,A19,2025-03-19
2069,2403-Z973,20,2024-03-09,2027-07-09,D9,2025-11-14
2070,2309-Y941,187,2023-09-09,2026-05-09,B6,2025-12-29
2070,2407-A423,111,2024-07-09,2027-05-09,C2,2024-08-18
2071,2410-A446,27,2024-10-09,2027-02-09,C1,2024-10-09
2071,2509-T472,65,2025-09-09,2028-08-09,A6,2025-09-25
2071,2604-X011,91,2026-04-09,2029-06-09,Rayon6,2026-05-30
2072,2501-Z105,146,2025-01-09,2028-04-09,A6,2025-08-19
2072,2511-L154,130,2025-11-09,2028-06-09,D15,2026-01-19
2073,2404-B594,60,2024-04-09,2026-07-09,B10,2025-07-11
2073,2412-H307,37,2024-12-09,2027-10-09,B1,2025-11-15
2074,2402-M937,62,2024-02-09,2027-05-09,D13,2026-03-26
2074,2411-Y624,119,2024-11-09,2027-07-09,C19,2025-08-02
2075,2311-V548,109,2023-11-09,2026-02-09,Rayon4,2024-01-18
2075,2408-B688,126,2024-08-09,2027-11-09,D6,2026-01-28
2076,2401-B561,165,2024-01-09,2026-06-09,Rayon3,2026-05-08
2076,2410-B117,10,2024-10-09,2028-01-09,D18,2025-03-22
2077,2408-X902,137,2024-08-09,2027-01-09,Rayon8,2025-12-05
2077,2504-B276,87,2025-04-09,2027-07-09,Rayon1,2025-07-08
2078,2311-M788,154,2023-11-09,2026-04-09,B15,2026-04-30
2078,2409-D836,145,2024-09-09,2026-11-09,Rayon4,2026-03-14
2078,2509-K977,46,2025-09-09,2028-01-09,B15,2026-07-06
2079,2312-X213,40,2023-12-09,2026-01-09,A3,2025-06-17
2079,2408-E336,121,2024-08-09,2027-09-09,C7,2024-10-05
2079,2502-E139,69,2025-02-09,2028-03-09,Rayon3,2026-06-24
2080,2407-F697,24,2024-07-09,2028-01-09,C16,2025-06-09
2080,2502-N082,193,2025-02-09,2028-07-09,Rayon3,2026-04-14
2081,2309-K689,196,2023-09-09,2026-12-09,D3,2026-04-30
2081,2403-F628,130,2024-03-09,2027-08-09,Rayon9,2024-04-30
2082,2407-W235,102,2024-07-09,2026-11-09,Rayon8,2025-12-25
2082,2506-A886,169,2025-06-09,2028-10-09,C13,2025-11-30
2083,2407-J775,199,2024-07-09,2026-07-09,A15,2025-05-11
2083,2502-E248,173,2025-02-09,2027-02-09,D20,2025-12-15
2084,2312-M052,54,2023-12-09,2026-08-09,B1,2024-06-08
2084,2406-P240,199,2024-06-09,2027-10-09,C15,2025-11-23
2084,2411-Y101,77,2024-11-09,2027-12-09,Rayon2,2025-02-16
2085,2402-F894,131,2024-02-09,2027-04-09,D3,2025-08-31
2085,2501-E110,98,2025-01-09,2027-07-09,A12,2025-12-31
2085,2512-T347,196,2025-12-09,2028-10-09,C8,2025-12-21
2086,2411-R448,105,2024-11-09,2028-04-09,B9,2025-08-20
2086,2506-Z807,56,2025-06-09,2028-05-09,C1,2026-01-15
2087,2406-F638,115,2024-06-09,2026-10-09,C10,2025-10-04
2087,2506-K045,198,2025-06-09,2027-11-09,B17,2025-07-04
2088,2311-P551,47,2023-11-09,2026-12-09,B20,2026-03-12
2088,2410-J310,25,2024-10-09,2028-03-09,B9,2025-03-18
2088,2510-D976,54,2025-10-09,2028-07-09,Rayon3,2026-04-24
2089,2408-B146,143,2024-08-09,2027-12-09,B13,2025-11-12
2089,2504-E175,59,2025-04-09,2028-07-09,D12,2026-01-04
2089,2602-E254,32,2026-02-09,2029-04-09,B10,2026-04-18
2090,2401-P948,137,2024-01-09,2026-09-09,B2,2024-01-26
2090,2501-D472,67,2025-01-09,2027-08-09,C7,2026-06-30
2091,2410-D856,45,2024-10-09,2028-01-09,C11,2025-07-12
2091,2509-M803,137,2025-09-09,2028-09-09,C14,2025-10-06
2091,2607-R049,145,2026-07-09,2029-04-09,A4,2026-07-09
2092,2409-Z184,91,2024-09-09,2027-03-09,C17,2025-04-13
2092,2501-V472,197,2025-01-09,2028-04-09,A4,2025-03-16
2092,2507-D277,78,2025-07-09,2028-09-09,D5,2025-12-10
2093,2409-Y203,102,2024-09-09,2026-09-09,D16,2025-09-24
2093,2505-G328,15,2025-05-09,2028-09-09,Rayon4,2025-05-26
2094,2402-E549,117,2024-02-09,2027-06-09,D1,2026-02-07
2094,2407-Y357,200,2024-07-09,2027-11-09,D18,2024-09-19
2095,2407-C524,16,2024-07-09,2026-08-09,B13,2025-06-13
2095,2505-W025,188,2025-05-09,2027-08-09,C14,2025-12-04
2095,2601-K815,166,2026-01-09,2028-11-09,B15,2026-02-27
2096,2406-E668,160,2024-06-09,2027-09-09,Rayon9,2026-07-02
2096,2506-Y894,169,2025-06-09,2027-11-09,Rayon4,2026-04-13
2096,2511-A079,130,2025-11-09,2028-03-09,D2,2026-03-20
2097,2310-G927,104,2023-10-09,2026-05-09,Rayon2,2024-05-21
2097,2403-M185,65,2024-03-09,2027-09-09,A5,2025-02-10
2097,2501-J698,134,2025-01-09,2028-07-09,C12,2025-04-07
2098,2310-Z024,99,2023-10-09,2026-04-09,B18,2025-12-13
2098,2404-R747,162,2024-04-09,2027-01-09,C16,2025-04-10
2098,2503-B100,51,2025-03-09,2027-08-09,A18,2025-05-26
2099,2311-G990,125,2023-11-09,2027-02-09,D2,2025-09-07
2099,2406-R528,46,2024-06-09,2027-06-09,A4,2026-04-28
2100,2405-Y487,35,2024-05-09,2027-05-09,Rayon8,2025-03-07
2100,2410-M097,194,2024-10-09,2027-10-09,D7,2025-02-09
2100,2506-M776,40,2025-06-09,2028-12-09,D9,2025-06-09
2101,2409-Y673,68,2024-09-09,2027-05-09,C11,2025-10-11
2101,2504-R587,79,2025-04-09,2028-04-09,B16,2025-07-28
2101,2511-L171,50,2025-11-09,2028-07-09,D16,2026-06-20
2102,2407-Y915,39,2024-07-09,2026-10-09,C16,2026-01-24
2102,2503-L708,111,2025-03-09,2027-05-09,A11,2026-07-03
2102,2512-T340,59,2025-12-09,2028-10-09,C2,2025-12-16
2103,2406-F954,79,2024-06-09,2026-07-09,C11,2025-02-07
2103,2504-B249,25,2025-04-09,2028-06-09,D1,2026-03-14
2103,2508-Y188,172,2025-08-09,2028-11-09,B20,2025-10-28
2104,2409-V898,163,2024-09-09,2027-09-09,D2,2025-01-21
2104,2501-G681,125,2025-01-09,2028-03-09,A8,2025-10-21
2105,2403-K219,61,2024-03-09,2026-11-09,C3,2025-11-07
2105,2502-T707,192,2025-02-09,2027-09-09,D11,2025-06-18
2105,2507-F644,164,2025-07-09,2028-08-09,D9,2026-02-02
2106,2407-E529,138,2024-07-09,2027-09-09,B4,2025-11-06
2106,2501-A954,26,2025-01-09,2027-12-09,C14,2025-02-15
2107,2407-X426,168,2024-07-09,2027-11-09,Rayon3,2025-09-15
2107,2503-X917,105,2025-03-09,2028-04-09,C12,2025-08-11
2107,2512-P023,158,2025-12-09,2029-03-09,Rayon6,2026-01-25
2108,2408-M582,162,2024-08-09,2027-03-09,C20,2025-11-11
2108,2508-J917,185,2025-08-09,2027-11-09,D16,2025-10-18
2108,2604-K631,22,2026-04-09,2028-08-09,B20,2026-07-03
2109,2411-D977,23,2024-11-09,2027-06-09,D12,2026-05-16
2109,2511-D658,91,2025-11-09,2028-07-09,B15,2026-01-04
2109,2607-A038,164,2026-07-09,2028-11-09,Rayon1,2026-07-10
2110,2312-C334,116,2023-12-09,2027-01-09,C14,2026-03-10
2110,2406-W779,93,2024-06-09,2027-03-09,D13,2026-02-26
2111,2408-J315,92,2024-08-09,2027-08-09,C17,2025-11-13
2111,2507-E249,77,2025-07-09,2028-06-09,Rayon8,2025-12-10
2112,2409-H791,49,2024-09-09,2027-08-09,D7,2024-12-05
2112,2502-F965,165,2025-02-09,2027-12-09,A18,2026-01-29
2112,2507-X624,162,2025-07-09,2028-10-09,C6,2026-05-08
2113,2401-T050,102,2024-01-09,2026-12-09,A7,2025-08-12
2113,2409-D823,133,2024-09-09,2027-11-09,C1,2025-01-03
2114,2405-R509,122,2024-05-09,2027-01-09,C13,2025-05-20
2114,2409-L578,129,2024-09-09,2028-03-09,A18,2025-06-03
2114,2506-Y264,113,2025-06-09,2028-09-09,B11,2025-11-19
2115,2312-K554,36,2023-12-09,2027-03-09,Rayon8,2025-03-03
2115,2406-Y062,40,2024-06-09,2027-07-09,A9,2026-03-14
2115,2504-F513,122,2025-04-09,2027-12-09,A11,2025-08-09
2116,2403-F137,54,2024-03-09,2026-12-09,B6,2024-05-11
2116,2408-K238,4,2024-08-09,2027-07-09,D15,2025-12-01
2116,2501-P164,123,2025-01-09,2028-04-09,A6,2026-07-01
2117,2406-V539,186,2024-06-09,2027-12-09,Rayon4,2024-11-10
2117,2502-L164,63,2025-02-09,2028-02-09,D14,2025-10-07
2117,2508-N041,145,2025-08-09,2028-07-09,Rayon5,2026-05-06
2118,2312-N204,173,2023-12-09,2026-01-09,D7,2025-04-04
2118,2411-F617,96,2024-11-09,2027-08-09,C4,2025-06-21
2119,2402-C280,190,2024-02-09,2026-04-09,Rayon4,2025-03-24
2119,2412-C306,39,2024-12-09,2028-05-09,Rayon8,2026-06-29
2119,2508-B457,79,2025-08-09,2028-11-09,A15,2026-02-10
2120,2405-F604,152,2024-05-09,2027-03-09,Rayon9,2026-03-26
2120,2501-Z325,163,2025-01-09,2027-11-09,C20,2026-04-01
2120,2508-X103,63,2025-08-09,2028-01-09,A8,2026-03-21
2121,2309-A173,87,2023-09-09,2026-01-09,Rayon6,2024-11-25
2121,2401-H838,126,2024-01-09,2026-04-09,C5,2025-02-24
2122,2501-H898,192,2025-01-09,2028-01-09,Rayon8,2026-01-02
2122,2509-F033,117,2025-09-09,2029-03-09,A16,2025-11-11
2122,2602-V167,159,2026-02-09,2029-06-09,B4,2026-02-15
2123,2411-P911,97,2024-11-09,2028-02-09,D20,2025-11-29
2123,2507-G055,72,2025-07-09,2028-08-09,D2,2026-04-09
2123,2607-E189,166,2026-07-09,2029-12-09,D13,2026-07-10
2124,2403-G860,129,2024-03-09,2026-08-09,C12,2025-11-15
2124,2411-N343,7,2024-11-09,2027-09-09,C20,2025-02-22
2125,2311-K937,33,2023-11-09,2026-03-09,A19,2024-02-15
2125,2409-G808,79,2024-09-09,2027-05-09,B12,2024-10-22
2126,2407-C851,138,2024-07-09,2027-06-09,Rayon6,2026-07-04
2126,2506-R064,199,2025-06-09,2028-04-09,Rayon9,2026-04-14
2127,2407-X822,177,2024-07-09,2027-07-09,Rayon2,2025-08-31
2127,2411-B250,179,2024-11-09,2027-12-09,D13,2026-04-09
2128,2411-C864,59,2024-11-09,2028-03-09,C9,2026-05-12
2128,2511-Y786,130,2025-11-09,2029-03-09,A15,2026-04-16
2128,2607-T965,48,2026-07-09,2030-01-09,C20,2026-07-09
2129,2501-P674,190,2025-01-09,2027-02-09,D5,2026-04-08
2129,2506-V635,22,2025-06-09,2028-12-09,B3,2025-12-11
2129,2602-R232,184,2026-02-09,2029-04-09,C14,2026-06-19
2130,2405-M510,198,2024-05-09,2026-10-09,C20,2024-09-29
2130,2501-K171,104,2025-01-09,2027-06-09,A19,2025-09-01
2130,2509-T754,78,2025-09-09,2028-07-09,Rayon5,2025-10-09
2131,2501-B286,39,2025-01-09,2028-01-09,C8,2026-05-30
2131,2601-L881,81,2026-01-09,2028-11-09,B4,2026-05-20
2131,2604-M305,126,2026-04-09,2029-04-09,Rayon8,2026-06-05
2132,2410-F333,193,2024-10-09,2028-01-09,C10,2025-01-16
2132,2507-B120,24,2025-07-09,2028-11-09,D7,2025-11-29
2133,2309-V471,117,2023-09-09,2025-12-09,A1,2026-04-13
2133,2404-F942,137,2024-04-09,2027-08-09,D3,2025-03-02
2134,2411-C038,154,2024-11-09,2027-11-09,Rayon9,2024-12-25
2134,2505-E409,39,2025-05-09,2028-04-09,D7,2025-06-02
2134,2602-W732,73,2026-02-09,2028-10-09,C17,2026-06-16
2135,2411-D654,80,2024-11-09,2027-04-09,B7,2026-04-24
2135,2503-F160,121,2025-03-09,2027-05-09,A9,2025-10-27
2135,2509-G441,151,2025-09-09,2028-11-09,D13,2026-07-05
2136,2311-C064,198,2023-11-09,2025-12-09,Rayon1,2025-08-05
2136,2408-K995,144,2024-08-09,2026-08-09,C12,2025-02-23
2137,2407-B370,187,2024-07-09,2026-09-09,C8,2024-11-29
2137,2506-J553,155,2025-06-09,2028-03-09,A13,2026-02-15
2138,2402-R477,142,2024-02-09,2027-01-09,A9,2025-02-17
2138,2501-R209,183,2025-01-09,2028-04-09,Rayon7,2025-12-10
2139,2311-E502,197,2023-11-09,2026-01-09,C19,2025-01-26
2139,2407-J424,21,2024-07-09,2027-01-09,A17,2026-03-16
2139,2504-T980,77,2025-04-09,2028-10-09,B8,2026-02-19
2140,2407-C793,199,2024-07-09,2027-07-09,B3,2025-08-31
2140,2412-V930,177,2024-12-09,2027-08-09,A2,2025-03-06
2140,2510-V870,18,2025-10-09,2029-01-09,C7,2026-03-03
2141,2403-V857,86,2024-03-09,2027-06-09,A20,2024-07-30
2141,2411-P580,14,2024-11-09,2027-10-09,C8,2025-09-26
2141,2504-R265,191,2025-04-09,2028-08-09,B11,2026-03-09
2142,2403-B008,197,2024-03-09,2027-02-09,C17,2024-04-12
2142,2409-D306,5,2024-09-09,2027-09-09,Rayon8,2026-01-14
2142,2508-L990,156,2025-08-09,2029-01-09,A16,2025-10-28
2143,2401-F632,92,2024-01-09,2026-06-09,A18,2024-06-04
2143,2409-C138,172,2024-09-09,2027-08-09,Rayon2,2026-04-15
2144,2310-P085,200,2023-10-09,2025-10-09,D13,2024-03-05
2144,2402-D088,82,2024-02-09,2027-02-09,B3,2024-12-11
2145,2408-T948,24,2024-08-09,2028-01-09,D19,2024-08-20
2145,2501-L575,88,2025-01-09,2028-03-09,Rayon3,2025-03-22
2146,2405-R673,123,2024-05-09,2026-09-09,B5,2024-06-23
2146,2410-D108,11,2024-10-09,2027-06-09,C6,2026-05-16
2147,2312-N183,175,2023-12-09,2026-12-09,Rayon2,2025-11-04
2147,2410-L175,45,2024-10-09,2028-03-09,D18,2025-08-05
2148,2411-E622,135,2024-11-09,2028-03-09,D12,2025-10-19
2148,2509-N594,24,2025-09-09,2028-11-09,A10,2026-06-27
2149,2311-P178,134,2023-11-09,2026-02-09,Rayon4,2024-07-25
2149,2407-X641,137,2024-07-09,2027-09-09,C18,2024-09-26
2149,2501-Y047,138,2025-01-09,2027-11-09,Rayon7,2025-12-17
2150,2403-F277,75,2024-03-09,2026-07-09,A20,2025-11-28
2150,2503-L485,163,2025-03-09,2028-04-09,D18,2025-11-15
2151,2311-K589,179,2023-11-09,2026-03-09,A5,2023-11-17
2151,2405-A594,69,2024-05-09,2027-11-09,D11,2026-02-21
2152,2402-Z787,172,2024-02-09,2026-11-09,C9,2025-12-08
2152,2410-L156,68,2024-10-09,2027-09-09,D4,2025-08-31
2153,2404-J580,140,2024-04-09,2026-06-09,A20,2025-03-21
2153,2501-L603,120,2025-01-09,2028-07-09,C20,2025-04-11
2154,2407-D903,161,2024-07-09,2026-10-09,C13,2024-10-18
2154,2501-T707,142,2025-01-09,2028-07-09,D13,2025-07-06
2155,2311-R869,196,2023-11-09,2026-08-09,Rayon4,2025-06-14
2155,2411-D055,91,2024-11-09,2027-05-09,Rayon4,2026-01-23
2156,2405-R191,174,2024-05-09,2027-05-09,B18,2024-06-07
2156,2505-G525,186,2025-05-09,2027-08-09,D12,2025-10-15
2157,2401-H364,170,2024-01-09,2027-05-09,B7,2026-06-04
2157,2501-F541,84,2025-01-09,2027-09-09,C5,2026-01-09
2157,2507-D068,38,2025-07-09,2028-10-09,B4,2025-08-25
2158,2408-K341,57,2024-08-09,2027-08-09,B6,2025-01-28
2158,2501-X537,129,2025-01-09,2028-01-09,B15,2026-01-06
2159,2409-E612,16,2024-09-09,2027-06-09,Rayon5,2025-11-26
2159,2507-X470,22,2025-07-09,2027-11-09,C19,2025-10-20
2159,2606-D985,119,2026-06-09,2028-11-09,D14,2026-06-29
2160,2501-P273,200,2025-01-09,2027-08-09,Rayon9,2025-09-06
2160,2506-C094,119,2025-06-09,2028-02-09,C17,2025-11-14
2161,2403-Y527,160,2024-03-09,2027-01-09,D1,2024-07-20
2161,2412-V466,154,2024-12-09,2027-08-09,B5,2025-12-11
2161,2504-M384,194,2025-04-09,2027-12-09,A8,2026-03-09
2162,2310-W847,57,2023-10-09,2026-05-09,Rayon1,2025-07-18
2162,2402-E399,18,2024-02-09,2026-11-09,D6,2026-06-30
2162,2407-K116,97,2024-07-09,2027-10-09,A18,2025-01-26
2163,2407-E652,29,2024-07-09,2026-09-09,D3,2024-12-12
2163,2507-T771,167,2025-07-09,2027-07-09,C14,2025-11-29
2164,2407-H409,8,2024-07-09,2026-07-09,A17,2024-07-31
2164,2505-A923,154,2025-05-09,2028-03-09,Rayon6,2025-06-05
2164,2510-H642,129,2025-10-09,2028-06-09,Rayon8,2026-06-11
2165,2405-C429,141,2024-05-09,2027-01-09,A14,2025-10-11
2165,2412-K638,195,2024-12-09,2027-02-09,B2,2024-12-30
2166,2412-N606,139,2024-12-09,2027-04-09,Rayon3,2025-06-10
2166,2506-C403,63,2025-06-09,2028-12-09,B13,2026-04-04
2167,2309-C870,153,2023-09-09,2026-04-09,Rayon8,2025-09-16
2167,2407-M128,96,2024-07-09,2026-12-09,D20,2025-11-27
2167,2501-P615,72,2025-01-09,2027-08-09,A9,2025-06-15
2168,2404-G668,59,2024-04-09,2026-08-09,C18,2025-06-19
2168,2501-L454,116,2025-01-09,2027-08-09,C18,2025-06-25
2168,2601-L711,75,2026-01-09,2029-01-09,C10,2026-01-09
2169,2310-W027,96,2023-10-09,2026-04-09,D18,2024-10-02
2169,2408-Z278,86,2024-08-09,2027-02-09,B2,2025-04-06
2169,2504-C839,107,2025-04-09,2027-06-09,Rayon4,2026-05-07
2170,2401-W709,42,2024-01-09,2026-01-09,D9,2024-03-28
2170,2412-D778,197,2024-12-09,2028-04-09,C8,2025-02-13
2171,2412-F150,145,2024-12-09,2027-10-09,D4,2025-07-21
2171,2511-V804,190,2025-11-09,2028-10-09,Rayon5,2025-12-12
2171,2606-H405,18,2026-06-09,2029-02-09,A16,2026-07-06
2172,2401-R369,62,2024-01-09,2026-07-09,B3,2026-03-26
2172,2411-H780,194,2024-11-09,2027-11-09,A6,2026-06-13
2173,2311-P875,41,2023-11-09,2027-02-09,C20,2025-11-14
2173,2406-L612,199,2024-06-09,2027-08-09,Rayon4,2024-07-21
2174,2412-F845,5,2024-12-09,2027-03-09,Rayon7,2024-12-12
2174,2505-R296,45,2025-05-09,2028-05-09,C18,2025-12-12
2175,2412-K470,30,2024-12-09,2028-02-09,C12,2025-11-13
2175,2507-R247,23,2025-07-09,2028-06-09,B19,2025-12-12
2176,2404-K439,39,2024-04-09,2027-02-09,Rayon8,2025-01-12
2176,2504-P235,111,2025-04-09,2027-05-09,B13,2025-05-08
2177,2411-C765,28,2024-11-09,2026-12-09,Rayon8,2025-11-19
2177,2507-E217,50,2025-07-09,2027-10-09,D14,2025-11-30
2177,2601-X233,198,2026-01-09,2029-02-09,A11,2026-05-03
2178,2402-B096,54,2024-02-09,2027-05-09,Rayon2,2026-01-30
2178,2412-R239,74,2024-12-09,2027-10-09,D17,2026-01-05
2179,2402-P155,185,2024-02-09,2026-02-09,C18,2025-11-21
2179,2407-N671,183,2024-07-09,2027-04-09,C17,2025-06-20
2180,2404-J862,12,2024-04-09,2026-07-09,Rayon7,2024-10-18
2180,2503-J263,178,2025-03-09,2027-11-09,A17,2025-06-20
2180,2601-F675,187,2026-01-09,2028-04-09,Rayon8,2026-01-12
2181,2407-D415,33,2024-07-09,2026-11-09,D16,2025-02-26
2181,2501-P335,41,2025-01-09,2027-08-09,Rayon7,2025-09-14
2182,2408-L184,25,2024-08-09,2027-08-09,B11,2024-12-01
2182,2508-Y118,111,2025-08-09,2028-08-09,C13,2026-03-10
2183,2312-C532,61,2023-12-09,2027-01-09,Rayon1,2025-01-19
2183,2404-K670,114,2024-04-09,2027-10-09,A14,2024-10-14
2184,2407-F145,6,2024-07-09,2027-02-09,Rayon4,2026-06-02
2184,2504-F907,161,2025-04-09,2027-09-09,D16,2026-06-01
2185,2409-X919,198,2024-09-09,2028-01-09,B8,2025-10-22
2185,2503-B665,119,2025-03-09,2028-07-09,Rayon7,2026-04-27
2185,2507-B443,79,2025-07-09,2028-10-09,D14,2025-12-15
2186,2309-R616,78,2023-09-09,2026-01-09,Rayon8,2024-01-22
2186,2404-N818,23,2024-04-09,2026-06-09,C12,2025-06-10
2186,2409-B397,108,2024-09-09,2026-10-09,A18,2024-12-05
2187,2404-H695,54,2024-04-09,2027-08-09,B7,2025-05-04
2187,2412-E379,168,2024-12-09,2027-10-09,C14,2026-01-22
2188,2311-D502,14,2023-11-09,2026-08-09,C12,2024-06-22
2188,2411-T268,18,2024-11-09,2027-08-09,Rayon6,2026-06-26
2188,2508-G947,90,2025-08-09,2027-11-09,Rayon4,2025-10-24
2189,2407-K092,9,2024-07-09,2027-05-09,A19,2025-05-19
2189,2503-G877,23,2025-03-09,2027-11-09,D10,2025-04-13
2189,2508-F344,18,2025-08-09,2027-12-09,B14,2025-09-13
2190,2402-C836,74,2024-02-09,2027-05-09,Rayon5,2025-10-19
2190,2408-Z461,8,2024-08-09,2027-10-09,A19,2024-09-17
2190,2503-L520,29,2025-03-09,2027-12-09,D11,2025-12-07
2191,2402-V821,95,2024-02-09,2026-05-09,C3,2026-05-09
2191,2407-D762,126,2024-07-09,2026-08-09,C14,2026-03-07
2191,2502-H039,101,2025-02-09,2028-06-09,D8,2026-02-16
2192,2411-G330,120,2024-11-09,2027-12-09,B8,2026-04-30
2192,2503-X110,116,2025-03-09,2028-02-09,Rayon8,2026-02-05
2192,2510-D397,97,2025-10-09,2028-04-09,D5,2026-04-26
2193,2310-X617,25,2023-10-09,2026-06-09,A4,2024-05-24
2193,2408-A069,61,2024-08-09,2027-02-09,C4,2025-02-05
2193,2502-M445,5,2025-02-09,2027-10-09,C5,2026-05-10
2194,2404-Y966,39,2024-04-09,2027-04-09,C10,2024-04-22
2194,2501-H870,35,2025-01-09,2028-02-09,A16,2025-06-08
2195,2501-V125,125,2025-01-09,2027-10-09,Rayon8,2025-08-10
2195,2509-V335,43,2025-09-09,2028-04-09,Rayon5,2026-05-11
2196,2405-X693,54,2024-05-09,2027-03-09,Rayon1,2025-06-18
2196,2503-H644,109,2025-03-09,2027-07-09,A12,2026-02-23
2197,2501-Y399,25,2025-01-09,2028-05-09,B14,2025-06-09
2197,2601-P776,186,2026-01-09,2029-05-09,C13,2026-04-19
2198,2410-G002,37,2024-10-09,2028-04-09,C18,2025-11-05
2198,2503-X545,148,2025-03-09,2028-10-09,Rayon9,2026-03-24
2199,2410-Z955,14,2024-10-09,2028-02-09,D12,2026-06-05
2199,2507-A849,33,2025-07-09,2028-08-09,A12,2025-09-20
2200,2408-D126,189,2024-08-09,2027-02-09,A19,2025-07-03
2200,2504-Z250,182,2025-04-09,2027-06-09,C12,2025-06-13
2200,2604-Y434,39,2026-04-09,2029-06-09,D14,2026-04-21
2201,2411-L914,157,2024-11-09,2027-04-09,D6,2026-06-21
2201,2505-B643,134,2025-05-09,2027-09-09,Rayon9,2025-11-19
2202,2404-X942,147,2024-04-09,2027-02-09,C20,2026-05-30
2202,2504-R741,73,2025-04-09,2027-07-09,A5,2025-06-14
2203,2411-B983,85,2024-11-09,2027-05-09,D20,2024-11-21
2203,2504-L268,164,2025-04-09,2027-08-09,D10,2025-10-29
2203,2511-A762,153,2025-11-09,2028-01-09,A10,2025-12-12
2204,2412-J481,136,2024-12-09,2026-12-09,B3,2026-05-20
2204,2512-M533,63,2025-12-09,2029-01-09,Rayon3,2026-05-02
2204,2605-Z519,73,2026-05-09,2029-06-09,Rayon1,2026-07-08
2205,2310-T814,139,2023-10-09,2026-05-09,D17,2025-04-01
2205,2404-E146,85,2024-04-09,2026-12-09,A16,2025-04-24
2206,2501-L053,47,2025-01-09,2027-01-09,B8,2025-12-27
2206,2509-H729,197,2025-09-09,2028-02-09,A16,2026-03-22
2206,2607-P724,131,2026-07-09,2029-06-09,C1,2026-07-09
2207,2312-H176,94,2023-12-09,2026-01-09,B17,2024-12-10
2207,2405-W696,27,2024-05-09,2027-01-09,C15,2025-03-31
2208,2404-Z542,30,2024-04-09,2027-06-09,D9,2026-02-26
2208,2412-E269,117,2024-12-09,2027-11-09,C1,2026-02-08
2208,2511-W411,166,2025-11-09,2029-04-09,Rayon4,2026-02-11
2209,2311-W918,38,2023-11-09,2026-09-09,A11,2024-05-08
2209,2408-G470,37,2024-08-09,2027-05-09,A10,2025-07-23
2210,2501-K150,9,2025-01-09,2027-12-09,Rayon6,2026-06-07
2210,2507-T228,194,2025-07-09,2028-03-09,Rayon7,2025-07-27
2211,2501-V859,103,2025-01-09,2027-10-09,A5,2026-03-04
2211,2601-C408,149,2026-01-09,2029-07-09,D11,2026-04-06
2211,2606-L380,162,2026-06-09,2029-08-09,Rayon4,2026-06-13
2212,2312-M774,128,2023-12-09,2026-07-09,B2,2025-03-11
2212,2409-G632,189,2024-09-09,2026-12-09,D4,2025-01-04
2212,2501-F275,95,2025-01-09,2028-04-09,A9,2025-09-16
2213,2412-H649,170,2024-12-09,2027-08-09,B10,2026-05-26
2213,2505-N577,34,2025-05-09,2027-12-09,Rayon2,2026-03-03
2214,2405-E531,111,2024-05-09,2027-04-09,Rayon7,2025-12-28
2214,2503-F964,172,2025-03-09,2027-05-09,C3,2026-02-21
2214,2602-N306,53,2026-02-09,2028-10-09,D16,2026-03-31
2215,2408-J272,188,2024-08-09,2026-09-09,D19,2025-12-21
2215,2501-Z067,94,2025-01-09,2028-05-09,B2,2026-04-25
2215,2505-E447,85,2025-05-09,2028-10-09,B15,2025-10-19
2216,2311-J148,161,2023-11-09,2026-05-09,Rayon6,2024-01-08
2216,2409-B185,69,2024-09-09,2027-06-09,A20,2025-07-02
2216,2507-B090,172,2025-07-09,2028-04-09,C2,2025-08-21
2217,2412-B145,187,2024-12-09,2027-09-09,A18,2025-06-13
2217,2507-Y540,43,2025-07-09,2028-05-09,Rayon9,2026-01-18
2218,2409-V048,23,2024-09-09,2027-10-09,Rayon6,2025-04-04
2218,2501-N804,83,2025-01-09,2028-04-09,B5,2025-02-13
2219,2409-M497,133,2024-09-09,2028-03-09,D19,2025-12-22
2219,2508-C596,49,2025-08-09,2028-07-09,A7,2026-01-01
2220,2408-R763,164,2024-08-09,2026-11-09,Rayon8,2026-02-08
2220,2502-N677,47,2025-02-09,2027-06-09,A11,2026-03-13
2221,2412-F550,23,2024-12-09,2028-01-09,Rayon4,2025-03-15
2221,2504-C835,13,2025-04-09,2028-04-09,B5,2026-03-21
2222,2411-E224,118,2024-11-09,2027-09-09,B4,2025-03-10
2222,2504-Z044,11,2025-04-09,2028-01-09,Rayon2,2025-08-23
2223,2310-J367,17,2023-10-09,2026-05-09,Rayon1,2024-07-10
2223,2403-Y194,186,2024-03-09,2027-06-09,A10,2025-08-13
2223,2409-H360,169,2024-09-09,2027-08-09,C16,2025-12-06
2224,2406-H815,200,2024-06-09,2027-09-09,D2,2025-04-09
2224,2503-T077,92,2025-03-09,2027-11-09,A4,2025-04-04
2224,2508-Z105,12,2025-08-09,2028-03-09,A5,2026-04-08
2225,2402-E212,29,2024-02-09,2026-02-09,Rayon4,2026-02-02
2225,2407-T160,128,2024-07-09,2027-03-09,C8,2025-04-28
2225,2411-A439,33,2024-11-09,2028-02-09,C1,2025-01-09
2226,2402-Y255,41,2024-02-09,2027-08-09,B4,2026-01-10
2226,2409-T708,68,2024-09-09,2027-10-09,Rayon8,2025-05-25
2226,2508-F785,6,2025-08-09,2027-12-09,B20,2025-10-16
2227,2310-R476,186,2023-10-09,2026-09-09,D19,2024-04-18
2227,2402-J916,37,2024-02-09,2027-01-09,A11,2024-08-07
2227,2501-J838,54,2025-01-09,2028-05-09,B4,2025-05-31
2228,2407-M820,75,2024-07-09,2026-08-09,Rayon4,2024-07-27
2228,2503-A329,169,2025-03-09,2028-08-09,D12,2025-09-09
2229,2406-T514,116,2024-06-09,2027-12-09,B12,2025-10-19
2229,2502-E010,61,2025-02-09,2028-04-09,Rayon9,2026-04-10
2229,2509-G894,173,2025-09-09,2028-06-09,A6,2026-05-19
2230,2312-P545,160,2023-12-09,2026-12-09,A17,2024-11-19
2230,2406-F570,51,2024-06-09,2027-06-09,A5,2025-03-27
2231,2406-Z253,121,2024-06-09,2026-09-09,D8,2025-06-07
2231,2412-Y040,121,2024-12-09,2027-04-09,C7,2025-06-14
2231,2510-P352,44,2025-10-09,2028-04-09,A9,2025-12-28
2232,2501-P629,19,2025-01-09,2028-02-09,B17,2025-04-06
2232,2506-N667,198,2025-06-09,2028-08-09,B17,2026-04-30
2232,2606-G776,69,2026-06-09,2029-03-09,C18,2026-07-07
2233,2311-F062,197,2023-11-09,2026-05-09,D1,2025-09-03
2233,2408-M294,44,2024-08-09,2027-02-09,A20,2025-08-22
2233,2501-B665,177,2025-01-09,2027-11-09,B19,2025-08-17
2234,2312-Y877,171,2023-12-09,2027-01-09,B10,2024-10-11
2234,2405-J169,185,2024-05-09,2027-05-09,A13,2025-03-03
2235,2404-B819,118,2024-04-09,2026-10-09,C6,2025-12-25
2235,2410-A010,119,2024-10-09,2026-12-09,Rayon4,2026-05-14
2235,2506-C332,89,2025-06-09,2028-01-09,B6,2025-10-28
2236,2412-A656,178,2024-12-09,2027-10-09,B14,2025-06-22
2236,2506-G740,132,2025-06-09,2028-02-09,A3,2025-08-28
2237,2408-T582,113,2024-08-09,2028-02-09,A3,2025-10-22
2237,2505-K478,106,2025-05-09,2028-11-09,Rayon4,2025-09-26
2237,2509-D444,47,2025-09-09,2029-02-09,D8,2026-01-12
2238,2403-P319,195,2024-03-09,2026-06-09,Rayon8,2025-05-11
2238,2408-Z929,133,2024-08-09,2027-11-09,B18,2025-12-30
2239,2402-Z602,190,2024-02-09,2027-05-09,C12,2024-12-08
2239,2501-A575,74,2025-01-09,2027-09-09,A3,2026-01-20
2240,2310-B690,141,2023-10-09,2026-09-09,C13,2024-12-19
2240,2405-F284,101,2024-05-09,2027-03-09,C17,2026-05-11
2241,2408-J366,117,2024-08-09,2027-05-09,Rayon2,2026-05-17
2241,2507-B825,132,2025-07-09,2028-06-09,C9,2026-06-10
2242,2409-B298,28,2024-09-09,2026-09-09,B4,2025-02-11
2242,2505-B668,136,2025-05-09,2028-02-09,C10,2026-04-21
2243,2404-H325,194,2024-04-09,2027-05-09,B10,2025-01-16
2243,2410-V611,78,2024-10-09,2027-09-09,Rayon6,2026-05-25
2243,2508-V550,98,2025-08-09,2028-02-09,C2,2026-01-22
2244,2412-M668,65,2024-12-09,2027-03-09,D10,2026-01-01
2244,2512-X165,75,2025-12-09,2028-07-09,A8,2026-06-01
2245,2411-E595,55,2024-11-09,2026-11-09,B10,2026-02-13
2245,2511-X072,32,2025-11-09,2028-07-09,C20,2026-01-23
2246,2410-X084,28,2024-10-09,2027-09-09,Rayon2,2024-10-25
2246,2508-F358,47,2025-08-09,2028-01-09,C12,2025-11-04
2247,2403-A319,29,2024-03-09,2027-09-09,B15,2025-06-18
2247,2410-E613,64,2024-10-09,2027-11-09,Rayon8,2026-02-20
2247,2503-C603,125,2025-03-09,2028-03-09,C20,2025-08-31
2248,2412-X226,84,2024-12-09,2027-08-09,C13,2025-11-18
2248,2507-V148,36,2025-07-09,2027-11-09,C14,2025-09-07
2249,2412-A581,140,2024-12-09,2028-06-09,B20,2026-07-06
2249,2509-J089,56,2025-09-09,2029-03-09,Rayon9,2026-01-07
2249,2607-K328,84,2026-07-09,2029-06-09,B12,2026-07-09
2250,2412-B372,35,2024-12-09,2028-05-09,Rayon7,2025-01-24
2250,2507-Y926,11,2025-07-09,2028-10-09,D2,2025-11-07
2250,2602-M665,22,2026-02-09,2029-03-09,A4,2026-04-08
2251,2402-G353,194,2024-02-09,2026-04-09,Rayon3,2025-12-10
2251,2409-Y045,194,2024-09-09,2028-03-09,A3,2025-06-27
2251,2507-Z203,4,2025-07-09,2028-08-09,Rayon2,2026-03-21
2252,2309-L543,19,2023-09-09,2026-04-09,D7,2023-10-07
2252,2409-Z579,133,2024-09-09,2027-11-09,C15,2026-03-26
2252,2509-W123,170,2025-09-09,2028-12-09,D2,2026-04-06
2253,2410-H743,68,2024-10-09,2026-10-09,B13,2024-10-26
2253,2502-J246,143,2025-02-09,2027-05-09,D13,2025-07-09
2254,2408-Y804,194,2024-08-09,2027-09-09,D6,2024-09-17
2254,2501-L560,22,2025-01-09,2028-04-09,D12,2025-07-19
2255,2408-Z221,165,2024-08-09,2028-02-09,B3,2024-11-02
2255,2501-L742,39,2025-01-09,2028-05-09,D2,2025-01-15
2255,2507-H053,106,2025-07-09,2028-09-09,C18,2026-06-25
2256,2404-J808,27,2024-04-09,2027-05-09,C16,2025-03-02
2256,2412-D061,7,2024-12-09,2028-02-09,Rayon1,2025-07-21
2256,2510-G329,42,2025-10-09,2028-03-09,A15,2026-02-13
2257,2403-P892,101,2024-03-09,2026-03-09,B16,2025-09-10
2257,2411-E442,153,2024-11-09,2028-03-09,B1,2025-04-25
2258,2411-T359,96,2024-11-09,2027-03-09,D9,2026-02-22
2258,2505-J521,114,2025-05-09,2028-09-09,Rayon5,2026-03-17
2258,2603-Z814,152,2026-03-09,2029-09-09,B1,2026-05-04
2259,2312-E230,128,2023-12-09,2026-04-09,C6,2024-03-29
2259,2404-X648,171,2024-04-09,2027-05-09,A12,2026-03-09
2259,2501-Z497,166,2025-01-09,2028-02-09,Rayon4,2025-03-30
2260,2404-N936,125,2024-04-09,2027-09-09,Rayon5,2026-06-06
2260,2410-N891,185,2024-10-09,2027-11-09,A15,2025-03-02
2261,2404-R276,200,2024-04-09,2027-10-09,Rayon8,2025-09-18
2261,2502-Z749,197,2025-02-09,2027-11-09,A9,2025-10-13
2261,2512-A841,30,2025-12-09,2028-11-09,C8,2025-12-26
2262,2309-D180,6,2023-09-09,2027-02-09,B3,2025-08-29
2262,2402-T808,26,2024-02-09,2027-08-09,B20,2025-03-15
2263,2312-C841,185,2023-12-09,2027-04-09,D15,2026-03-07
2263,2410-E109,182,2024-10-09,2027-06-09,C9,2024-11-11
2264,2411-A980,117,2024-11-09,2026-11-09,A16,2026-01-04
2264,2511-B577,93,2025-11-09,2028-08-09,Rayon3,2026-05-08
2265,2403-N503,94,2024-03-09,2026-12-09,B15,2024-07-06
2265,2502-N196,119,2025-02-09,2027-11-09,D14,2025-05-13
2265,2507-B278,131,2025-07-09,2028-08-09,Rayon1,2026-01-20
2266,2406-R695,61,2024-06-09,2027-08-09,Rayon5,2025-08-07
2266,2412-G474,165,2024-12-09,2028-01-09,C16,2026-03-22
2266,2511-B661,10,2025-11-09,2028-03-09,A15,2026-05-08
2267,2411-N619,73,2024-11-09,2028-02-09,D13,2025-03-16
2267,2509-E218,116,2025-09-09,2029-01-09,C3,2025-11-13
2267,2607-B143,68,2026-07-09,2029-12-09,B11,2026-07-10
2268,2410-B800,12,2024-10-09,2027-07-09,C15,2025-08-24
2268,2502-Z944,144,2025-02-09,2028-08-09,B17,2025-04-11
2269,2312-E689,156,2023-12-09,2026-12-09,C6,2025-03-05
2269,2412-M933,34,2024-12-09,2028-04-09,D9,2026-04-04
2269,2512-K845,68,2025-12-09,2029-04-09,Rayon9,2025-12-16
2270,2405-L957,196,2024-05-09,2027-11-09,C20,2024-12-23
2270,2504-H679,63,2025-04-09,2028-01-09,A20,2026-06-13
2270,2601-Y664,72,2026-01-09,2028-04-09,D6,2026-04-19
2271,2501-G152,138,2025-01-09,2027-06-09,D2,2025-05-09
2271,2511-N531,47,2025-11-09,2028-10-09,Rayon3,2026-04-29
2271,2604-G437,191,2026-04-09,2028-12-09,D1,2026-05-02
2272,2406-Y671,17,2024-06-09,2026-09-09,D15,2024-10-13
2272,2502-R839,143,2025-02-09,2027-12-09,Rayon6,2025-05-27
2272,2508-Y874,123,2025-08-09,2028-04-09,B5,2026-06-12
2273,2311-J408,37,2023-11-09,2026-03-09,C18,2024-09-07
2273,2405-Z669,34,2024-05-09,2027-01-09,C17,2025-11-19
2273,2503-N086,163,2025-03-09,2027-12-09,C20,2025-10-20
2274,2309-D851,153,2023-09-09,2025-12-09,D6,2023-12-26
2274,2401-Y027,179,2024-01-09,2027-05-09,C2,2024-08-03
2274,2501-J024,154,2025-01-09,2027-11-09,A3,2025-02-07
2275,2311-F872,106,2023-11-09,2025-11-09,A20,2024-06-01
2275,2411-B462,142,2024-11-09,2027-10-09,A12,2025-08-12
2276,2410-W319,39,2024-10-09,2027-11-09,Rayon7,2025-10-15
2276,2507-Y615,69,2025-07-09,2028-05-09,B5,2026-05-14
2276,2511-X726,105,2025-11-09,2029-05-09,Rayon1,2026-01-01
2277,2405-T536,80,2024-05-09,2026-06-09,B11,2024-12-26
2277,2412-E064,77,2024-12-09,2027-07-09,B10,2026-05-02
2277,2512-X259,14,2025-12-09,2029-01-09,D10,2025-12-22
2278,2407-W443,100,2024-07-09,2027-04-09,Rayon9,2025-07-14
2278,2504-E136,65,2025-04-09,2028-10-09,Rayon3,2025-10-03
2278,2511-T305,44,2025-11-09,2029-04-09,A17,2026-05-09
2279,2312-X266,14,2023-12-09,2026-08-09,Rayon3,2024-03-27
2279,2404-C382,114,2024-04-09,2027-01-09,C2,2025-06-15
2279,2410-K403,9,2024-10-09,2027-02-09,C3,2024-12-07
2280,2406-P701,79,2024-06-09,2026-11-09,D7,2026-02-26
2280,2411-J259,87,2024-11-09,2027-05-09,B18,2026-04-14
2281,2311-B573,179,2023-11-09,2026-06-09,D19,2026-06-05
2281,2407-K027,123,2024-07-09,2027-10-09,C10,2026-01-03
2282,2405-C307,85,2024-05-09,2026-10-09,B11,2025-07-07
2282,2503-A891,93,2025-03-09,2028-05-09,C1,2025-07-14
2282,2603-B494,49,2026-03-09,2029-02-09,D14,2026-04-15
2283,2401-F645,21,2024-01-09,2026-11-09,Rayon7,2026-03-13
2283,2409-J793,183,2024-09-09,2027-03-09,A15,2026-05-14
2284,2310-T701,35,2023-10-09,2026-03-09,A6,2024-07-30
2284,2402-T231,55,2024-02-09,2026-10-09,D7,2025-10-19
2285,2411-R587,6,2024-11-09,2028-01-09,Rayon6,2025-12-28
2285,2503-C628,86,2025-03-09,2028-03-09,C3,2026-01-25
2285,2510-C102,181,2025-10-09,2028-07-09,B8,2025-10-26
2286,2401-E048,81,2024-01-09,2026-11-09,D5,2025-11-30
2286,2410-M727,122,2024-10-09,2027-01-09,B12,2024-11-11
2287,2409-T896,72,2024-09-09,2027-10-09,A19,2024-11-17
2287,2507-B434,189,2025-07-09,2028-02-09,A12,2025-07-31
2287,2511-K411,126,2025-11-09,2028-07-09,D11,2026-04-08
2288,2310-L950,200,2023-10-09,2026-01-09,Rayon9,2024-01-29
2288,2407-M950,12,2024-07-09,2027-09-09,D1,2025-07-25
2289,2405-H183,94,2024-05-09,2027-09-09,A11,2026-04-01
2289,2411-F128,66,2024-11-09,2027-11-09,A3,2025-08-03
2290,2412-Y864,91,2024-12-09,2028-06-09,Rayon3,2026-02-02
2290,2508-V438,71,2025-08-09,2028-08-09,A7,2026-05-02
2290,2606-E388,22,2026-06-09,2029-04-09,Rayon1,2026-07-01
2291,2407-P671,98,2024-07-09,2026-11-09,C7,2026-02-02
2291,2506-G133,5,2025-06-09,2028-01-09,D13,2026-03-11
2292,2310-X490,18,2023-10-09,2026-07-09,D10,2026-04-22
2292,2407-P706,144,2024-07-09,2026-10-09,A12,2025-02-22
2292,2412-N296,155,2024-12-09,2028-03-09,B19,2025-01-17
2293,2402-F431,186,2024-02-09,2026-12-09,D10,2025-06-03
2293,2409-X036,141,2024-09-09,2027-04-09,B6,2025-09-16
2293,2507-R933,197,2025-07-09,2028-11-09,Rayon7,2025-08-13
2294,2409-N818,159,2024-09-09,2026-09-09,C13,2024-12-30
2294,2503-G547,23,2025-03-09,2027-11-09,D5,2026-05-14
2294,2507-K777,175,2025-07-09,2027-12-09,C14,2026-06-12
2295,2411-G973,93,2024-11-09,2027-10-09,C2,2025-04-02
2295,2505-E224,183,2025-05-09,2028-02-09,D14,2025-05-14
2295,2605-G040,81,2026-05-09,2029-06-09,B16,2026-05-16
2296,2403-V285,142,2024-03-09,2026-07-09,D15,2025-10-17
2296,2412-P361,11,2024-12-09,2028-05-09,B10,2025-12-11
2297,2402-H366,82,2024-02-09,2026-10-09,D12,2026-01-09
2297,2412-G792,36,2024-12-09,2027-05-09,C8,2026-01-25
2297,2504-Z585,194,2025-04-09,2028-06-09,Rayon5,2025-07-31
2298,2407-L397,14,2024-07-09,2027-04-09,B2,2025-07-11
2298,2501-T228,71,2025-01-09,2027-06-09,D1,2025-09-12
2299,2501-Y544,156,2025-01-09,2027-04-09,Rayon8,2025-03-14
2299,2512-D235,130,2025-12-09,2029-02-09,Rayon8,2026-04-10
2300,2412-F801,22,2024-12-09,2027-07-09,Rayon3,2026-02-06
2300,2509-D691,83,2025-09-09,2028-08-09,C2,2025-10-06
2301,2410-B432,150,2024-10-09,2026-12-09,B4,2025-12-04
2301,2507-P703,94,2025-07-09,2028-10-09,B6,2026-03-11
2301,2607-B133,67,2026-07-09,2029-07-09,B20,2026-07-10
2302,2411-Z940,86,2024-11-09,2028-05-09,A16,2025-12-21
2302,2507-T646,61,2025-07-09,2028-07-09,B11,2026-03-15
2303,2408-X850,150,2024-08-09,2027-11-09,Rayon4,2025-12-24
2303,2507-Y523,135,2025-07-09,2028-02-09,D19,2026-04-10
2304,2408-R099,73,2024-08-09,2027-01-09,D15,2025-03-02
2304,2505-Y679,35,2025-05-09,2028-10-09,D10,2026-01-19
2304,2605-V207,41,2026-05-09,2029-04-09,C20,2026-06-19
2305,2403-W221,155,2024-03-09,2027-06-09,A1,2024-05-31
2305,2407-M679,98,2024-07-09,2027-07-09,C5,2024-09-28
2306,2410-X604,34,2024-10-09,2028-04-09,Rayon1,2026-04-06
2306,2502-Z494,167,2025-02-09,2028-10-09,D2,2025-04-07
2307,2402-N221,52,2024-02-09,2026-03-09,D2,2025-09-27
2307,2406-B250,40,2024-06-09,2027-06-09,C13,2025-08-07
2308,2403-F770,194,2024-03-09,2026-12-09,C7,2026-04-02
2308,2501-X289,133,2025-01-09,2028-04-09,D13,2025-01-12
2308,2506-D385,124,2025-06-09,2028-07-09,B5,2025-11-30
2309,2406-M570,149,2024-06-09,2027-03-09,A16,2025-01-25
2309,2502-L564,11,2025-02-09,2028-03-09,Rayon2,2026-06-30
2309,2602-N076,81,2026-02-09,2029-05-09,C17,2026-05-22
2310,2412-V339,100,2024-12-09,2028-03-09,B20,2025-08-16
2310,2508-D964,155,2025-08-09,2028-05-09,Rayon1,2026-03-09
2310,2605-K351,7,2026-05-09,2028-08-09,D5,2026-06-25
2311,2406-F490,14,2024-06-09,2027-06-09,C5,2026-06-18
2311,2412-G326,194,2024-12-09,2027-12-09,B15,2026-03-16
2311,2508-J562,4,2025-08-09,2028-02-09,B7,2026-06-24
2312,2406-D449,105,2024-06-09,2027-11-09,C9,2026-06-11
2312,2506-C355,75,2025-06-09,2028-02-09,D12,2026-01-05
2312,2605-T121,125,2026-05-09,2029-08-09,B9,2026-06-11
2313,2404-X371,121,2024-04-09,2026-05-09,A12,2025-12-14
2313,2412-T349,98,2024-12-09,2027-11-09,B12,2025-05-18
2313,2507-C065,53,2025-07-09,2028-05-09,Rayon5,2026-02-06
2314,2404-V311,169,2024-04-09,2026-09-09,C20,2026-01-29
2314,2503-J938,30,2025-03-09,2028-02-09,B9,2026-04-27
2314,2511-G462,10,2025-11-09,2028-08-09,Rayon6,2026-05-12
2315,2309-B023,60,2023-09-09,2026-07-09,Rayon3,2026-03-07
2315,2404-R659,196,2024-04-09,2027-08-09,B10,2026-04-09
2315,2503-L678,74,2025-03-09,2027-11-09,B14,2025-07-22
2316,2311-V203,83,2023-11-09,2027-02-09,A10,2024-10-16
2316,2411-V478,24,2024-11-09,2027-03-09,Rayon7,2025-05-30
2317,2405-H802,135,2024-05-09,2027-09-09,C14,2025-10-26
2317,2412-J866,67,2024-12-09,2027-11-09,C2,2025-07-23
2318,2406-D407,17,2024-06-09,2027-05-09,C19,2024-08-22
2318,2505-D964,14,2025-05-09,2027-06-09,B19,2025-10-26
2318,2511-N764,39,2025-11-09,2028-02-09,Rayon3,2026-01-30
2319,2405-B093,9,2024-05-09,2026-10-09,C8,2024-09-08
2319,2412-P246,140,2024-12-09,2027-05-09,Rayon8,2026-07-02
2320,2312-H182,59,2023-12-09,2026-10-09,D2,2025-02-11
2320,2407-K090,22,2024-07-09,2027-01-09,C7,2025-03-04
2320,2506-L555,24,2025-06-09,2028-10-09,Rayon1,2025-10-04
2321,2310-L010,106,2023-10-09,2026-06-09,A15,2023-12-09
2321,2408-H442,70,2024-08-09,2027-07-09,A10,2026-04-05
2321,2507-B812,27,2025-07-09,2027-10-09,Rayon1,2025-10-23
2322,2309-T435,76,2023-09-09,2026-03-09,C5,2023-09-28
2322,2408-X714,114,2024-08-09,2028-02-09,B15,2025-01-13
2323,2401-N375,130,2024-01-09,2026-03-09,B8,2026-05-10
2323,2501-R927,116,2025-01-09,2027-10-09,Rayon9,2025-07-06
2324,2405-L235,123,2024-05-09,2027-04-09,B15,2025-07-31
2324,2501-G117,54,2025-01-09,2027-08-09,D3,2026-01-08
2324,2511-D097,189,2025-11-09,2029-04-09,C5,2026-05-04
2325,2409-K686,54,2024-09-09,2027-04-09,B7,2024-10-11
2325,2501-G407,37,2025-01-09,2027-07-09,B10,2025-05-25
2325,2601-Z392,178,2026-01-09,2029-05-09,C5,2026-05-26
2326,2311-K456,156,2023-11-09,2026-12-09,D3,2025-03-12
2326,2408-Z655,158,2024-08-09,2027-04-09,B5,2026-06-04
2326,2501-P946,89,2025-01-09,2027-07-09,D15,2025-06-24
2327,2403-B967,101,2024-03-09,2026-06-09,C19,2025-01-02
2327,2410-A742,174,2024-10-09,2026-10-09,Rayon6,2024-12-20
2327,2504-Z439,182,2025-04-09,2028-10-09,D14,2026-06-04
2328,2312-G000,116,2023-12-09,2026-10-09,Rayon2,2026-01-05
2328,2410-Z906,161,2024-10-09,2028-02-09,C7,2025-11-04
2329,2406-F522,197,2024-06-09,2027-09-09,Rayon4,2026-01-29
2329,2411-X869,143,2024-11-09,2028-02-09,Rayon2,2025-05-06
2329,2508-W239,86,2025-08-09,2028-05-09,B12,2026-06-06
2330,2412-G710,21,2024-12-09,2027-02-09,Rayon2,2026-04-05
2330,2509-A485,146,2025-09-09,2028-08-09,Rayon5,2025-12-01
2331,2408-H168,106,2024-08-09,2027-11-09,B20,2026-04-28
2331,2504-N556,146,2025-04-09,2028-02-09,A5,2026-06-13
2332,2403-H741,140,2024-03-09,2026-05-09,D10,2025-11-07
2332,2409-D858,131,2024-09-09,2026-10-09,D2,2026-02-27
2332,2509-H007,190,2025-09-09,2028-11-09,A2,2026-02-10
2333,2310-R089,86,2023-10-09,2026-01-09,Rayon7,2023-12-09
2333,2407-H412,118,2024-07-09,2027-08-09,C12,2025-05-19
2334,2312-R156,29,2023-12-09,2026-09-09,C16,2026-05-11
2334,2411-A685,98,2024-11-09,2026-12-09,C3,2025-03-10
2334,2506-N279,63,2025-06-09,2028-05-09,B12,2025-08-28
2335,2407-X121,82,2024-07-09,2027-08-09,B6,2024-08-10
2335,2506-C033,56,2025-06-09,2028-03-09,C4,2025-08-03
2335,2601-R371,190,2026-01-09,2028-09-09,Rayon9,2026-03-27
2336,2411-G206,127,2024-11-09,2028-02-09,D19,2025-04-01
2336,2509-E714,155,2025-09-09,2028-06-09,A6,2026-02-24
2336,2607-X622,62,2026-07-09,2029-09-09,A1,2026-07-09
2337,2404-X918,27,2024-04-09,2026-11-09,B11,2024-10-20
2337,2411-Z432,7,2024-11-09,2027-06-09,Rayon2,2026-06-09
2337,2504-G124,176,2025-04-09,2027-12-09,B17,2025-04-13
2338,2402-N570,8,2024-02-09,2027-05-09,B5,2026-07-07
2338,2407-C349,58,2024-07-09,2027-09-09,A11,2025-04-06
2338,2412-A899,160,2024-12-09,2028-01-09,C10,2026-01-07
2339,2311-G330,64,2023-11-09,2027-03-09,D5,2025-05-12
2339,2403-E581,8,2024-03-09,2027-09-09,A18,2025-08-02
2339,2501-A517,111,2025-01-09,2028-05-09,C9,2026-07-01
2340,2405-N378,60,2024-05-09,2026-08-09,D10,2024-08-25
2340,2501-D253,6,2025-01-09,2028-06-09,C7,2026-01-22
2340,2511-N167,7,2025-11-09,2028-11-09,D10,2026-07-04
2341,2404-E631,160,2024-04-09,2027-10-09,B16,2025-12-21
2341,2412-C838,61,2024-12-09,2027-11-09,A6,2025-09-28
2341,2510-W391,154,2025-10-09,2028-11-09,B13,2026-05-07
2342,2405-Y177,113,2024-05-09,2027-06-09,B9,2026-01-03
2342,2503-C122,141,2025-03-09,2028-01-09,Rayon7,2025-06-15
2342,2602-K902,177,2026-02-09,2028-11-09,Rayon1,2026-06-20
2343,2409-Z717,82,2024-09-09,2028-03-09,B13,2025-06-15
2343,2501-P559,87,2025-01-09,2028-09-09,C15,2025-07-16
2344,2412-T850,8,2024-12-09,2028-06-09,C18,2025-02-22
2344,2507-R390,161,2025-07-09,2028-07-09,A14,2025-08-07
2345,2403-V374,173,2024-03-09,2026-05-09,A16,2025-09-04
2345,2501-T556,97,2025-01-09,2028-03-09,A15,2025-04-24
2345,2505-J440,41,2025-05-09,2028-06-09,D16,2025-09-27
2346,2412-X180,15,2024-12-09,2026-12-09,D8,2026-06-22
2346,2512-P686,83,2025-12-09,2029-03-09,Rayon3,2025-12-19
2346,2607-J165,172,2026-07-09,2029-09-09,A12,2026-07-09
2347,2407-A412,170,2024-07-09,2027-12-09,A18,2025-10-29
2347,2412-J035,45,2024-12-09,2028-03-09,A20,2025-12-07
2347,2509-H731,60,2025-09-09,2028-08-09,Rayon5,2026-02-11
2348,2410-G388,76,2024-10-09,2027-04-09,Rayon1,2026-04-18
2348,2510-L400,49,2025-10-09,2029-01-09,B19,2026-03-02
2349,2401-J799,18,2024-01-09,2027-05-09,C20,2024-03-29
2349,2408-P762,165,2024-08-09,2027-08-09,B8,2024-11-04
2350,2410-B158,87,2024-10-09,2027-05-09,B14,2026-05-13
2350,2509-K200,146,2025-09-09,2028-05-09,C13,2026-05-13
2350,2603-P389,47,2026-03-09,2028-12-09,D15,2026-03-29
2351,2407-L472,156,2024-07-09,2026-10-09,Rayon4,2026-03-15
2351,2506-N269,155,2025-06-09,2027-08-09,D4,2026-05-25
2352,2401-Y452,150,2024-01-09,2027-02-09,B9,2024-12-25
2352,2501-R887,186,2025-01-09,2027-10-09,A6,2025-06-30
2353,2311-D636,65,2023-11-09,2026-09-09,B15,2026-05-24
2353,2407-F935,163,2024-07-09,2028-01-09,C7,2024-10-01
2353,2502-L353,188,2025-02-09,2028-05-09,D6,2025-04-05
2354,2405-N274,78,2024-05-09,2026-11-09,A5,2024-11-15
2354,2410-H125,193,2024-10-09,2027-10-09,A3,2025-12-08
2355,2402-B656,156,2024-02-09,2027-05-09,Rayon1,2024-12-31
2355,2407-F208,39,2024-07-09,2027-08-09,D11,2026-06-12
2356,2312-X703,178,2023-12-09,2026-01-09,D10,2025-07-21
2356,2404-L638,37,2024-04-09,2026-09-09,D2,2024-06-07
2357,2411-P160,187,2024-11-09,2028-04-09,B14,2025-10-31
2357,2503-H649,79,2025-03-09,2028-09-09,B13,2026-07-05
2357,2510-L932,48,2025-10-09,2029-02-09,C4,2026-05-06
2358,2410-R929,76,2024-10-09,2026-11-09,B2,2025-08-23
2358,2508-F764,79,2025-08-09,2027-08-09,D20,2026-02-28
2358,2606-L118,105,2026-06-09,2029-09-09,C20,2026-06-23
2359,2410-C419,71,2024-10-09,2027-04-09,B19,2025-09-27
2359,2510-T019,6,2025-10-09,2029-02-09,D1,2026-04-06
2360,2407-G734,179,2024-07-09,2027-12-09,B2,2026-05-18
2360,2507-V585,99,2025-07-09,2028-03-09,B4,2025-11-07
2360,2603-F148,175,2026-03-09,2029-06-09,C12,2026-06-12
2361,2401-M227,4,2024-01-09,2026-10-09,B14,2024-02-08
2361,2407-T486,89,2024-07-09,2027-11-09,B12,2025-09-09
2361,2501-K808,156,2025-01-09,2028-04-09,D7,2025-12-19
2362,2311-P504,63,2023-11-09,2026-06-09,D18,2026-02-16
2362,2403-R045,12,2024-03-09,2026-11-09,A2,2024-09-11
2363,2408-E303,181,2024-08-09,2027-12-09,C6,2026-03-12
2363,2412-E422,45,2024-12-09,2028-05-09,D12,2024-12-14
2364,2311-F700,82,2023-11-09,2027-04-09,Rayon8,2025-02-10
2364,2411-C937,127,2024-11-09,2028-05-09,B15,2025-05-23
2365,2410-E813,71,2024-10-09,2027-12-09,B16,2026-04-23
2365,2510-Z675,76,2025-10-09,2028-06-09,Rayon7,2025-12-13
2366,2402-A985,162,2024-02-09,2026-06-09,B4,2025-03-05
2366,2411-D123,165,2024-11-09,2028-05-09,Rayon8,2024-12-12
2366,2509-R891,104,2025-09-09,2028-09-09,Rayon1,2026-01-04
2367,2312-P156,26,2023-12-09,2026-04-09,Rayon7,2025-09-23
2367,2404-Z719,167,2024-04-09,2026-10-09,D20,2025-11-12
2368,2410-E969,114,2024-10-09,2027-04-09,D13,2024-11-20
2368,2505-E441,46,2025-05-09,2027-05-09,B10,2025-05-25
2369,2312-P777,122,2023-12-09,2027-03-09,C10,2026-07-09
2369,2409-W706,81,2024-09-09,2027-06-09,B11,2026-06-17
2369,2506-P335,116,2025-06-09,2028-04-09,A20,2026-04-27
2370,2403-X112,97,2024-03-09,2026-04-09,Rayon1,2026-03-22
2370,2408-R213,141,2024-08-09,2027-08-09,D9,2026-04-25
2370,2508-H187,169,2025-08-09,2028-02-09,B13,2025-12-29
2371,2407-H727,9,2024-07-09,2028-01-09,D20,2026-07-09
2371,2501-X139,140,2025-01-09,2028-04-09,B3,2026-01-05
2371,2510-L500,134,2025-10-09,2028-06-09,Rayon5,2026-06-26
2372,2404-G473,141,2024-04-09,2027-04-09,B5,2026-01-02
2372,2502-W286,17,2025-02-09,2028-03-09,D13,2025-08-07
2373,2412-X699,142,2024-12-09,2028-05-09,Rayon8,2025-09-26
2373,2509-B262,19,2025-09-09,2028-11-09,D12,2025-10-28
2373,2606-N283,189,2026-06-09,2029-02-09,C2,2026-06-21
2374,2408-T573,142,2024-08-09,2027-05-09,A15,2025-06-10
2374,2506-J055,167,2025-06-09,2028-03-09,A4,2025-08-01
2375,2501-Z175,110,2025-01-09,2027-05-09,A12,2025-11-23
2375,2511-E537,130,2025-11-09,2028-10-09,D13,2026-01-18
2375,2606-W468,138,2026-06-09,2029-02-09,B17,2026-06-15
2376,2410-G604,51,2024-10-09,2027-09-09,Rayon6,2025-09-30
2376,2506-X410,75,2025-06-09,2028-01-09,D3,2025-09-12
2377,2310-T827,168,2023-10-09,2026-01-09,C13,2024-10-19
2377,2408-R330,97,2024-08-09,2027-06-09,A16,2026-02-22
2378,2311-A197,161,2023-11-09,2026-01-09,D6,2026-04-14
2378,2405-G315,176,2024-05-09,2027-01-09,Rayon8,2026-01-21
2379,2408-P505,77,2024-08-09,2027-08-09,A5,2024-11-06
2379,2508-C395,95,2025-08-09,2028-06-09,A12,2025-12-10
2380,2407-M370,52,2024-07-09,2027-11-09,C13,2025-06-11
2380,2506-T896,57,2025-06-09,2028-06-09,D7,2025-10-02
2380,2511-T206,110,2025-11-09,2028-11-09,A4,2026-03-28
2381,2311-W294,82,2023-11-09,2025-11-09,B16,2026-04-15
2381,2407-P818,68,2024-07-09,2028-01-09,C10,2025-03-26
2381,2504-P426,45,2025-04-09,2028-04-09,A12,2026-02-26
2382,2402-B508,89,2024-02-09,2027-04-09,D12,2024-03-24
2382,2501-H482,45,2025-01-09,2027-07-09,Rayon6,2025-02-23
2383,2411-A280,29,2024-11-09,2027-02-09,C12,2026-01-14
2383,2510-C179,183,2025-10-09,2027-10-09,A8,2026-07-03
2384,2402-Y931,32,2024-02-09,2026-12-09,A6,2024-06-16
2384,2409-X848,37,2024-09-09,2027-02-09,Rayon4,2026-05-13
2385,2501-D983,7,2025-01-09,2028-02-09,C4,2026-06-04
2385,2509-K712,170,2025-09-09,2029-01-09,A1,2026-06-13
2385,2607-N119,72,2026-07-09,2030-01-09,B6,2026-07-09
2386,2309-M799,66,2023-09-09,2027-02-09,B4,2024-10-29
2386,2408-B800,17,2024-08-09,2027-05-09,Rayon8,2026-05-07
2387,2403-B150,81,2024-03-09,2027-07-09,D2,2026-02-01
2387,2410-R566,92,2024-10-09,2028-01-09,Rayon6,2024-10-17
2387,2508-R089,196,2025-08-09,2028-05-09,D20,2026-03-06
2388,2408-Y690,75,2024-08-09,2027-02-09,A1,2024-10-15
2388,2502-T851,98,2025-02-09,2028-02-09,A19,2026-04-12
2388,2602-K701,89,2026-02-09,2028-08-09,A15,2026-05-26
2389,2309-H317,61,2023-09-09,2026-04-09,B10,2024-10-10
2389,2401-Z670,57,2024-01-09,2027-01-09,Rayon3,2025-01-07
2389,2409-R110,144,2024-09-09,2027-08-09,C11,2026-05-04
2390,2501-Y119,141,2025-01-09,2027-01-09,C12,2026-04-11
2390,2508-Y374,77,2025-08-09,2028-05-09,Rayon8,2026-07-09
2391,2402-E930,40,2024-02-09,2026-09-09,A12,2024-07-22
2391,2411-M920,87,2024-11-09,2026-12-09,C3,2026-06-01
2391,2507-K301,7,2025-07-09,2028-09-09,C7,2026-04-12
2392,2312-P614,147,2023-12-09,2027-04-09,B18,2026-02-10
2392,2407-J349,185,2024-07-09,2027-08-09,B2,2025-06-19
2393,2407-M652,147,2024-07-09,2027-01-09,A4,2024-09-19
2393,2411-X838,193,2024-11-09,2027-04-09,Rayon7,2026-02-19
2394,2404-K721,106,2024-04-09,2026-06-09,Rayon1,2026-02-27
2394,2504-W050,197,2025-04-09,2028-02-09,Rayon4,2025-07-04
2395,2408-X957,7,2024-08-09,2027-07-09,C19,2025-09-27
2395,2507-Y349,123,2025-07-09,2028-09-09,Rayon4,2026-06-11
2396,2406-D224,181,2024-06-09,2026-06-09,D3,2026-03-17
2396,2503-Y891,134,2025-03-09,2028-08-09,B3,2026-04-15
2396,2601-F940,71,2026-01-09,2029-05-09,B6,2026-01-12
2397,2312-Y644,123,2023-12-09,2027-05-09,B10,2025-12-23
2397,2409-F659,155,2024-09-09,2027-11-09,B16,2026-01-14
2398,2501-Z400,35,2025-01-09,2027-11-09,C8,2025-10-31
2398,2507-C711,92,2025-07-09,2028-07-09,C4,2026-06-27
2399,2311-F744,7,2023-11-09,2026-02-09,Rayon9,2025-07-05
2399,2404-T709,50,2024-04-09,2026-09-09,B2,2025-11-18
2399,2410-G406,73,2024-10-09,2027-04-09,B11,2025-10-26
2400,2404-K071,194,2024-04-09,2026-09-09,C13,2026-02-18
2400,2410-W861,8,2024-10-09,2026-12-09,Rayon3,2025-06-03
2401,2405-R006,136,2024-05-09,2027-01-09,B15,2025-10-12
2401,2505-B196,184,2025-05-09,2028-02-09,C9,2026-03-17
2401,2601-R819,48,2026-01-09,2028-12-09,A17,2026-07-04
2402,2407-D859,193,2024-07-09,2027-04-09,D8,2025-08-20
2402,2412-G421,199,2024-12-09,2027-06-09,A8,2026-04-04
2402,2508-L550,161,2025-08-09,2028-09-09,Rayon2,2025-10-20
2403,2405-A296,32,2024-05-09,2027-04-09,A7,2025-06-01
2403,2409-H150,41,2024-09-09,2027-11-09,D12,2026-05-08
2403,2509-R871,173,2025-09-09,2029-01-09,Rayon3,2026-06-24
2404,2408-M296,77,2024-08-09,2027-10-09,A8,2024-12-18
2404,2508-T948,54,2025-08-09,2028-11-09,C16,2026-04-19
2405,2405-X751,93,2024-05-09,2026-08-09,D3,2024-05-31
2405,2410-F232,167,2024-10-09,2026-11-09,D17,2026-07-04
2405,2509-X599,165,2025-09-09,2028-07-09,B16,2025-10-10
2406,2412-X936,9,2024-12-09,2028-05-09,A16,2026-01-24
2406,2512-M373,66,2025-12-09,2028-07-09,D7,2026-03-03
2406,2606-X818,200,2026-06-09,2029-03-09,B18,2026-06-29
2407,2412-T142,157,2024-12-09,2028-01-09,C12,2026-04-12
2407,2504-K180,18,2025-04-09,2028-09-09,C3,2025-12-02
2408,2406-T089,137,2024-06-09,2027-12-09,Rayon4,2025-01-08
2408,2504-J619,24,2025-04-09,2028-03-09,B1,2025-10-27
2408,2512-W033,89,2025-12-09,2029-05-09,A2,2026-01-04
2409,2401-V879,35,2024-01-09,2027-07-09,Rayon1,2024-08-03
2409,2407-A559,83,2024-07-09,2027-12-09,Rayon8,2025-12-24
2410,2404-J391,48,2024-04-09,2027-10-09,D10,2024-10-21
2410,2410-M481,179,2024-10-09,2028-01-09,D18,2026-05-05
2411,2311-N758,154,2023-11-09,2027-01-09,B4,2024-05-22
2411,2409-K596,19,2024-09-09,2027-02-09,B10,2026-01-20
2412,2405-L820,127,2024-05-09,2027-08-09,B16,2024-09-11
2412,2411-L816,180,2024-11-09,2028-02-09,Rayon1,2025-04-06
2413,2408-T758,75,2024-08-09,2028-02-09,B5,2024-08-18
2413,2412-N443,7,2024-12-09,2028-06-09,Rayon8,2025-03-16
2413,2509-H750,134,2025-09-09,2028-11-09,Rayon4,2025-10-19
2414,2402-D082,196,2024-02-09,2027-07-09,D20,2026-06-16
2414,2408-Y515,149,2024-08-09,2027-09-09,Rayon7,2025-10-12
2415,2403-F000,86,2024-03-09,2026-12-09,C19,2024-09-14
2415,2412-E091,66,2024-12-09,2027-09-09,Rayon6,2025-01-18
2416,2408-L030,125,2024-08-09,2028-01-09,B12,2025-01-24
2416,2507-J061,10,2025-07-09,2028-03-09,B9,2026-01-22
2416,2606-D394,106,2026-06-09,2029-02-09,A2,2026-07-01
2417,2409-T169,190,2024-09-09,2026-09-09,B6,2026-01-14
2417,2507-A358,129,2025-07-09,2028-09-09,B12,2025-08-07
2418,2311-X449,161,2023-11-09,2026-06-09,C9,2026-02-27
2418,2403-M959,17,2024-03-09,2027-04-09,Rayon5,2025-02-19
2418,2503-V175,98,2025-03-09,2027-10-09,D14,2026-07-09
2419,2402-V171,80,2024-02-09,2026-04-09,D9,2025-12-24
2419,2408-T794,167,2024-08-09,2026-11-09,D4,2026-06-09
2419,2501-Z405,116,2025-01-09,2027-06-09,C15,2025-07-24
2420,2406-J921,108,2024-06-09,2027-06-09,D20,2025-10-30
2420,2411-P361,37,2024-11-09,2027-09-09,A8,2026-02-04
2420,2509-M834,80,2025-09-09,2029-01-09,D15,2025-09-22
2421,2404-B441,61,2024-04-09,2027-02-09,A16,2025-06-19
2421,2411-M895,34,2024-11-09,2028-05-09,C17,2026-06-02
2422,2311-G821,174,2023-11-09,2026-09-09,D7,2024-07-08
2422,2407-D011,32,2024-07-09,2027-12-09,A17,2026-02-25
2422,2507-D516,185,2025-07-09,2028-04-09,Rayon4,2026-02-19
2423,2405-F608,142,2024-05-09,2026-07-09,D6,2024-06-18
2423,2412-E444,47,2024-12-09,2027-10-09,B9,2025-05-25
2424,2407-N044,103,2024-07-09,2027-11-09,D13,2025-02-24
2424,2411-R464,191,2024-11-09,2028-04-09,A7,2025-12-05
2425,2411-K817,161,2024-11-09,2026-12-09,A15,2025-08-15
2425,2507-N679,161,2025-07-09,2028-06-09,C10,2025-07-12
2426,2408-F624,102,2024-08-09,2027-07-09,C10,2024-11-28
2426,2508-J328,136,2025-08-09,2028-10-09,D9,2026-01-06
2427,2501-B376,121,2025-01-09,2028-06-09,C6,2025-08-21
2427,2509-N857,109,2025-09-09,2028-12-09,D4,2025-09-25
2427,2605-P791,72,2026-05-09,2029-02-09,D13,2026-05-30
2428,2411-C719,178,2024-11-09,2028-05-09,A16,2025-06-21
2428,2507-L863,163,2025-07-09,2028-11-09,A1,2025-09-25
2428,2603-K768,68,2026-03-09,2029-05-09,A10,2026-05-06
2429,2405-E129,143,2024-05-09,2026-05-09,A12,2026-04-16
2429,2505-E799,109,2025-05-09,2028-04-09,A1,2025-06-25
2429,2603-F088,70,2026-03-09,2028-08-09,D18,2026-04-09
2430,2407-M905,29,2024-07-09,2028-01-09,Rayon4,2026-05-22
2430,2504-X237,19,2025-04-09,2028-06-09,D16,2025-09-25
2430,2604-J956,74,2026-04-09,2029-08-09,D4,2026-04-09
2431,2403-C220,184,2024-03-09,2027-05-09,D20,2025-01-02
2431,2411-T285,26,2024-11-09,2027-07-09,A15,2026-01-26
2431,2503-P706,10,2025-03-09,2027-10-09,D17,2025-08-03
2432,2403-H077,12,2024-03-09,2026-10-09,Rayon6,2026-03-16
2432,2410-V698,11,2024-10-09,2027-05-09,B18,2025-03-11
2432,2504-T587,6,2025-04-09,2027-11-09,A5,2025-11-26
2433,2408-H215,70,2024-08-09,2027-11-09,C5,2025-03-14
2433,2503-E908,21,2025-03-09,2028-03-09,Rayon5,2025-11-27
2434,2403-M805,52,2024-03-09,2027-02-09,A9,2025-02-28
2434,2407-J875,10,2024-07-09,2027-09-09,A10,2025-09-12
2435,2408-G940,20,2024-08-09,2026-09-09,C6,2025-12-21
2435,2412-E661,59,2024-12-09,2027-09-09,C8,2026-04-20
2436,2309-M771,94,2023-09-09,2025-11-09,D16,2025-02-05
2436,2405-V282,184,2024-05-09,2026-09-09,A1,2026-01-06
2437,2406-R282,15,2024-06-09,2026-10-09,D20,2026-04-16
2437,2410-A384,104,2024-10-09,2027-06-09,C7,2026-04-14
2437,2509-W842,150,2025-09-09,2029-01-09,B19,2026-05-15
2438,2405-E944,134,2024-05-09,2027-09-09,Rayon9,2024-11-27
2438,2409-N540,191,2024-09-09,2027-11-09,A14,2025-06-01
2438,2503-W208,29,2025-03-09,2028-04-09,B8,2026-04-13
2439,2501-J351,21,2025-01-09,2027-12-09,A10,2025-12-13
2439,2507-E624,62,2025-07-09,2028-04-09,D15,2025-12-30
2439,2602-Z733,22,2026-02-09,2028-09-09,D15,2026-04-02
2440,2401-B488,109,2024-01-09,2027-07-09,Rayon3,2025-02-05
2440,2405-F503,102,2024-05-09,2027-10-09,D10,2025-10-15
2441,2501-G026,69,2025-01-09,2027-09-09,Rayon6,2026-07-06
2441,2506-F978,78,2025-06-09,2027-12-09,D20,2026-06-04
2442,2410-V878,18,2024-10-09,2028-02-09,Rayon1,2025-02-05
2442,2508-J577,41,2025-08-09,2028-08-09,B9,2025-08-23
2442,2603-P183,43,2026-03-09,2028-11-09,C17,2026-04-01
2443,2406-R250,128,2024-06-09,2026-06-09,B16,2025-01-16
2443,2412-Z614,190,2024-12-09,2027-03-09,B3,2025-03-14
2444,2404-A015,45,2024-04-09,2027-03-09,B18,2024-08-07
2444,2502-D601,100,2025-02-09,2027-11-09,D10,2026-03-08
2444,2506-K619,134,2025-06-09,2028-02-09,D19,2026-04-03
2445,2310-C839,160,2023-10-09,2027-04-09,Rayon9,2024-04-20
2445,2402-W778,53,2024-02-09,2027-10-09,Rayon5,2026-04-16
2446,2404-A775,177,2024-04-09,2027-01-09,Rayon6,2024-10-31
2446,2409-C155,14,2024-09-09,2027-03-09,A18,2026-03-22
2446,2508-H673,175,2025-08-09,2028-06-09,C3,2025-11-20
2447,2401-F169,95,2024-01-09,2027-03-09,D1,2025-07-27
2447,2410-F686,115,2024-10-09,2027-11-09,Rayon7,2024-11-26
2448,2405-R656,94,2024-05-09,2027-04-09,D7,2024-10-15
2448,2505-J842,63,2025-05-09,2028-11-09,D15,2026-04-03
2448,2605-R773,157,2026-05-09,2029-05-09,A11,2026-06-04
2449,2408-A902,106,2024-08-09,2027-08-09,C19,2025-03-15
2449,2502-L473,65,2025-02-09,2027-12-09,D18,2025-09-16
2450,2405-E861,123,2024-05-09,2027-02-09,C14,2024-05-28
2450,2505-K958,5,2025-05-09,2028-03-09,A19,2025-10-11
2450,2512-H536,136,2025-12-09,2028-09-09,B15,2026-05-03
2451,2309-B168,55,2023-09-09,2026-10-09,C3,2025-09-26
2451,2405-A661,49,2024-05-09,2027-02-09,B4,2025-12-26
2452,2403-L222,129,2024-03-09,2026-08-09,C8,2024-07-14
2452,2501-L085,89,2025-01-09,2027-12-09,Rayon1,2025-05-24
2453,2404-L693,144,2024-04-09,2027-07-09,D18,2026-03-02
2453,2408-Z730,111,2024-08-09,2027-10-09,C1,2026-05-09
2454,2405-G679,96,2024-05-09,2026-07-09,C20,2024-05-11
2454,2502-E959,61,2025-02-09,2027-09-09,C2,2025-11-08
2455,2403-J302,108,2024-03-09,2027-06-09,A3,2025-04-23
2455,2501-W676,142,2025-01-09,2027-07-09,D11,2025-04-22
2456,2501-V421,132,2025-01-09,2027-05-09,C7,2025-05-21
2456,2511-P002,194,2025-11-09,2029-01-09,B20,2026-01-14
2457,2310-G718,200,2023-10-09,2026-06-09,D8,2025-04-24
2457,2403-L472,193,2024-03-09,2026-11-09,D15,2024-11-01
2457,2408-P810,92,2024-08-09,2027-04-09,Rayon1,2024-12-31
2458,2407-Z927,156,2024-07-09,2027-07-09,B3,2025-04-23
2458,2506-H926,43,2025-06-09,2027-09-09,Rayon2,2026-02-11
2459,2501-T083,157,2025-01-09,2028-04-09,B13,2026-04-27
2459,2506-Y641,19,2025-06-09,2028-10-09,D15,2025-08-26
2460,2401-A727,88,2024-01-09,2027-05-09,C19,2024-06-07
2460,2406-X795,26,2024-06-09,2027-08-09,D9,2026-04-23
2460,2411-Z333,182,2024-11-09,2028-02-09,A12,2025-10-27
2461,2501-K003,27,2025-01-09,2027-09-09,A14,2025-09-20
2461,2506-Z135,128,2025-06-09,2027-11-09,C2,2026-04-03
2462,2402-W241,164,2024-02-09,2026-10-09,B15,2026-02-28
2462,2410-W162,167,2024-10-09,2027-03-09,Rayon5,2025-05-20
2462,2508-W442,177,2025-08-09,2027-08-09,Rayon6,2026-06-05
2463,2409-E507,197,2024-09-09,2027-11-09,A7,2026-02-22
2463,2503-D182,188,2025-03-09,2028-07-09,C12,2026-06-19
2464,2310-Y301,93,2023-10-09,2027-02-09,A18,2024-10-04
2464,2408-Z401,166,2024-08-09,2027-05-09,A12,2024-12-04
2464,2503-G726,144,2025-03-09,2028-02-09,D5,2025-04-22
2465,2406-D157,86,2024-06-09,2027-04-09,A9,2026-02-01
2465,2503-J765,107,2025-03-09,2027-06-09,B19,2025-05-25
2466,2406-A276,30,2024-06-09,2026-08-09,D14,2025-08-01
2466,2505-R492,67,2025-05-09,2027-12-09,A6,2026-01-06
2466,2509-X302,190,2025-09-09,2029-02-09,Rayon6,2026-06-24
2467,2407-A952,197,2024-07-09,2026-07-09,A7,2026-03-30
2467,2411-N098,17,2024-11-09,2028-05-09,C11,2025-12-04
2468,2406-J337,44,2024-06-09,2027-09-09,Rayon4,2024-10-26
2468,2412-L203,170,2024-12-09,2027-12-09,Rayon3,2026-03-25
2469,2311-B735,39,2023-11-09,2026-04-09,B16,2024-12-22
2469,2409-K738,129,2024-09-09,2027-01-09,A18,2026-05-29
2469,2508-X672,25,2025-08-09,2028-06-09,C19,2025-10-04
2470,2406-H026,112,2024-06-09,2027-12-09,A3,2026-01-04
2470,2412-B885,157,2024-12-09,2028-02-09,Rayon2,2026-02-26
2470,2506-H403,27,2025-06-09,2028-08-09,B13,2026-05-24
2471,2402-F620,180,2024-02-09,2026-03-09,A17,2024-05-18
2471,2410-D639,174,2024-10-09,2027-09-09,B6,2026-06-30
2471,2507-V731,112,2025-07-09,2028-08-09,A8,2026-04-27
2472,2402-Z815,97,2024-02-09,2027-04-09,D5,2025-04-11
2472,2407-Y705,176,2024-07-09,2027-11-09,Rayon5,2026-03-11
2473,2403-V513,187,2024-03-09,2026-08-09,Rayon5,2026-06-24
2473,2502-Y969,11,2025-02-09,2027-06-09,A11,2025-02-18
2473,2506-W158,137,2025-06-09,2028-03-09,A18,2025-09-29
2474,2403-C087,111,2024-03-09,2026-05-09,B11,2024-05-25
2474,2502-F023,175,2025-02-09,2028-05-09,B12,2025-07-21
2475,2407-X138,84,2024-07-09,2027-08-09,B4,2025-07-15
2475,2503-G657,150,2025-03-09,2027-11-09,D11,2026-03-27
2475,2511-E802,122,2025-11-09,2029-01-09,C13,2025-11-17
2476,2310-W635,144,2023-10-09,2026-02-09,B3,2025-03-02
2476,2403-A534,122,2024-03-09,2026-08-09,B15,2025-10-03
2477,2311-C646,73,2023-11-09,2027-01-09,Rayon5,2024-11-19
2477,2409-P889,50,2024-09-09,2027-08-09,D11,2025-02-15
2478,2410-B572,95,2024-10-09,2027-12-09,A20,2025-07-31
2478,2502-D217,139,2025-02-09,2028-05-09,A13,2026-05-16
2478,2508-E000,17,2025-08-09,2028-11-09,C11,2026-01-08
2479,2409-N379,140,2024-09-09,2027-04-09,C10,2025-04-02
2479,2508-A310,160,2025-08-09,2028-08-09,D9,2026-06-19
2480,2408-H806,80,2024-08-09,2027-09-09,D6,2024-08-11
2480,2507-G691,149,2025-07-09,2028-02-09,C4,2026-04-22
2481,2410-A514,150,2024-10-09,2028-01-09,D19,2025-09-21
2481,2510-N224,115,2025-10-09,2028-04-09,D16,2026-03-03
2481,2602-A799,190,2026-02-09,2028-09-09,D12,2026-05-13
2482,2405-N475,189,2024-05-09,2026-05-09,D18,2025-04-11
2482,2410-A465,50,2024-10-09,2027-09-09,Rayon9,2025-12-30
2482,2504-X992,31,2025-04-09,2028-07-09,C11,2026-03-20
2483,2408-G572,189,2024-08-09,2027-03-09,C12,2024-10-03
2483,2507-L698,174,2025-07-09,2029-01-09,A5,2025-07-27
2483,2604-H324,108,2026-04-09,2029-10-09,C5,2026-06-28
2484,2411-X679,72,2024-11-09,2027-02-09,D11,2026-06-09
2484,2511-C446,142,2025-11-09,2028-12-09,C17,2025-11-16
2484,2606-B492,120,2026-06-09,2029-06-09,D15,2026-07-03
2485,2405-K479,17,2024-05-09,2027-03-09,B18,2026-01-27
2485,2505-W491,98,2025-05-09,2027-08-09,C15,2026-04-05
2486,2407-T541,171,2024-07-09,2028-01-09,B13,2026-06-08
2486,2504-W640,131,2025-04-09,2028-07-09,B7,2025-08-17
2486,2604-M968,168,2026-04-09,2028-11-09,A20,2026-04-16
2487,2309-R170,58,2023-09-09,2026-06-09,A12,2026-03-03
2487,2403-J809,43,2024-03-09,2027-04-09,Rayon6,2025-12-04
2488,2309-E065,47,2023-09-09,2025-11-09,A19,2024-09-13
2488,2409-P430,62,2024-09-09,2028-02-09,B8,2025-11-30
2488,2505-F801,64,2025-05-09,2028-11-09,A3,2026-07-02
2489,2412-J448,49,2024-12-09,2028-03-09,B6,2025-01-07
2489,2507-W482,93,2025-07-09,2028-11-09,D3,2025-08-24
2490,2402-M132,167,2024-02-09,2027-01-09,D15,2024-02-14
2490,2411-W710,141,2024-11-09,2027-02-09,A16,2025-10-12
2491,2405-E098,37,2024-05-09,2027-07-09,A10,2024-08-29
2491,2411-T469,132,2024-11-09,2028-01-09,B20,2025-07-02
2492,2411-E946,141,2024-11-09,2027-07-09,B13,2025-08-31
2492,2510-Z745,21,2025-10-09,2028-11-09,B9,2026-05-08
2492,2607-Z273,141,2026-07-09,2029-12-09,B13,2026-07-10
2493,2406-X604,32,2024-06-09,2027-03-09,B14,2024-07-14
2493,2412-G748,15,2024-12-09,2027-08-09,D1,2025-06-01
2493,2511-W980,135,2025-11-09,2028-12-09,C9,2026-04-09
2494,2312-R075,156,2023-12-09,2026-12-09,B16,2025-02-14
2494,2408-L116,6,2024-08-09,2027-03-09,B13,2024-10-09
2494,2502-R658,36,2025-02-09,2027-08-09,D1,2026-04-19
2495,2405-H138,43,2024-05-09,2027-09-09,D1,2025-02-02
2495,2504-P069,77,2025-04-09,2028-09-09,A9,2026-02-10
2495,2510-T840,51,2025-10-09,2028-12-09,A2,2026-04-13
2496,2407-H724,93,2024-07-09,2027-03-09,B10,2026-02-20
2496,2504-Y865,108,2025-04-09,2028-03-09,Rayon1,2025-08-24
2497,2310-C071,35,2023-10-09,2026-01-09,C6,2026-01-25
2497,2403-D796,121,2024-03-09,2027-06-09,C10,2026-02-14
2498,2405-P386,7,2024-05-09,2026-11-09,D20,2025-07-30
2498,2410-L491,121,2024-10-09,2027-04-09,B8,2025-02-06
2499,2312-R676,137,2023-12-09,2026-04-09,C17,2025-11-16
2499,2404-K767,183,2024-04-09,2027-05-09,D17,2025-01-21
2499,2410-F323,31,2024-10-09,2027-10-09,D10,2024-11-04
2500,2411-K383,173,2024-11-09,2027-04-09,A18,2025-02-25
2500,2503-V056,92,2025-03-09,2028-06-09,A14,2025-09-12
2501,2311-D523,177,2023-11-09,2027-05-09,B8,2026-07-04
2501,2408-K135,183,2024-08-09,2027-07-09,C11,2025-06-27
2501,2503-K790,108,2025-03-09,2028-06-09,C20,2025-12-29
2502,2404-V236,55,2024-04-09,2027-09-09,C18,2025-12-23
2502,2503-W454,114,2025-03-09,2027-12-09,A7,2025-08-01
2502,2507-C773,8,2025-07-09,2028-02-09,B7,2025-12-22
2503,2411-V700,54,2024-11-09,2027-03-09,D5,2025-06-02
2503,2503-F303,83,2025-03-09,2027-05-09,A17,2026-05-03
2504,2402-Y597,104,2024-02-09,2026-10-09,Rayon4,2025-12-28
2504,2412-L065,199,2024-12-09,2027-01-09,A12,2025-11-28
2504,2505-L453,175,2025-05-09,2027-10-09,Rayon5,2025-06-09
2505,2310-P183,161,2023-10-09,2025-11-09,C12,2026-01-23
2505,2406-M803,140,2024-06-09,2027-07-09,B19,2025-11-12
2505,2505-G837,31,2025-05-09,2027-11-09,D19,2025-07-25
2506,2403-A125,6,2024-03-09,2026-09-09,C10,2024-10-18
2506,2407-N890,13,2024-07-09,2027-04-09,B16,2024-08-27
2506,2507-M479,58,2025-07-09,2027-12-09,Rayon3,2025-08-10
2507,2401-H100,78,2024-01-09,2027-03-09,Rayon1,2024-05-15
2507,2406-E007,189,2024-06-09,2027-09-09,Rayon2,2025-02-11
2507,2501-A560,89,2025-01-09,2028-02-09,C1,2025-09-15
2508,2404-T686,141,2024-04-09,2027-01-09,C5,2026-02-23
2508,2408-M230,55,2024-08-09,2027-05-09,D6,2024-09-03
2509,2310-P882,196,2023-10-09,2025-12-09,D11,2025-01-27
2509,2403-R493,97,2024-03-09,2026-07-09,Rayon3,2025-05-12
2509,2409-F211,53,2024-09-09,2027-11-09,Rayon8,2026-02-24
2510,2408-G498,20,2024-08-09,2027-04-09,D14,2026-01-16
2510,2503-W112,28,2025-03-09,2028-07-09,A6,2025-09-14
2510,2507-A913,142,2025-07-09,2028-12-09,C5,2025-09-23
2511,2407-A283,173,2024-07-09,2027-01-09,C19,2025-11-12
2511,2502-Y365,156,2025-02-09,2027-11-09,B18,2025-05-04
2512,2401-Y367,136,2024-01-09,2027-02-09,D10,2025-08-31
2512,2411-C789,13,2024-11-09,2027-09-09,B1,2025-11-25
2513,2407-A968,38,2024-07-09,2026-12-09,Rayon2,2024-07-29
2513,2501-G256,26,2025-01-09,2027-01-09,Rayon4,2025-11-29
2513,2507-J524,159,2025-07-09,2028-07-09,B12,2025-10-09
2514,2403-F907,192,2024-03-09,2026-09-09,C20,2024-03-20
2514,2412-G778,84,2024-12-09,2028-03-09,A9,2025-01-19
2515,2403-T546,197,2024-03-09,2026-04-09,D5,2026-05-07
2515,2503-N804,103,2025-03-09,2028-03-09,C2,2026-01-13
2516,2310-V017,81,2023-10-09,2026-07-09,Rayon7,2023-12-14
2516,2409-C553,49,2024-09-09,2027-10-09,B20,2025-05-05
2517,2309-R333,72,2023-09-09,2025-12-09,A6,2026-05-31
2517,2401-E116,101,2024-01-09,2027-02-09,D7,2026-01-29
2517,2405-F096,162,2024-05-09,2027-06-09,Rayon7,2025-07-06
2518,2410-H752,111,2024-10-09,2027-08-09,D16,2025-07-16
2518,2502-J880,35,2025-02-09,2028-01-09,A6,2025-05-05
2519,2412-H840,171,2024-12-09,2028-01-09,C9,2025-04-19
2519,2512-Z227,10,2025-12-09,2028-02-09,C18,2026-02-27
2520,2501-Z556,66,2025-01-09,2027-03-09,B4,2025-02-10
2520,2511-B677,178,2025-11-09,2029-05-09,B17,2026-06-23
2520,2604-J477,181,2026-04-09,2029-08-09,B20,2026-07-04
2521,2406-M377,37,2024-06-09,2026-07-09,A10,2026-01-01
2521,2411-C620,32,2024-11-09,2028-02-09,D16,2025-04-30
2521,2511-C442,200,2025-11-09,2028-03-09,B10,2026-06-05
2522,2405-A990,111,2024-05-09,2026-07-09,Rayon8,2025-12-31
2522,2503-E159,30,2025-03-09,2027-07-09,D14,2026-01-31
2523,2401-H809,12,2024-01-09,2026-12-09,D20,2024-07-22
2523,2409-C356,43,2024-09-09,2027-05-09,Rayon1,2024-12-19
2523,2504-V644,56,2025-04-09,2027-07-09,Rayon2,2025-05-08
2524,2501-E923,58,2025-01-09,2028-02-09,Rayon3,2026-02-15
2524,2512-K450,192,2025-12-09,2028-12-09,D14,2026-04-27
2525,2408-B304,107,2024-08-09,2027-03-09,A10,2025-01-27
2525,2505-N125,174,2025-05-09,2028-11-09,D19,2026-05-28
2525,2604-A644,116,2026-04-09,2029-10-09,D9,2026-04-27
2526,2409-N923,85,2024-09-09,2027-07-09,Rayon4,2025-08-23
2526,2506-D928,153,2025-06-09,2028-05-09,D15,2025-06-25
2526,2511-T868,181,2025-11-09,2028-07-09,B1,2025-11-21
2527,2408-L063,133,2024-08-09,2026-10-09,Rayon5,2024-10-31
2527,2501-A020,173,2025-01-09,2027-10-09,D16,2025-05-13
2527,2511-G861,76,2025-11-09,2028-11-09,C19,2026-03-23
2528,2403-H426,36,2024-03-09,2027-01-09,Rayon5,2025-02-22
2528,2412-N465,34,2024-12-09,2028-03-09,C13,2026-04-21
2529,2403-X347,142,2024-03-09,2026-09-09,C14,2025-02-21
2529,2502-C780,28,2025-02-09,2028-08-09,Rayon8,2026-03-30
2529,2508-D061,154,2025-08-09,2029-01-09,Rayon4,2025-12-03
2530,2311-A766,67,2023-11-09,2027-01-09,Rayon8,2026-01-21
2530,2407-J535,18,2024-07-09,2027-04-09,A3,2026-03-10
2530,2411-Z204,21,2024-11-09,2027-09-09,D13,2025-05-16
2531,2402-Y697,176,2024-02-09,2026-11-09,C2,2024-03-17
2531,2410-L369,196,2024-10-09,2027-10-09,Rayon1,2024-10-15
2532,2412-G978,101,2024-12-09,2028-04-09,Rayon6,2025-06-25
2532,2504-L664,53,2025-04-09,2028-10-09,D1,2025-10-16
2532,2511-F843,59,2025-11-09,2029-03-09,Rayon9,2025-11-19
2533,2411-L662,64,2024-11-09,2028-03-09,D17,2024-12-28
2533,2505-P179,53,2025-05-09,2028-11-09,D17,2026-03-16
2533,2604-Z315,75,2026-04-09,2029-03-09,B4,2026-05-22
2534,2403-K776,15,2024-03-09,2027-01-09,Rayon7,2025-05-06
2534,2411-X481,135,2024-11-09,2028-03-09,C19,2025-05-07
2535,2411-R619,75,2024-11-09,2027-04-09,Rayon2,2026-02-03
2535,2507-X466,9,2025-07-09,2028-12-09,B5,2025-08-19
2536,2406-C603,183,2024-06-09,2027-08-09,D20,2025-09-22
2536,2411-M872,104,2024-11-09,2027-12-09,C18,2025-12-13
2537,2403-J638,24,2024-03-09,2027-03-09,A10,2025-03-07
2537,2410-W888,170,2024-10-09,2027-07-09,D5,2025-09-15
2537,2504-V645,132,2025-04-09,2028-10-09,A8,2025-09-17
2538,2409-K697,59,2024-09-09,2027-05-09,C15,2025-11-29
2538,2505-W929,9,2025-05-09,2027-11-09,B4,2025-06-30
2539,2408-X360,198,2024-08-09,2026-10-09,Rayon6,2025-02-14
2539,2412-L081,168,2024-12-09,2028-04-09,A12,2026-05-12
2539,2507-K268,113,2025-07-09,2028-06-09,A13,2026-04-28
2540,2412-E731,53,2024-12-09,2028-02-09,Rayon9,2025-03-19
2540,2504-L908,149,2025-04-09,2028-08-09,B6,2026-04-09
2540,2602-C316,149,2026-02-09,2028-12-09,B2,2026-04-11
2541,2408-W802,165,2024-08-09,2027-07-09,B19,2025-12-14
2541,2507-C242,67,2025-07-09,2028-08-09,A12,2025-09-14
2542,2407-R496,102,2024-07-09,2027-03-09,D7,2024-07-21
2542,2502-N181,66,2025-02-09,2028-06-09,Rayon2,2025-04-11
2542,2510-G561,142,2025-10-09,2028-12-09,B9,2026-06-24
2543,2310-F688,65,2023-10-09,2025-10-09,Rayon1,2024-06-22
2543,2405-L160,189,2024-05-09,2027-02-09,D5,2025-05-15
2543,2409-D937,6,2024-09-09,2027-09-09,B4,2025-01-21
2544,2404-T365,58,2024-04-09,2027-02-09,Rayon8,2025-11-29
2544,2502-X246,28,2025-02-09,2028-01-09,A18,2025-09-20
2544,2507-V495,74,2025-07-09,2028-06-09,Rayon3,2026-02-22
2545,2411-R196,167,2024-11-09,2027-03-09,D2,2025-11-26
2545,2503-N206,50,2025-03-09,2027-04-09,Rayon5,2025-07-28
2546,2309-B918,18,2023-09-09,2026-02-09,C5,2024-07-01
2546,2403-H957,181,2024-03-09,2027-01-09,A17,2026-03-15
2546,2408-R584,58,2024-08-09,2027-06-09,D19,2025-03-14
2547,2403-J739,116,2024-03-09,2027-05-09,Rayon6,2026-02-04
2547,2501-R415,181,2025-01-09,2027-09-09,A12,2026-06-30
2547,2506-X076,194,2025-06-09,2028-09-09,A20,2025-10-16
2548,2410-X899,158,2024-10-09,2027-09-09,A6,2026-06-05
2548,2510-K299,26,2025-10-09,2028-12-09,Rayon4,2026-07-04
2548,2604-V482,9,2026-04-09,2029-03-09,A4,2026-06-13
2549,2309-T307,156,2023-09-09,2025-10-09,A9,2024-02-19
2549,2408-T499,172,2024-08-09,2027-04-09,B16,2025-06-14
2550,2410-Z849,66,2024-10-09,2027-02-09,C4,2026-06-23
2550,2504-M672,80,2025-04-09,2027-07-09,B10,2025-05-21
2550,2511-F602,100,2025-11-09,2028-06-09,C12,2026-02-23
2551,2501-H652,125,2025-01-09,2028-05-09,C10,2025-09-03
2551,2506-N293,36,2025-06-09,2028-06-09,A13,2025-11-13
2552,2411-E565,5,2024-11-09,2027-03-09,B17,2025-10-12
2552,2509-D410,68,2025-09-09,2028-06-09,B8,2025-10-11
2552,2605-Z966,69,2026-05-09,2029-02-09,D2,2026-05-21
2553,2412-F903,5,2024-12-09,2027-01-09,A4,2026-03-06
2553,2510-X521,172,2025-10-09,2028-09-09,B6,2025-11-10
2554,2403-P692,159,2024-03-09,2026-03-09,C13,2026-04-03
2554,2407-K552,168,2024-07-09,2027-07-09,C15,2025-08-04
2555,2410-Z725,36,2024-10-09,2026-10-09,B10,2025-02-20
2555,2510-K370,77,2025-10-09,2027-10-09,Rayon9,2026-01-25
2556,2412-J932,41,2024-12-09,2027-01-09,D4,2025-11-02
2556,2510-L859,179,2025-10-09,2028-05-09,D3,2025-10-30
2556,2607-C868,42,2026-07-09,2029-10-09,B8,2026-07-09
2557,2405-H181,118,2024-05-09,2027-02-09,D8,2025-06-06
2557,2412-D319,163,2024-12-09,2028-03-09,B3,2025-12-28
2558,2402-P190,21,2024-02-09,2027-07-09,D10,2026-05-12
2558,2406-H811,68,2024-06-09,2028-01-09,D9,2024-07-28
2558,2410-F944,18,2024-10-09,2028-03-09,B2,2024-12-12
2559,2406-T917,14,2024-06-09,2027-01-09,C7,2025-01-31
2559,2504-E769,116,2025-04-09,2028-08-09,C16,2025-07-25
2560,2409-E122,162,2024-09-09,2028-01-09,D12,2025-07-20
2560,2508-X283,89,2025-08-09,2028-08-09,C15,2025-10-27
2561,2501-E137,129,2025-01-09,2028-05-09,Rayon2,2026-06-24
2561,2506-G366,95,2025-06-09,2028-10-09,D12,2026-06-05
2562,2311-F500,10,2023-11-09,2026-05-09,B11,2025-11-02
2562,2404-J669,36,2024-04-09,2027-04-09,Rayon5,2024-10-06
2562,2410-J533,184,2024-10-09,2027-05-09,Rayon8,2025-03-12
2563,2412-L060,65,2024-12-09,2027-11-09,A15,2025-06-02
2563,2505-J335,79,2025-05-09,2028-08-09,Rayon1,2026-05-05
2563,2605-T081,190,2026-05-09,2029-09-09,B13,2026-05-09
2564,2408-R040,7,2024-08-09,2027-01-09,B16,2025-05-25
2564,2506-D014,132,2025-06-09,2027-11-09,B15,2025-09-27
2565,2404-R116,195,2024-04-09,2027-06-09,A10,2025-05-21
2565,2410-X963,176,2024-10-09,2027-12-09,B12,2025-03-25
2565,2507-X890,132,2025-07-09,2028-03-09,B18,2025-07-20
2566,2404-P761,197,2024-04-09,2027-09-09,D17,2024-11-20
2566,2408-E731,85,2024-08-09,2028-03-09,Rayon5,2026-06-08
2566,2504-X391,46,2025-04-09,2028-09-09,B9,2025-09-06
2567,2404-W317,116,2024-04-09,2026-06-09,A6,2024-12-02
2567,2410-K126,134,2024-10-09,2027-09-09,A6,2026-06-22
2567,2504-K995,138,2025-04-09,2027-12-09,A3,2025-09-06
2568,2407-G661,15,2024-07-09,2027-05-09,D16,2025-12-14
2568,2503-C022,70,2025-03-09,2028-04-09,B17,2025-12-12
2568,2512-L553,155,2025-12-09,2028-09-09,B12,2026-02-13
2569,2407-W151,124,2024-07-09,2027-12-09,B12,2026-05-12
2569,2502-W704,44,2025-02-09,2028-02-09,C15,2025-12-28
2570,2407-W775,134,2024-07-09,2027-01-09,B3,2024-12-01
2570,2502-J733,46,2025-02-09,2027-05-09,B6,2025-09-20
2571,2412-C458,36,2024-12-09,2027-07-09,C5,2025-02-04
2571,2512-M553,126,2025-12-09,2027-12-09,A2,2026-07-08
2571,2606-D874,29,2026-06-09,2028-10-09,A3,2026-06-28
2572,2309-W116,75,2023-09-09,2026-02-09,Rayon7,2025-06-27
2572,2402-W467,40,2024-02-09,2026-08-09,Rayon6,2026-02-24
2573,2409-C358,113,2024-09-09,2027-09-09,Rayon4,2024-12-15
2573,2508-M382,136,2025-08-09,2028-12-09,D20,2025-11-21
2574,2407-H700,186,2024-07-09,2027-04-09,D2,2025-07-20
2574,2411-C383,105,2024-11-09,2028-03-09,D17,2026-06-27
2575,2403-J087,84,2024-03-09,2027-08-09,C8,2024-09-23
2575,2411-F959,152,2024-11-09,2027-11-09,D12,2025-07-02
2575,2511-B484,199,2025-11-09,2029-04-09,Rayon2,2026-05-04
2576,2412-Y394,49,2024-12-09,2026-12-09,Rayon7,2026-04-23
2576,2512-H237,171,2025-12-09,2028-02-09,D17,2026-02-04
2576,2606-Z725,118,2026-06-09,2029-06-09,C7,2026-06-14
2577,2404-F987,140,2024-04-09,2026-07-09,B1,2024-12-13
2577,2412-L596,152,2024-12-09,2026-12-09,C9,2025-11-16
2577,2507-T700,13,2025-07-09,2028-08-09,A19,2025-12-17
2578,2403-F526,199,2024-03-09,2026-12-09,A17,2025-01-25
2578,2409-C759,12,2024-09-09,2027-03-09,A12,2024-11-27
2579,2310-D889,126,2023-10-09,2026-11-09,C6,2023-11-18
2579,2405-E862,7,2024-05-09,2026-12-09,A14,2026-03-27
2580,2410-Z372,65,2024-10-09,2027-10-09,A20,2026-02-09
2580,2504-T260,6,2025-04-09,2028-10-09,Rayon7,2025-08-16
2580,2508-D670,117,2025-08-09,2028-12-09,C13,2025-08-11
2581,2404-P019,113,2024-04-09,2027-08-09,C2,2026-02-27
2581,2503-J500,153,2025-03-09,2027-11-09,C6,2025-09-07
2581,2602-B257,130,2026-02-09,2028-08-09,C2,2026-04-22
2582,2309-J763,116,2023-09-09,2027-01-09,Rayon6,2025-08-02
2582,2402-W444,65,2024-02-09,2027-05-09,Rayon4,2024-11-28
2582,2410-M405,39,2024-10-09,2027-09-09,D14,2024-11-03
2583,2403-A286,9,2024-03-09,2027-03-09,A12,2024-07-23
2583,2408-Z503,102,2024-08-09,2028-01-09,Rayon9,2026-04-29
2584,2407-R390,127,2024-07-09,2027-04-09,C5,2026-05-05
2584,2411-D048,65,2024-11-09,2028-05-09,B5,2024-12-07
2585,2412-M595,101,2024-12-09,2027-06-09,C1,2026-03-21
2585,2510-M711,49,2025-10-09,2027-12-09,C20,2025-12-10
2585,2603-F732,185,2026-03-09,2029-04-09,C2,2026-05-17
2586,2408-E261,18,2024-08-09,2027-09-09,B15,2024-08-29
2586,2504-X141,91,2025-04-09,2027-12-09,A19,2025-04-22
2587,2312-M928,118,2023-12-09,2026-12-09,Rayon8,2024-03-31
2587,2408-V542,130,2024-08-09,2027-06-09,C18,2026-03-30
2588,2410-B275,53,2024-10-09,2026-11-09,A15,2025-03-15
2588,2503-B597,176,2025-03-09,2027-07-09,B14,2025-08-06
2588,2601-B474,120,2026-01-09,2029-01-09,D11,2026-05-05
2589,2405-N560,175,2024-05-09,2027-01-09,C17,2024-11-16
2589,2412-D028,116,2024-12-09,2028-02-09,C14,2026-06-10
2590,2312-W085,167,2023-12-09,2027-01-09,D20,2025-11-23
2590,2411-G187,133,2024-11-09,2027-09-09,D9,2025-12-07
2591,2410-A123,145,2024-10-09,2027-06-09,C14,2025-10-04
2591,2507-P255,14,2025-07-09,2028-12-09,D19,2025-11-03
2592,2410-Y762,12,2024-10-09,2027-07-09,D11,2025-04-30
2592,2505-C365,79,2025-05-09,2028-04-09,Rayon8,2025-12-09
2592,2603-A607,176,2026-03-09,2028-11-09,Rayon4,2026-06-21
2593,2404-F252,160,2024-04-09,2026-07-09,B19,2024-07-04
2593,2504-Y791,124,2025-04-09,2028-06-09,Rayon1,2025-08-22
2594,2409-X773,21,2024-09-09,2028-02-09,A8,2024-09-11
2594,2505-C817,59,2025-05-09,2028-09-09,A4,2025-11-04
2595,2402-G765,13,2024-02-09,2026-05-09,A7,2024-06-05
2595,2502-V767,70,2025-02-09,2028-05-09,B8,2025-09-08
2596,2408-X429,160,2024-08-09,2027-07-09,A18,2024-11-04
2596,2501-Z631,142,2025-01-09,2027-12-09,Rayon1,2026-07-06
2597,2310-A929,14,2023-10-09,2026-08-09,D10,2023-12-09
2597,2410-A915,11,2024-10-09,2028-03-09,A6,2025-11-16
2598,2412-B691,150,2024-12-09,2028-02-09,C7,2026-01-17
2598,2505-D448,181,2025-05-09,2028-08-09,A9,2026-02-15
2598,2511-C116,169,2025-11-09,2029-05-09,C15,2025-12-16
2599,2409-G391,20,2024-09-09,2027-04-09,C19,2025-01-31
2599,2508-G549,144,2025-08-09,2028-07-09,Rayon7,2025-10-17
2599,2606-L684,193,2026-06-09,2029-06-09,B11,2026-06-28
2600,2407-M525,136,2024-07-09,2027-05-09,B1,2025-07-09
2600,2501-X446,51,2025-01-09,2027-12-09,A17,2026-07-04
2600,2507-R069,156,2025-07-09,2028-06-09,C6,2025-11-18
2601,2404-H481,87,2024-04-09,2027-01-09,B2,2025-02-02
2601,2503-H595,75,2025-03-09,2027-07-09,B2,2025-12-13
2601,2508-Y177,164,2025-08-09,2028-03-09,Rayon7,2026-03-28
2602,2409-J794,15,2024-09-09,2027-04-09,Rayon5,2026-01-15
2602,2502-T252,34,2025-02-09,2028-04-09,C4,2025-07-31
2602,2512-E380,102,2025-12-09,2028-12-09,A9,2026-04-02
2603,2402-H792,21,2024-02-09,2026-07-09,A6,2025-06-22
2603,2410-T629,194,2024-10-09,2026-10-09,A7,2025-07-17
2603,2504-T472,156,2025-04-09,2027-12-09,B11,2025-05-06
2604,2407-Z631,108,2024-07-09,2026-07-09,D11,2026-06-30
2604,2501-V722,67,2025-01-09,2028-02-09,A17,2026-03-09
2605,2501-R675,12,2025-01-09,2027-08-09,A13,2025-03-29
2605,2505-T157,116,2025-05-09,2028-07-09,C18,2026-04-26
2606,2405-V805,45,2024-05-09,2026-10-09,B10,2025-02-17
2606,2410-F633,101,2024-10-09,2027-08-09,A12,2025-08-27
2607,2311-H992,174,2023-11-09,2026-08-09,D16,2024-03-01
2607,2403-L171,108,2024-03-09,2026-10-09,Rayon6,2026-03-17
2607,2407-Y324,67,2024-07-09,2027-03-09,C13,2024-10-03
2608,2408-L297,59,2024-08-09,2027-01-09,Rayon4,2026-03-19
2608,2506-M956,23,2025-06-09,2028-05-09,D10,2025-10-23
2608,2601-J542,143,2026-01-09,2028-12-09,Rayon9,2026-01-16
2609,2407-K613,36,2024-07-09,2027-02-09,B7,2025-03-31
2609,2411-B292,46,2024-11-09,2028-01-09,A17,2025-06-29
2610,2404-Z927,39,2024-04-09,2026-11-09,C6,2025-09-03
2610,2408-V949,165,2024-08-09,2028-02-09,B6,2025-08-08
2610,2506-A354,12,2025-06-09,2028-05-09,Rayon7,2026-01-29
2611,2412-X888,91,2024-12-09,2027-06-09,Rayon4,2025-01-29
2611,2506-D820,36,2025-06-09,2028-08-09,B14,2026-06-03
2611,2510-G920,82,2025-10-09,2028-11-09,D9,2026-01-19
2612,2311-E044,118,2023-11-09,2027-02-09,C20,2026-01-24
2612,2403-D250,27,2024-03-09,2027-08-09,D17,2026-04-14
2613,2401-P575,139,2024-01-09,2027-06-09,Rayon2,2024-10-08
2613,2408-Z562,134,2024-08-09,2027-10-09,B14,2025-07-26
2614,2406-N150,156,2024-06-09,2027-09-09,A7,2024-11-17
2614,2502-A450,151,2025-02-09,2028-05-09,A18,2026-02-17
2615,2309-F870,167,2023-09-09,2025-11-09,A18,2026-04-28
2615,2408-E036,135,2024-08-09,2027-09-09,Rayon5,2025-12-24
2615,2507-J173,115,2025-07-09,2028-11-09,C5,2026-06-20
2616,2401-X823,191,2024-01-09,2026-11-09,C9,2025-07-11
2616,2411-Z921,178,2024-11-09,2027-09-09,C6,2025-10-09
2617,2312-F443,113,2023-12-09,2026-05-09,B8,2024-09-12
2617,2405-B119,177,2024-05-09,2027-07-09,C8,2026-04-26
2617,2409-E276,32,2024-09-09,2027-11-09,B14,2025-07-12
2618,2408-N213,31,2024-08-09,2028-02-09,D6,2024-12-20
2618,2501-Z665,109,2025-01-09,2028-06-09,A6,2025-10-23
2619,2402-A945,50,2024-02-09,2027-08-09,A20,2025-01-01
2619,2412-L172,180,2024-12-09,2028-01-09,A5,2026-01-30
2619,2504-Y521,136,2025-04-09,2028-09-09,B6,2025-09-14
2620,2407-L026,115,2024-07-09,2027-08-09,A11,2025-10-31
2620,2505-L894,82,2025-05-09,2028-01-09,D7,2026-06-29
2620,2601-K412,98,2026-01-09,2028-04-09,Rayon1,2026-05-29
2621,2401-A495,28,2024-01-09,2026-03-09,B12,2025-11-29
2621,2501-W587,175,2025-01-09,2027-07-09,B19,2026-05-02
2621,2511-E830,95,2025-11-09,2027-11-09,A9,2026-03-15
2622,2401-R864,135,2024-01-09,2026-09-09,B17,2025-06-29
2622,2405-D220,190,2024-05-09,2027-07-09,D13,2024-09-15
2623,2403-G216,59,2024-03-09,2027-03-09,Rayon6,2025-05-01
2623,2408-E943,183,2024-08-09,2027-04-09,A12,2026-04-13
2624,2401-M437,192,2024-01-09,2027-04-09,A14,2025-10-21
2624,2412-V610,77,2024-12-09,2028-03-09,A12,2026-01-17
2625,2501-M641,31,2025-01-09,2027-01-09,A1,2025-05-07
2625,2512-T857,138,2025-12-09,2029-01-09,A10,2026-02-08
2625,2606-V912,136,2026-06-09,2029-09-09,Rayon5,2026-07-01
2626,2405-A607,114,2024-05-09,2027-08-09,B12,2024-12-07
2626,2410-A169,176,2024-10-09,2028-01-09,B19,2024-12-18
2627,2406-R203,161,2024-06-09,2026-12-09,B13,2025-02-08
2627,2506-B933,153,2025-06-09,2027-12-09,C19,2025-06-20
2628,2402-E139,56,2024-02-09,2026-11-09,A8,2024-03-12
2628,2409-E202,86,2024-09-09,2027-04-09,A20,2025-05-17
2629,2406-Y011,183,2024-06-09,2026-09-09,Rayon3,2025-12-18
2629,2503-W600,37,2025-03-09,2027-05-09,B15,2025-09-02
2629,2512-P482,144,2025-12-09,2028-07-09,A7,2026-03-08
2630,2310-H724,163,2023-10-09,2026-01-09,A15,2025-11-01
2630,2406-D569,49,2024-06-09,2026-10-09,B14,2024-10-23
2630,2502-A538,41,2025-02-09,2027-12-09,B2,2025-10-27
2631,2407-W811,144,2024-07-09,2027-08-09,C13,2026-03-07
2631,2503-D393,144,2025-03-09,2028-06-09,C2,2025-12-14
2632,2309-H473,68,2023-09-09,2026-08-09,Rayon1,2025-12-31
2632,2408-G810,173,2024-08-09,2027-05-09,C14,2025-04-15
2633,2404-Z381,97,2024-04-09,2027-07-09,D14,2026-02-19
2633,2502-J618,159,2025-02-09,2028-06-09,C2,2025-06-28
2633,2508-K676,39,2025-08-09,2028-07-09,C17,2026-05-05
2634,2501-E464,194,2025-01-09,2027-06-09,B18,2026-01-11
2634,2508-H294,81,2025-08-09,2028-07-09,B3,2025-08-27
2634,2512-M229,199,2025-12-09,2028-11-09,C3,2026-01-20
2635,2401-R710,29,2024-01-09,2027-05-09,D2,2024-06-02
2635,2406-R991,121,2024-06-09,2027-10-09,D10,2025-08-18
2636,2501-J422,134,2025-01-09,2028-06-09,C2,2025-03-30
2636,2509-L013,191,2025-09-09,2028-07-09,A3,2026-01-20
2636,2601-P137,91,2026-01-09,2028-09-09,C17,2026-07-01
2637,2310-Y565,171,2023-10-09,2026-01-09,C13,2024-03-14
2637,2402-P702,75,2024-02-09,2026-05-09,B8,2025-06-26
2638,2311-M162,98,2023-11-09,2026-04-09,Rayon3,2026-04-12
2638,2409-F098,174,2024-09-09,2027-04-09,Rayon1,2025-01-05
2638,2509-M341,200,2025-09-09,2029-02-09,D13,2026-06-01
2639,2310-C628,86,2023-10-09,2025-11-09,C1,2024-03-14
2639,2407-P304,189,2024-07-09,2027-02-09,C8,2025-11-01
2640,2311-V804,168,2023-11-09,2026-08-09,Rayon2,2025-05-11
2640,2408-Y109,127,2024-08-09,2027-11-09,C2,2025-03-17
2641,2501-R196,56,2025-01-09,2027-07-09,A1,2025-07-09
2641,2512-K783,18,2025-12-09,2028-01-09,B7,2026-02-15
2641,2606-B142,171,2026-06-09,2028-07-09,D1,2026-06-25
2642,2311-F481,109,2023-11-09,2027-05-09,A16,2026-03-08
2642,2409-N608,37,2024-09-09,2028-01-09,D7,2025-10-21
2642,2505-K076,140,2025-05-09,2028-06-09,C3,2025-05-21
2643,2407-G690,195,2024-07-09,2026-09-09,D7,2024-07-24
2643,2502-C044,154,2025-02-09,2027-04-09,Rayon6,2025-07-26
2644,2410-P823,90,2024-10-09,2027-09-09,D13,2025-10-13
2644,2505-G514,36,2025-05-09,2027-10-09,Rayon7,2025-06-10
2645,2309-K962,74,2023-09-09,2025-12-09,D19,2024-02-19
2645,2407-R549,48,2024-07-09,2027-10-09,C10,2024-08-15
2645,2411-X846,26,2024-11-09,2028-01-09,C5,2025-09-23
2646,2411-Z796,42,2024-11-09,2027-04-09,B12,2026-05-23
2646,2506-H756,115,2025-06-09,2028-04-09,D3,2026-05-13
2647,2311-A555,36,2023-11-09,2026-03-09,C6,2024-03-09
2647,2408-W497,117,2024-08-09,2026-10-09,D4,2025-03-08
2647,2501-M452,9,2025-01-09,2027-07-09,Rayon9,2025-03-17
2648,2310-D524,181,2023-10-09,2026-01-09,A4,2024-03-24
2648,2405-L436,84,2024-05-09,2026-07-09,C12,2026-05-27
2649,2411-K971,162,2024-11-09,2027-05-09,C7,2024-12-01
2649,2510-W250,154,2025-10-09,2029-03-09,A15,2025-11-15
2649,2606-A902,71,2026-06-09,2029-07-09,D7,2026-06-26
2650,2412-K725,189,2024-12-09,2028-06-09,B18,2025-02-24
2650,2509-P420,177,2025-09-09,2028-09-09,D18,2026-03-02
2650,2606-C937,50,2026-06-09,2029-12-09,D14,2026-07-02
2651,2401-P403,145,2024-01-09,2027-04-09,Rayon3,2025-08-03
2651,2407-F170,11,2024-07-09,2027-10-09,Rayon4,2026-02-07
2652,2312-W269,37,2023-12-09,2027-05-09,C13,2025-07-23
2652,2410-Z582,71,2024-10-09,2028-02-09,B2,2025-11-23
2652,2509-J868,14,2025-09-09,2028-07-09,C17,2026-06-12
2653,2312-H802,86,2023-12-09,2026-12-09,A20,2025-03-25
2653,2406-E241,186,2024-06-09,2027-12-09,C9,2025-11-07
2654,2407-N920,94,2024-07-09,2027-02-09,A15,2024-11-18
2654,2505-L641,187,2025-05-09,2028-11-09,C4,2025-06-01
2655,2403-P997,144,2024-03-09,2027-07-09,D5,2025-05-01
2655,2501-F410,180,2025-01-09,2027-09-09,Rayon9,2025-04-20
2656,2408-M269,107,2024-08-09,2027-05-09,Rayon7,2025-08-30
2656,2506-P554,28,2025-06-09,2028-05-09,B13,2026-04-01
2657,2408-Z240,103,2024-08-09,2027-05-09,A8,2025-07-11
2657,2506-C294,26,2025-06-09,2027-11-09,A10,2026-01-23
2658,2411-B107,38,2024-11-09,2027-06-09,D17,2025-06-30
2658,2510-L824,41,2025-10-09,2028-11-09,C6,2026-03-23
2658,2604-M898,33,2026-04-09,2029-01-09,C13,2026-05-11
2659,2410-P265,96,2024-10-09,2027-12-09,A12,2026-01-18
2659,2508-D212,16,2025-08-09,2028-06-09,Rayon4,2025-08-14
2660,2407-D140,20,2024-07-09,2026-10-09,C9,2024-11-07
2660,2502-Z069,113,2025-02-09,2027-10-09,D2,2025-04-10
2661,2310-G027,48,2023-10-09,2027-02-09,A3,2025-10-10
2661,2404-L465,17,2024-04-09,2027-06-09,C16,2024-10-27
2662,2406-B984,86,2024-06-09,2027-08-09,B20,2024-12-05
2662,2503-P192,37,2025-03-09,2027-11-09,Rayon9,2025-05-19
2663,2401-M529,191,2024-01-09,2026-02-09,B12,2024-06-10
2663,2411-K606,159,2024-11-09,2027-07-09,D15,2025-08-28
2663,2509-G122,105,2025-09-09,2027-10-09,Rayon6,2026-07-09
2664,2412-K871,174,2024-12-09,2028-06-09,A4,2025-01-28
2664,2506-L269,181,2025-06-09,2028-08-09,A14,2026-07-05
2665,2410-W931,15,2024-10-09,2028-04-09,Rayon4,2025-04-07
2665,2508-M185,44,2025-08-09,2028-06-09,Rayon1,2025-09-01
2666,2409-R632,154,2024-09-09,2028-03-09,C15,2024-09-16
2666,2502-F658,51,2025-02-09,2028-05-09,D16,2026-06-12
2666,2506-B585,37,2025-06-09,2028-09-09,C11,2025-09-22
2667,2311-J310,130,2023-11-09,2027-05-09,C1,2024-09-04
2667,2411-F856,48,2024-11-09,2027-08-09,B18,2026-06-12
2667,2505-H525,137,2025-05-09,2027-10-09,C3,2025-05-21
2668,2405-Y123,98,2024-05-09,2026-05-09,D12,2025-04-28
2668,2504-X736,182,2025-04-09,2027-09-09,Rayon6,2025-09-08
2668,2512-P511,51,2025-12-09,2028-02-09,Rayon7,2026-01-22
2669,2312-R605,64,2023-12-09,2026-08-09,C11,2024-06-30
2669,2410-N685,184,2024-10-09,2027-08-09,B9,2025-02-03
2669,2509-Z813,142,2025-09-09,2028-06-09,C19,2026-04-26
2670,2409-N312,126,2024-09-09,2026-12-09,D7,2026-02-12
2670,2507-T926,47,2025-07-09,2028-04-09,B20,2025-12-01
2670,2601-E313,89,2026-01-09,2028-09-09,A1,2026-06-11
2671,2412-Y938,8,2024-12-09,2028-02-09,D6,2025-06-15
2671,2504-A354,195,2025-04-09,2028-06-09,A2,2025-12-08
2671,2602-Y929,95,2026-02-09,2028-09-09,C7,2026-06-15
2672,2411-Z233,28,2024-11-09,2027-08-09,A15,2026-06-11
2672,2503-C310,51,2025-03-09,2028-09-09,Rayon3,2025-05-18
2673,2312-F984,16,2023-12-09,2026-04-09,A2,2024-01-30
2673,2410-D849,25,2024-10-09,2027-10-09,A10,2025-11-02
2674,2401-M629,36,2024-01-09,2027-03-09,Rayon4,2024-07-03
2674,2406-P835,21,2024-06-09,2027-09-09,A10,2024-06-12
2675,2405-F149,119,2024-05-09,2026-07-09,A7,2025-10-24
2675,2504-H475,22,2025-04-09,2027-11-09,A3,2026-04-04
2675,2602-A877,80,2026-02-09,2028-07-09,C16,2026-06-15
2676,2404-T164,49,2024-04-09,2026-12-09,Rayon4,2025-06-27
2676,2501-B092,127,2025-01-09,2028-02-09,B7,2025-06-07
2677,2401-B360,108,2024-01-09,2027-06-09,B8,2026-01-27
2677,2410-G285,80,2024-10-09,2027-09-09,D17,2025-10-07
2678,2411-M161,126,2024-11-09,2027-11-09,A4,2025-08-27
2678,2507-A430,184,2025-07-09,2028-04-09,Rayon2,2025-10-17
2678,2604-E934,34,2026-04-09,2029-03-09,A6,2026-04-24
2679,2309-Y590,64,2023-09-09,2026-04-09,C9,2023-12-24
2679,2407-K276,132,2024-07-09,2027-03-09,C2,2025-03-29
2679,2505-L827,90,2025-05-09,2028-06-09,B13,2025-10-15
2680,2401-K194,176,2024-01-09,2026-03-09,A13,2024-04-11
2680,2410-Y710,37,2024-10-09,2027-06-09,B1,2026-02-09
2681,2501-K889,124,2025-01-09,2027-08-09,Rayon3,2025-03-16
2681,2505-E979,56,2025-05-09,2027-11-09,A19,2026-02-26
2681,2605-W318,177,2026-05-09,2028-12-09,D7,2026-06-07
2682,2403-H884,96,2024-03-09,2027-01-09,A20,2026-06-07
2682,2411-H977,81,2024-11-09,2027-10-09,B6,2025-06-30
2683,2309-K276,192,2023-09-09,2025-10-09,B14,2026-06-13
2683,2401-V184,84,2024-01-09,2026-09-09,C4,2024-09-24
2683,2410-P171,135,2024-10-09,2027-10-09,C20,2025-11-23
2684,2311-K710,97,2023-11-09,2025-12-09,Rayon1,2025-12-08
2684,2404-Z189,17,2024-04-09,2027-09-09,C15,2024-11-28
2684,2411-J267,133,2024-11-09,2027-10-09,Rayon7,2026-03-10
2685,2309-E053,93,2023-09-09,2025-10-09,A13,2023-12-17
2685,2401-H768,74,2024-01-09,2027-07-09,A20,2025-03-01
2685,2408-K572,138,2024-08-09,2027-10-09,C15,2024-10-23
2686,2402-T456,115,2024-02-09,2026-11-09,B11,2025-12-11
2686,2501-J418,4,2025-01-09,2028-06-09,C8,2026-02-06
2687,2310-E795,138,2023-10-09,2026-02-09,D19,2023-11-13
2687,2410-N793,69,2024-10-09,2027-01-09,A12,2025-07-14
2687,2509-J652,169,2025-09-09,2028-12-09,C5,2025-09-23
2688,2407-V243,22,2024-07-09,2026-12-09,D16,2025-03-14
2688,2505-Z930,50,2025-05-09,2028-02-09,D17,2025-09-03
2689,2411-H349,85,2024-11-09,2028-02-09,Rayon9,2025-12-15
2689,2506-X822,147,2025-06-09,2028-11-09,A17,2025-12-27
2690,2404-W080,29,2024-04-09,2026-10-09,B8,2024-06-05
2690,2412-X631,5,2024-12-09,2028-01-09,A17,2025-08-08
2691,2312-X014,64,2023-12-09,2027-01-09,A18,2024-10-03
2691,2409-T920,170,2024-09-09,2027-06-09,Rayon6,2026-03-18
2691,2502-J151,135,2025-02-09,2028-03-09,C10,2025-12-30
2692,2401-M487,16,2024-01-09,2026-01-09,Rayon2,2024-03-09
2692,2409-J266,164,2024-09-09,2027-12-09,D20,2025-08-02
2692,2506-L042,131,2025-06-09,2028-05-09,C12,2025-08-19
2693,2411-E388,140,2024-11-09,2027-02-09,Rayon5,2025-03-22
2693,2503-W471,98,2025-03-09,2027-03-09,D19,2026-07-02
2693,2603-T045,125,2026-03-09,2029-07-09,A9,2026-06-16
2694,2312-R902,145,2023-12-09,2026-06-09,D18,2024-06-05
2694,2405-M843,13,2024-05-09,2026-08-09,Rayon4,2024-07-19
2695,2402-C116,87,2024-02-09,2026-11-09,B17,2024-08-27
2695,2408-A477,30,2024-08-09,2027-06-09,B10,2026-04-06
2695,2503-P962,133,2025-03-09,2028-01-09,D11,2026-06-29
2696,2312-V292,145,2023-12-09,2026-11-09,C5,2026-04-16
2696,2408-X279,128,2024-08-09,2027-02-09,A16,2025-04-20
2696,2507-X140,6,2025-07-09,2028-10-09,B13,2025-07-23
2697,2402-V517,148,2024-02-09,2027-04-09,B15,2024-03-14
2697,2412-D026,53,2024-12-09,2027-10-09,Rayon5,2025-05-05
2698,2401-K815,15,2024-01-09,2026-07-09,B17,2025-07-03
2698,2408-C570,18,2024-08-09,2026-11-09,C17,2024-10-16
2698,2505-X584,194,2025-05-09,2027-08-09,C12,2026-06-11
2699,2501-Z238,175,2025-01-09,2028-06-09,D3,2026-01-01
2699,2506-L728,90,2025-06-09,2028-10-09,A12,2026-03-31
2700,2409-J453,139,2024-09-09,2027-03-09,Rayon1,2025-06-20
2700,2507-P479,24,2025-07-09,2028-04-09,D2,2025-08-11
2700,2511-G996,25,2025-11-09,2028-11-09,A2,2025-12-24
2701,2311-L189,7,2023-11-09,2026-08-09,Rayon8,2024-05-18
2701,2403-J012,112,2024-03-09,2027-02-09,D3,2025-01-05
2702,2309-Y756,156,2023-09-09,2025-10-09,C9,2024-02-23
2702,2405-N867,4,2024-05-09,2027-06-09,Rayon7,2025-03-14
2703,2412-K624,43,2024-12-09,2027-10-09,A15,2025-09-04
2703,2506-G173,194,2025-06-09,2027-11-09,B10,2026-05-04
2704,2401-W406,177,2024-01-09,2026-04-09,Rayon3,2024-08-09
2704,2409-Z058,190,2024-09-09,2027-12-09,Rayon5,2025-12-25
2704,2509-Z021,124,2025-09-09,2028-03-09,B18,2025-10-31
2705,2407-J675,36,2024-07-09,2027-09-09,B3,2024-12-09
2705,2502-R257,131,2025-02-09,2028-04-09,C11,2025-09-26
2706,2412-L850,20,2024-12-09,2027-10-09,Rayon2,2025-06-12
2706,2512-P474,82,2025-12-09,2028-10-09,A15,2026-06-13
2707,2310-T833,124,2023-10-09,2026-02-09,A7,2026-05-13
2707,2402-D376,80,2024-02-09,2027-01-09,C20,2024-03-26
2708,2406-G773,141,2024-06-09,2027-09-09,D5,2024-06-18
2708,2504-N238,60,2025-04-09,2028-07-09,D4,2025-08-23
2708,2509-Z147,28,2025-09-09,2028-12-09,Rayon9,2025-11-29
